MAPPING_ENTITY,DSN,DOMAIN_NAME,INTERFACE_NAME,SOURCE_TABLE_NAME,SOURCE_COLUMN_NAME,COMREFTRAN,BUSINESS_UNIT
CONSIGNEE,ACL,LOGISTICS,Logistics,TA_ACL_SHIPMENT,SNOWFLAKE_CREATEDDTM,COMREF,SCBI
CONSIGNEE,ACL,LOGISTICS,Logistics,TA_ACL_SHIPMENT,"CONSIGNEE_NAME,LV1.LOOKUP_VALUE,LV2.LOOKUP_VALUE,CONSIGNEE_ZIPCODE",COMREF,SCBI
CONSIGNEE,ACL,LOGISTICS,Logistics,TA_ACL_SHIPMENT,POD,COMREF,SCBI
CONSIGNEE,ACL,LOGISTICS,Logistics,TA_CONSIGNEE_XREF,CONSIGNEE_ADJ,COMREF,SCBI
CONSIGNEE,ACL,LOGISTICS,Logistics,TA_CONSIGNEE_XREF,CORRECT_CONSIGNEE_COUNTRY,COMREF,SCBI
CONSIGNEE,ACL,LOGISTICS,Logistics,TA_ACL_SHIPMENT,SNOWFLAKE_MODIFIEDDTM,COMREF,SCBI
CONSIGNEE,ACL,LOGISTICS,Logistics,TA_ACL_SHIPMENT,CONSIGNEE_NAME,COMREF,SCBI
CONSIGNEE,ACL,LOGISTICS,Logistics,TA_ACL_SHIPMENT,DSN,COMREF,SCBI
CONSIGNEE,ACL,LOGISTICS,Logistics,LOOKUP_VALUES,LOOKUP_VALUE,COMREF,SCBI
CONSIGNEE,ACL,LOGISTICS,Logistics,TA_ACL_SHIPMENT,,COMREF,SCBI
CONSIGNEE,ACL,LOGISTICS,Logistics,TA_CONSIGNEE_XREF,CORRECT_CONSIGNEE_CITY,COMREF,SCBI
CONSIGNEE,ACL,LOGISTICS,Logistics,TA_ACL_SHIPMENT,DESTINATION,COMREF,SCBI
PORT_LOCATION,ACL,LOGISTICS,Logistics,TA_PORT_CITIES_XREF,PORT_CODE,COMREF,SCBI
PORT_LOCATION,ACL,LOGISTICS,Logistics,TA_ACL_SHIPMENT,POD,COMREF,SCBI
PORT_LOCATION,ACL,LOGISTICS,Logistics,TA_ACL_SHIPMENT,SNOWFLAKE_MODIFIEDDTM,COMREF,SCBI
PORT_LOCATION,ACL,LOGISTICS,Logistics,TA_ACL_SHIPMENT,POL,COMREF,SCBI
PORT_LOCATION,ACL,LOGISTICS,Logistics,TA_ACL_SHIPMENT,DSN,COMREF,SCBI
PORT_LOCATION,ACL,LOGISTICS,Logistics,TA_PORT_CITIES_XREF,PORT_CITY,COMREF,SCBI
PORT_LOCATION,ACL,LOGISTICS,Logistics,TA_ACL_SHIPMENT,SNOWFLAKE_CREATEDDTM,COMREF,SCBI
PORT_LOCATION,ACL,LOGISTICS,Logistics,TA_PORT_CITIES_XREF,PORT_COUNTRY,COMREF,SCBI
PORT_LOCATION,ACL,LOGISTICS,Logistics,TA_ACL_SHIPMENT,"POL ,POD",COMREF,SCBI
PORT_LOCATION,ACL,LOGISTICS,Logistics,TA_ACL_SHIPMENT,"POL , POD",COMREF,SCBI
PORT_LOCATION,ACL,LOGISTICS,Logistics,TA_ACL_SHIPMENT,,COMREF,SCBI
SHIPPER,ACL,LOGISTICS,Logistics,TA_ACL_SHIPMENT,SNOWFLAKE_CREATEDDTM,COMREF,SCBI
SHIPPER,ACL,LOGISTICS,Logistics,TA_SHIPPER_XREF,CORRECT_SHIPPER_CITY,COMREF,SCBI
SHIPPER,ACL,LOGISTICS,Logistics,TA_ACL_SHIPMENT,ORIGIN,COMREF,SCBI
SHIPPER,ACL,LOGISTICS,Logistics,TA_ACL_SHIPMENT,SHIPPER_ZIPCODE,COMREF,SCBI
SHIPPER,ACL,LOGISTICS,Logistics,TA_ACL_SHIPMENT,DSN,COMREF,SCBI
SHIPPER,ACL,LOGISTICS,Logistics,TA_SHIPPER_XREF,CORRECT_SHIPPER_COUNTRY,COMREF,SCBI
SHIPPER,ACL,LOGISTICS,Logistics,TA_ACL_SHIPMENT,POL,COMREF,SCBI
SHIPPER,ACL,LOGISTICS,Logistics,LOOKUP_VALUES,LOOKUP_VALUE,COMREF,SCBI
SHIPPER,ACL,LOGISTICS,Logistics,TA_ACL_SHIPMENT,,COMREF,SCBI
SHIPPER,ACL,LOGISTICS,Logistics,TA_ACL_SHIPMENT,SHIPPER_NAME,COMREF,SCBI
SHIPPER,ACL,LOGISTICS,Logistics,TA_SHIPPER_XREF,CORRECT_SHIPPER_ADDRESS,COMREF,SCBI
SHIPPER,ACL,LOGISTICS,Logistics,TA_SHIPPER_XREF,SHIPPER_NAME_ADJ,COMREF,SCBI
SHIPPER,ACL,LOGISTICS,Logistics,TA_ACL_SHIPMENT,SNOWFLAKE_MODIFIEDDTM,COMREF,SCBI
SHIPPER,ACL,LOGISTICS,Logistics,TA_SHIPPER_XREF,CORRECT_SHIPPER_ZIP,COMREF,SCBI
LOCATION,APOLLO,LOCATION,Location,GER_REVENDA,NOME_FANTASIA,COMREF,AAI
LOCATION,APOLLO,LOCATION,Location,GER_REVENDA,HDISDELETEDRECORD,COMREF,AAI
LOCATION,APOLLO,LOCATION,Location,,,COMREF,AAI
LOCATION,APOLLO,LOCATION,Location,GER_REVENDA,REVENDA,COMREF,AAI
LOCATION,APOLLO,LOCATION,Location,GER_REVENDA,DL_HDP_MODIFIEDDTM,COMREF,AAI
LOCATION,APOLLO,LOCATION,Location,GER_REVENDA,DL_HDP_CREATEDDTM,COMREF,AAI
PRODUCT,APOLLO,PRODUCT,Product,PEC_ITEM_ESTOQUE,UTILIZACAO_ITEM,COMREF,AAI
PRODUCT,APOLLO,PRODUCT,Product,,,COMREF,AAI
PRODUCT,APOLLO,PRODUCT,Product,PEC_ITEM_ESTOQUE,HDISDELETEDRECORD,COMREF,AAI
PRODUCT,APOLLO,PRODUCT,Product,PEC_ITEM_ESTOQUE,ITEM_ESTOQUE_PUB,COMREF,AAI
PRODUCT,APOLLO,PRODUCT,Product,PEC_ITEM_ESTOQUE,DL_HDP_MODIFIEDDTM,COMREF,AAI
PRODUCT,APOLLO,PRODUCT,Product,PEC_ITEM_ESTOQUE,UNIDADE_MEDIDA,COMREF,AAI
PRODUCT,APOLLO,PRODUCT,Product,PEC_ITEM_ESTOQUE,PRECO_ALTERNATIVO,COMREF,AAI
PRODUCT,APOLLO,PRODUCT,Product,PEC_ITEM_ESTOQUE,DES_ITEM_ESTOQUE,COMREF,AAI
PRODUCT,APOLLO,PRODUCT,Product,PEC_ITEM_ESTOQUE,DTA_DO_CADASTRO,COMREF,AAI
PRODUCT,APOLLO,PRODUCT,Product,PEC_ITEM_ESTOQUE,DL_HDP_CREATEDDTM,COMREF,AAI
SUPPLIER,APOLLO,SUPPLIER,SUPPLIER,FAT_CLIENTE,DL_HDP_MODIFIEDDTM,COMREF,AAI
SUPPLIER,APOLLO,SUPPLIER,SUPPLIER,,,COMREF,AAI
SUPPLIER,APOLLO,SUPPLIER,SUPPLIER,FAT_CLIENTE,HDISDELETEDRECORD,COMREF,AAI
SUPPLIER,APOLLO,SUPPLIER,SUPPLIER,FAT_CLIENTE,DL_HDP_CREATEDDTM,COMREF,AAI
SUPPLIER,APOLLO,SUPPLIER,SUPPLIER,FAT_CLIENTE,CLIENTE,COMREF,AAI
SUPPLIER,APOLLO,SUPPLIER,SUPPLIER,FAT_CLIENTE,NOME,COMREF,AAI
SPEND_CATEGORY,ARIBA,PROCUREMENT,Procurement,FLT_Indirect_Supplier_Category_Mapping,"""Category 4""",COMREF,AAI
SPEND_CATEGORY,ARIBA,PROCUREMENT,Procurement,FLT_Indirect_Supplier_Category_Mapping,SNOWFLAKE_MODIFIEDDTM,COMREF,AAI
SPEND_CATEGORY,ARIBA,PROCUREMENT,Procurement,FLT_Indirect_Supplier_Category_Mapping,"""Category 3""",COMREF,AAI
SPEND_CATEGORY,ARIBA,PROCUREMENT,Procurement,FLT_Indirect_Supplier_Category_Mapping,SNOWFLAKE_CREATEDDTM,COMREF,AAI
SPEND_CATEGORY,ARIBA,PROCUREMENT,Procurement,FLT_Indirect_Supplier_Category_Mapping,DSN,COMREF,AAI
SPEND_CATEGORY,ARIBA,PROCUREMENT,Procurement,FLT_Indirect_Supplier_Category_Mapping,,COMREF,AAI
SPEND_CATEGORY,ARIBA,PROCUREMENT,Procurement,FLT_Indirect_Supplier_Category_Mapping,"""Supplier Number""",COMREF,AAI
SPEND_CATEGORY,ARIBA,PROCUREMENT,Procurement,FLT_Indirect_Supplier_Category_Mapping,"""Category 2""",COMREF,AAI
SPEND_CATEGORY,ARIBA,PROCUREMENT,Procurement,FLT_Indirect_Supplier_Category_Mapping,"""Category 1""",COMREF,AAI
SPEND_CATEGORY,ARIBA,PROCUREMENT,Procurement,," ",COMREF,AAI
SPEND_CATEGORY,ARIBA,PROCUREMENT,Procurement,,,COMREF,AAI
CALENDER_DATE,ASCP,ALL,,FND_USER,USER_NAME,COMREF,AAI
CALENDER_DATE,ASCP,ALL,,MSC_CALENDAR_DATES,,COMREF,AAI
CALENDER_DATE,ASCP,ALL,,MSC_CALENDAR_DATES,CALENDAR_CODE,COMREF,AAI
CALENDER_DATE,ASCP,ALL,,MSC_CALENDAR_DATES,SEQ_NUM,COMREF,AAI
CALENDER_DATE,ASCP,ALL,,MSC_CALENDAR_DATES,CREATION_DATE,COMREF,AAI
CALENDER_DATE,ASCP,ALL,,MSC_CALENDAR_DATES,DESCRIPTION,COMREF,AAI
CALENDER_DATE,ASCP,ALL,,MSC_CALENDAR_DATES,NEXT_DATE,COMREF,AAI
CALENDER_DATE,ASCP,ALL,,MSC_CALENDAR_DATES,CALENDAR_START_DATE,COMREF,AAI
CALENDER_DATE,ASCP,ALL,,MSC_CALENDAR_DATES,"SR_INSTANCE_ID,CALENDAR_DATE,CALENDAR_CODE,EXCEPTION_SET_ID",COMREF,AAI
CALENDER_DATE,ASCP,ALL,,MSC_CALENDAR_DATES,SR_INSTANCE_ID,COMREF,AAI
CALENDER_DATE,ASCP,ALL,,MSC_CALENDAR_DATES,PRIOR_DATE,COMREF,AAI
CALENDER_DATE,ASCP,ALL,,MSC_CALENDAR_DATES,DELETED_FLAG,COMREF,AAI
CALENDER_DATE,ASCP,ALL,,MSC_CALENDAR_DATES,NEXT_SEQ_NUM,COMREF,AAI
CALENDER_DATE,ASCP,ALL,,MSC_CALENDAR_DATES,CALENDAR_DATE,COMREF,AAI
CALENDER_DATE,ASCP,ALL,,MSC_CALENDAR_DATES,CALENDAR_END_DATE,COMREF,AAI
CALENDER_DATE,ASCP,ALL,,MSC_CALENDAR_DATES,PRIOR_SEQ_NUM,COMREF,AAI
CALENDER_DATE,ASCP,ALL,,MSC_CALENDAR_DATES,EXCEPTION_SET_ID,COMREF,AAI
CALENDER_DATE,ASCP,ALL,,MSC_CALENDAR_DATES,LAST_UPDATE_DATE,COMREF,AAI
CALENDER_WEEK,ASCP,ALL,,MSC_CAL_WEEK_START_DATES,SEQ_NUM,COMREF,SCBI
CALENDER_WEEK,ASCP,ALL,,MSC_CAL_WEEK_START_DATES,WEEK_START_DATE,COMREF,SCBI
CALENDER_WEEK,ASCP,ALL,,FND_USER,USER_NAME,COMREF,SCBI
CALENDER_WEEK,ASCP,ALL,,MSC_CAL_WEEK_START_DATES,EXCEPTION_SET_ID,COMREF,SCBI
CALENDER_WEEK,ASCP,ALL,,MSC_CAL_WEEK_START_DATES,CALENDAR_CODE,COMREF,SCBI
CALENDER_WEEK,ASCP,ALL,,MSC_CAL_WEEK_START_DATES,"CALENDAR_CODE
SR_INSTANCE_ID
EXCEPTION_SET_ID
WEEK_START_DATE",COMREF,SCBI
CALENDER_WEEK,ASCP,ALL,,MSC_CAL_WEEK_START_DATES,SR_INSTANCE_ID,COMREF,SCBI
CALENDER_WEEK,ASCP,ALL,,MSC_CAL_WEEK_START_DATES,CREATION_DATE,COMREF,SCBI
CALENDER_WEEK,ASCP,ALL,,MSC_CAL_WEEK_START_DATES,PRIOR_DATE,COMREF,SCBI
CALENDER_WEEK,ASCP,ALL,,MSC_CAL_WEEK_START_DATES,LAST_UPDATE_DATE,COMREF,SCBI
CALENDER_WEEK,ASCP,ALL,,,,COMREF,SCBI
CALENDER_WEEK,ASCP,ALL,,MSC_CAL_WEEK_START_DATES,HDISDELETEDRECORD,COMREF,SCBI
CALENDER_WEEK,ASCP,ALL,,MSC_CAL_WEEK_START_DATES,,COMREF,SCBI
CALENDER_WEEK,ASCP,ALL,,MSC_CAL_WEEK_START_DATES,NEXT_DATE,COMREF,SCBI
CUSTOMER,ASCP,CUSTOMER,Customer,msc_trading_partners,PARTNER_NAME,COMREF,AAI
CUSTOMER,ASCP,CUSTOMER,Customer,FND_USER,USER_NAME,COMREF,AAI
CUSTOMER,ASCP,CUSTOMER,Customer,msc_trading_partners,sr_tp_id,COMREF,AAI
CUSTOMER,ASCP,CUSTOMER,Customer,MSC_TRADING_PARTNERS,CREATION_DATE,COMREF,AAI
CUSTOMER,ASCP,CUSTOMER,Customer,msc_trading_partners,DSN,COMREF,AAI
CUSTOMER,ASCP,CUSTOMER,Customer,msc_trading_partners,ORGANIZATION_CODE,COMREF,AAI
CUSTOMER,ASCP,CUSTOMER,Customer,msc_trading_partners,"PARTNER_ID, SR_INSTANCE_ID",COMREF,AAI
CUSTOMER,ASCP,CUSTOMER,Customer,msc_trading_partners,PARTNER_ID,COMREF,AAI
CUSTOMER,ASCP,CUSTOMER,Customer,msc_trading_partners,"SR_INSTANCE_ID, ORGANIZATION_CODE",COMREF,AAI
CUSTOMER,ASCP,CUSTOMER,Customer,msc_trading_partners,PARTER_NUMBER,COMREF,AAI
CUSTOMER,ASCP,CUSTOMER,Customer,msc_trading_partners,,COMREF,AAI
CUSTOMER,ASCP,CUSTOMER,Customer,msc_trading_partners,SR_INSTANCE_ID,COMREF,AAI
CUSTOMER,ASCP,CUSTOMER,Customer,,,COMREF,AAI
CUSTOMER,ASCP,CUSTOMER,Customer,msc_trading_partners,LAST_UPDATE_DATE,COMREF,AAI
CUSTOMER,ASCP,CUSTOMER,Customer,msc_trading_partners,CUSTOMER_TYPE,COMREF,AAI
CUSTOMER,ASCP,CUSTOMER,Customer,msc_trading_partners,STATUS,COMREF,AAI
CUSTOMER,ASCP,CUSTOMER,Customer,msc_trading_partners,HDISDELETEDRECORD,COMREF,AAI
CUSTOMER_BILL_TO_LOCATION,ASCP,CUSTOMER,Customer,MSC_TRADING_PARTNER_SITES,SHIPPING_CONTROL,COMREF,AAI
CUSTOMER_BILL_TO_LOCATION,ASCP,CUSTOMER,Customer,MSC_TRADING_PARTNER_SITES,CREATION_DATE,COMREF,AAI
CUSTOMER_BILL_TO_LOCATION,ASCP,CUSTOMER,Customer,MSC_TRADING_PARTNER_SITES,PARTNER_TYPE,COMREF,AAI
CUSTOMER_BILL_TO_LOCATION,ASCP,CUSTOMER,Customer,MSC_TRADING_PARTNER_SITES,SR_INSTANCE_ID,COMREF,AAI
CUSTOMER_BILL_TO_LOCATION,ASCP,CUSTOMER,Customer,MSC_TRADING_PARTNER_SITES,,COMREF,AAI
CUSTOMER_BILL_TO_LOCATION,ASCP,CUSTOMER,Customer,MSC_TRADING_PARTNER_SITES,POSTAL_CODE,COMREF,AAI
CUSTOMER_BILL_TO_LOCATION,ASCP,CUSTOMER,Customer,MSC_TRADING_PARTNER_SITES,PARTNER_ID,COMREF,AAI
CUSTOMER_BILL_TO_LOCATION,ASCP,CUSTOMER,Customer,MSC_TRADING_PARTNER_SITES,PARTNER_ADDRESS,COMREF,AAI
CUSTOMER_BILL_TO_LOCATION,ASCP,CUSTOMER,Customer,,,COMREF,AAI
CUSTOMER_BILL_TO_LOCATION,ASCP,CUSTOMER,Customer,MSC_TRADING_PARTNER_SITES,STATE,COMREF,AAI
CUSTOMER_BILL_TO_LOCATION,ASCP,CUSTOMER,Customer,MSC_TRADING_PARTNER_SITES,DSN,COMREF,AAI
CUSTOMER_BILL_TO_LOCATION,ASCP,CUSTOMER,Customer,MSC_TRADING_PARTNER_SITES,HDISDELETEDRECORD,COMREF,AAI
CUSTOMER_BILL_TO_LOCATION,ASCP,CUSTOMER,Customer,MSC_TRADING_PARTNER_SITES,LAST_UPDATE_DATE,COMREF,AAI
CUSTOMER_BILL_TO_LOCATION,ASCP,CUSTOMER,Customer,FND_USER,USER_NAME,COMREF,AAI
CUSTOMER_BILL_TO_LOCATION,ASCP,CUSTOMER,Customer,MSC_TRADING_PARTNER_SITES,SR_TP_SITE_ID,COMREF,AAI
CUSTOMER_BILL_TO_LOCATION,ASCP,CUSTOMER,Customer,MSC_TRADING_PARTNER_SITES,COUNTRY,COMREF,AAI
CUSTOMER_BILL_TO_LOCATION,ASCP,CUSTOMER,Customer,MSC_TRADING_PARTNER_SITES,LOCATION,COMREF,AAI
CUSTOMER_BILL_TO_LOCATION,ASCP,CUSTOMER,Customer,MSC_TRADING_PARTNER_SITES,PARTNER_SITE_ID,COMREF,AAI
CUSTOMER_BILL_TO_LOCATION,ASCP,CUSTOMER,Customer,MSC_TRADING_PARTNER_SITES,CITY,COMREF,AAI
CUSTOMER_SHIP_TO_LOCATION,ASCP,CUSTOMER,Customer,MSC_TRADING_PARTNER_SITES,CREATION_DATE,COMREF,AAI
CUSTOMER_SHIP_TO_LOCATION,ASCP,CUSTOMER,Customer,MSC_TRADING_PARTNER_SITES,SHIPPING_CONTROL,COMREF,AAI
CUSTOMER_SHIP_TO_LOCATION,ASCP,CUSTOMER,Customer,MSC_TRADING_PARTNER_SITES,LOCATION,COMREF,AAI
CUSTOMER_SHIP_TO_LOCATION,ASCP,CUSTOMER,Customer,FND_USER,USER_NAME,COMREF,AAI
CUSTOMER_SHIP_TO_LOCATION,ASCP,CUSTOMER,Customer,MSC_TRADING_PARTNER_SITES,POSTAL_CODE,COMREF,AAI
CUSTOMER_SHIP_TO_LOCATION,ASCP,CUSTOMER,Customer,MSC_TRADING_PARTNER_SITES,,COMREF,AAI
CUSTOMER_SHIP_TO_LOCATION,ASCP,CUSTOMER,Customer,,,COMREF,AAI
CUSTOMER_SHIP_TO_LOCATION,ASCP,CUSTOMER,Customer,MSC_TRADING_PARTNER_SITES,PARTNER_SITE_ID,COMREF,AAI
CUSTOMER_SHIP_TO_LOCATION,ASCP,CUSTOMER,Customer,MSC_TRADING_PARTNER_SITES,STATE,COMREF,AAI
CUSTOMER_SHIP_TO_LOCATION,ASCP,CUSTOMER,Customer,MSC_TRADING_PARTNER_SITES,LAST_UPDATE_DATE,COMREF,AAI
CUSTOMER_SHIP_TO_LOCATION,ASCP,CUSTOMER,Customer,MSC_TRADING_PARTNER_SITES,PARTNER_ADDRESS,COMREF,AAI
CUSTOMER_SHIP_TO_LOCATION,ASCP,CUSTOMER,Customer,MSC_TRADING_PARTNER_SITES,DSN,COMREF,AAI
CUSTOMER_SHIP_TO_LOCATION,ASCP,CUSTOMER,Customer,MSC_TRADING_PARTNER_SITES,CITY,COMREF,AAI
CUSTOMER_SHIP_TO_LOCATION,ASCP,CUSTOMER,Customer,MSC_TRADING_PARTNER_SITES,HDISDELETEDRECORD,COMREF,AAI
CUSTOMER_SHIP_TO_LOCATION,ASCP,CUSTOMER,Customer,MSC_TRADING_PARTNER_SITES,SR_TP_SITE_ID,COMREF,AAI
CUSTOMER_SHIP_TO_LOCATION,ASCP,CUSTOMER,Customer,MSC_TRADING_PARTNER_SITES,COUNTRY,COMREF,AAI
CUSTOMER_SHIP_TO_LOCATION,ASCP,CUSTOMER,Customer,MSC_TRADING_PARTNER_SITES,SR_INSTANCE_ID,COMREF,AAI
ORGANIZATION,ASCP,LOCATION,Organization,XXC07755_ORGS_D_STG,,COMREF,AAI
ORGANIZATION,ASCP,LOCATION,Organization,XXC07755_ORGS_D_STG,ORGANIZATION_CODE,COMREF,AAI
ORGANIZATION,ASCP,LOCATION,Organization,MSC_PLAN_ORGANIZATIONS,SR_INSTANCE_ID,COMREF,AAI
ORGANIZATION,ASCP,LOCATION,Organization,MSC_PLAN_ORGANIZATIONS,ORGANIZATION_ID,COMREF,AAI
ORGANIZATION,ASCP,LOCATION,Organization,XXC07755_ORGS_D_STG,CALENDAR_CODE,COMREF,AAI
ORGANIZATION,ASCP,LOCATION,Organization,MSC_TRADING_PARTNERS,Partner_ID,COMREF,AAI
ORGANIZATION,ASCP,LOCATION,Organization,MSC_TRADING_PARTNERS,organization_code,COMREF,AAI
ORGANIZATION,ASCP,LOCATION,Organization,MSC_TRADING_PARTNERS,PARTNER_NAME,COMREF,AAI
ORGANIZATION,ASCP,LOCATION,Organization,MSC_TRADING_PARTNERS,LAST_UPDATE_DATE,COMREF,AAI
ORGANIZATION,ASCP,LOCATION,Organization,XXC07755_ORGS_D_STG,CREATION_DATE,COMREF,AAI
ORGANIZATION,ASCP,LOCATION,Organization,XXC07755_ORGS_D_STG,LAST_UPDATE_DATE,COMREF,AAI
ORGANIZATION,ASCP,LOCATION,Organization,MSC_PLAN_ORGANIZATIONS,PLAN_ID,COMREF,AAI
ORGANIZATION,ASCP,LOCATION,Organization,MSC_TRADING_PARTNERS,DISABLE_DATE,COMREF,AAI
ORGANIZATION,ASCP,LOCATION,Organization,MSC_TRADING_PARTNERS,HDISDELETEDRECORD,COMREF,AAI
ORGANIZATION,ASCP,LOCATION,Organization,MSC_TRADING_PARTNERS,PARTNER_NUMBER,COMREF,AAI
ORGANIZATION,ASCP,LOCATION,Organization,,,COMREF,AAI
ORGANIZATION,ASCP,LOCATION,Organization,MSC_PLAN_ORGANIZATIONS,CREATION_DATE,COMREF,AAI
ORGANIZATION,ASCP,LOCATION,Organization,,ORGANIZATION_CODE,COMREF,AAI
ORGANIZATION,ASCP,LOCATION,Organization,XXC07755_ORGS_D_STG,ORGANIZATION_ID,COMREF,AAI
ORGANIZATION,ASCP,LOCATION,Organization,MSC_TRADING_PARTNERS,CALENDAR_CODE,COMREF,AAI
ORGANIZATION,ASCP,LOCATION,Organization,MSC_TRADING_PARTNERS,CURRENCY_CODE,COMREF,AAI
ORGANIZATION,ASCP,LOCATION,Organization,MSC_PLAN_ORGANIZATIONS,,COMREF,AAI
ORGANIZATION,ASCP,LOCATION,Organization,MSC_PLAN_ORGANIZATIONS,DSN,COMREF,AAI
ORGANIZATION,ASCP,LOCATION,Organization,FND_USER,USER_NAME,COMREF,AAI
ORGANIZATION,ASCP,LOCATION,Organization,MSC_PLAN_ORGANIZATIONS,HDISDELETEDRECORD,COMREF,AAI
ORGANIZATION,ASCP,LOCATION,Organization,XXC07755_ORGS_D_STG,DSN,COMREF,AAI
ORGANIZATION,ASCP,LOCATION,Organization,XXC07755_ORGS_D_STG,SR_INSTANCE_ID,COMREF,AAI
ORGANIZATION,ASCP,LOCATION,Organization,MSC_TRADING_PARTNERS,DSN,COMREF,AAI
ORGANIZATION,ASCP,LOCATION,Organization,MSC_TRADING_PARTNERS,SR_TP_ID,COMREF,AAI
ORGANIZATION,ASCP,LOCATION,Organization,MSC_TRADING_PARTNERS,CREATION_DATE,COMREF,AAI
ORGANIZATION,ASCP,LOCATION,Organization,MSC_PLAN_ORGANIZATIONS,ORGANIZATION_CODE,COMREF,AAI
ORGANIZATION,ASCP,LOCATION,Organization,MSC_TRADING_PARTNERS,SR_INSTANCE_ID,COMREF,AAI
ORGANIZATION,ASCP,LOCATION,Organization,MSC_PLAN_ORGANIZATIONS,LAST_UPDATE_DATE,COMREF,AAI
ORGANIZATION,ASCP,LOCATION,Organization,XXC07755_ORGS_D_STG,HDISDELETEDRECORD,COMREF,AAI
PLAN,ASCP,,,MSC_PLANS,CURR_CUTOFF_DATE,COMREF,AAI
PLAN,ASCP,,,MSC_PLANS,CURR_START_DATE,COMREF,AAI
PLAN,ASCP,,,MSC_PLANS,CUTOFF_DATE,COMREF,AAI
PLAN,ASCP,,,MSC_PLANS,CURR_PLAN_TYPE,COMREF,AAI
PLAN,ASCP,,,MSC_PLANS,SR_INSTANCE_ID,COMREF,AAI
PLAN,ASCP,,,,,COMREF,AAI
PLAN,ASCP,,,MSC_PLANS,PLAN_ID,COMREF,AAI
PLAN,ASCP,,,MSC_PLANS,ARCHIVE_FLAG,COMREF,AAI
PLAN,ASCP,,,MSC_PLANS,PLAN_START_DATE,COMREF,AAI
PLAN,ASCP,,,MSC_PLANS,PLAN_COMPLETION_DATE,COMREF,AAI
PLAN,ASCP,,,MSC_PLANS,COPY_PLAN_ID,COMREF,AAI
PLAN,ASCP,,,MSC_PLANS,SCHEDULE_DESIGNATOR,COMREF,AAI
PLAN,ASCP,,,MSC_PLANS,CURR_SCHEDULE_TYPE,COMREF,AAI
PLAN,ASCP,,,MSC_PLANS,LAST_UPDATE_DATE,COMREF,AAI
PLAN,ASCP,,,MSC_PLANS,ORGANIZATION_ID,COMREF,AAI
PLAN,ASCP,,,MSC_PLANS,CREATION_DATE,COMREF,AAI
PLAN,ASCP,,,MSC_PLANS,CURR_SCHEDULE_DESIGNATOR,COMREF,AAI
PLAN,ASCP,,,MSC_PLANS,COPY_PLAN,COMREF,AAI
PLAN,ASCP,,,MSC_PLANS,HDISDELETEDRECORD,COMREF,AAI
PLAN,ASCP,,,FND_USER,USER_NAME,COMREF,AAI
PLAN,ASCP,,,MSC_PLANS,SCHEDULE_TYPE,COMREF,AAI
PLAN,ASCP,,,MSC_PLANS,CONSTRAINED_MODE,COMREF,AAI
PLAN,ASCP,,,MSC_PLANS,,COMREF,AAI
PLAN,ASCP,,,MSC_PLANS,COMPILE_DESIGNATOR,COMREF,AAI
PLAN,ASCP,,,MSC_PLANS,DESCRIPTION,COMREF,AAI
PLAN,ASCP,,,MSC_PLANS,PLAN_TYPE,COMREF,AAI
PLANNER,ASCP,,,MSC_PLANNERS,SR_INSTANCE_ID,COMREF,AAI
PLANNER,ASCP,,,MSC_PLANNERS,CREATION_DATE,COMREF,AAI
PLANNER,ASCP,,,MSC_PLANNERS,HDISDELETEDRECORD,COMREF,AAI
PLANNER,ASCP,,,FND_USER,USER_NAME,COMREF,AAI
PLANNER,ASCP,,,,,COMREF,AAI
PLANNER,ASCP,,,MSC_PLANNERS,"SR_INSTANCE_ID, ORGANIZATION_ID, PLANNER_CODE",COMREF,AAI
PLANNER,ASCP,,,MSC_PLANNERS,PLANNER_CODE,COMREF,AAI
PLANNER,ASCP,,,MSC_PLANNERS,DESCRIPTION,COMREF,AAI
PLANNER,ASCP,,,MSC_PLANNERS,EMPLOYEE_ID,COMREF,AAI
PLANNER,ASCP,,,MSC_PLANNERS,ORGANIZATION_ID,COMREF,AAI
PLANNER,ASCP,,,MSC_PLANNERS,LAST_UPDATE_DATE,COMREF,AAI
PLAN_RUN,ASCP,,,MSC_PLAN_RUNS,Plan_Completion_Date,COMREF,AAI
PLAN_RUN,ASCP,,,MSC_PLAN_RUNS,LAST_UPDATE_DATE,COMREF,AAI
PLAN_RUN,ASCP,,,MSC_PLAN_RUNS,PLAN_NAME,COMREF,AAI
PLAN_RUN,ASCP,,,,,COMREF,AAI
PLAN_RUN,ASCP,,,MSC_PLAN_RUNS,PLAN_RUN_NAME,COMREF,AAI
PLAN_RUN,ASCP,,,MSC_PLAN_RUNS,PLAN_ID,COMREF,AAI
PLAN_RUN,ASCP,,,MSC_PLAN_RUNS,CREATION_DATE,COMREF,AAI
PLAN_RUN,ASCP,,,MSC_PLAN_RUNS,HDISDELETEDRECORD,COMREF,AAI
PLAN_RUN,ASCP,,,MSC_PLAN_RUNS,PLAN_RUN_ID,COMREF,AAI
PLAN_RUN,ASCP,,,FND_USER,USER_NAME,COMREF,AAI
PLAN_RUN,ASCP,,,MSC_PLAN_RUNS,SR_INSTANCE_ID,COMREF,AAI
PLAN_RUN,ASCP,,,MSC_PLAN_RUNS,PLAN_TYPE,COMREF,AAI
PLAN_RUN,ASCP,,,MSC_PLAN_RUNS,ORGANIZATION_ID,COMREF,AAI
PLAN_RUN,ASCP,,,MSC_PLAN_RUNS,ARCHIVE_FLAG,COMREF,AAI
PLAN_RUN,ASCP,,,MSC_PLAN_RUNS,,COMREF,AAI
PLAN_RUN,ASCP,,,MSC_PLAN_RUNS,END_DATE,COMREF,AAI
PLAN_RUN,ASCP,,,MSC_PLAN_RUNS,Start_Date,COMREF,AAI
PLAN_RUN,ASCP,,,MSC_PLAN_RUNS,Plan_Start_Date,COMREF,AAI
PRODUCT,ASCP,PRODUCT,Product,MSC_SYSTEM_ITEMS,DESCRIPTION,COMREF,AAI
PRODUCT,ASCP,PRODUCT,Product,XXC07755_ITEMS_D_STG,MRP_PLANNING_CODE,COMREF,AAI
PRODUCT,ASCP,PRODUCT,Product,MSC_SYSTEM_ITEMS,STANDARD_COST,COMREF,AAI
PRODUCT,ASCP,PRODUCT,Product,XXC07755_ITEMS_D_STG,ITEM_NAME,COMREF,AAI
PRODUCT,ASCP,PRODUCT,Product,XXC07755_ITEMS_D_STG,STANDARD_COST,COMREF,AAI
PRODUCT,ASCP,PRODUCT,Product,MSC_SYSTEM_ITEMS,PLANNER_CODE,COMREF,AAI
PRODUCT,ASCP,PRODUCT,Product,XXC07755_ITEMS_D_STG,HDISDELETEDRECORD,COMREF,AAI
PRODUCT,ASCP,PRODUCT,Product,XXC07755_ITEMS_D_STG,INVENTORY_ITEM_STATUS_CODE,COMREF,AAI
PRODUCT,ASCP,PRODUCT,Product,XXC07755_ITEMS_D_STG,SR_INSTANCE_ID,COMREF,AAI
PRODUCT,ASCP,PRODUCT,Product,MSC_SYSTEM_ITEMS,PLANNING_MAKE_BUY_CODE,COMREF,AAI
PRODUCT,ASCP,PRODUCT,Product,MSC_SYSTEM_ITEMS,LIST_PRICE,COMREF,AAI
PRODUCT,ASCP,PRODUCT,Product,MSC_SYSTEM_ITEMS,INVENTORY_ITEM_ID,COMREF,AAI
PRODUCT,ASCP,PRODUCT,Product,MSC_SYSTEM_ITEMS,ABC_CLASS_NAME,COMREF,AAI
PRODUCT,ASCP,PRODUCT,Product,MSC_SYSTEM_ITEMS,MRP_PLANNING_CODE,COMREF,AAI
PRODUCT,ASCP,PRODUCT,Product,MSC_SYSTEM_ITEMS,HDISDELETEDRECORD,COMREF,AAI
PRODUCT,ASCP,PRODUCT,Product,XXC07755_ITEMS_D_STG,,COMREF,AAI
PRODUCT,ASCP,PRODUCT,Product,FND_USER,USER_NAME,COMREF,AAI
PRODUCT,ASCP,PRODUCT,Product,XXC07755_ITEMS_D_STG,ITEM_TYPE,COMREF,AAI
PRODUCT,ASCP,PRODUCT,Product,,,COMREF,AAI
PRODUCT,ASCP,PRODUCT,Product,MSC_SYSTEM_ITEMS,ORGANIZATION_ID,COMREF,AAI
PRODUCT,ASCP,PRODUCT,Product,MSC_SYSTEM_ITEMS,LAST_UPDATE_DATE,COMREF,AAI
PRODUCT,ASCP,PRODUCT,Product,XXC07755_ITEMS_D_STG,ORGANIZATION_ID,COMREF,AAI
PRODUCT,ASCP,PRODUCT,Product,XXC07755_ITEMS_D_STG,CREATION_DATE,COMREF,AAI
PRODUCT,ASCP,PRODUCT,Product,MSC_SYSTEM_ITEMS,SR_INSTANCE_ID,COMREF,AAI
PRODUCT,ASCP,PRODUCT,Product,XXC07755_ITEMS_D_STG,DSN,COMREF,AAI
PRODUCT,ASCP,PRODUCT,Product,XXC07755_ITEMS_D_STG,INVENTORY_ITEM_ID,COMREF,AAI
PRODUCT,ASCP,PRODUCT,Product,XXC07755_ITEMS_D_STG,DESCRIPTION,COMREF,AAI
PRODUCT,ASCP,PRODUCT,Product,XXC07755_ITEMS_D_STG,ITEM_CATEGORY,COMREF,AAI
PRODUCT,ASCP,PRODUCT,Product,XXC07755_ITEMS_D_STG,MAKE_BUY_CODE,COMREF,AAI
PRODUCT,ASCP,PRODUCT,Product,MSC_SYSTEM_ITEMS,,COMREF,AAI
PRODUCT,ASCP,PRODUCT,Product,XXC07755_ITEMS_D_STG,LAST_UPDATE_DATE,COMREF,AAI
PRODUCT,ASCP,PRODUCT,Product,MSC_SYSTEM_ITEMS,DSN,COMREF,AAI
PRODUCT,ASCP,PRODUCT,Product,MSC_SYSTEM_ITEMS,SR_INVENTORY_ITEM_ID,COMREF,AAI
PRODUCT,ASCP,PRODUCT,Product,MSC_SYSTEM_ITEMS,CREATION_DATE,COMREF,AAI
PRODUCT,ASCP,PRODUCT,Product,XXC07755_ITEMS_D_STG,SR_INVENTORY_ITEM_ID,COMREF,AAI
PRODUCT,ASCP,PRODUCT,Product,XXC07755_ITEMS_D_STG,PLANNER_CODE,COMREF,AAI
PRODUCT,ASCP,PRODUCT,Product,MSC_SYSTEM_ITEMS,ITEM_NAME,COMREF,AAI
PRODUCTION_CAPACITY,ASCP,DEMAND,,XXC09013_WKLY_DATA_STG,HDISDELETEDRECORD,COMREF,SCBI
PRODUCTION_CAPACITY,ASCP,DEMAND,,XXC09013_WKLY_DATA_STG,ORGANIZATION_ID,COMREF,SCBI
PRODUCTION_CAPACITY,ASCP,DEMAND,,XXC09013_WKLY_DATA_STG,INPUT_TYPE,COMREF,SCBI
PRODUCTION_CAPACITY,ASCP,DEMAND,,,CURRENT TIMESTAMP,COMREF,SCBI
PRODUCTION_CAPACITY,ASCP,DEMAND,,XXC09013_WKLY_DATA_STG,CREATED_BY,COMREF,SCBI
PRODUCTION_CAPACITY,ASCP,DEMAND,,XXC09013_WKLY_DATA_STG,CREATION_DATE,COMREF,SCBI
PRODUCTION_CAPACITY,ASCP,DEMAND,,XXC09013_WKLY_DATA_STG,LAST_UPDATE_DATE,COMREF,SCBI
PRODUCTION_CAPACITY,ASCP,DEMAND,,XXC09013_WKLY_DATA_STG,SUPPLIER_ID,COMREF,SCBI
PRODUCTION_CAPACITY,ASCP,DEMAND,,XXC09013_WKLY_DATA_STG,RESOURCE_NAME,COMREF,SCBI
PRODUCTION_CAPACITY,ASCP,DEMAND,,XXC09013_WKLY_DATA_STG,WEEKLY_DATE,COMREF,SCBI
PRODUCTION_CAPACITY,ASCP,DEMAND,,XXC09013_WKLY_DATA_STG,PRODUCT_RANGE,COMREF,SCBI
PRODUCTION_CAPACITY,ASCP,DEMAND,,XXC09013_WKLY_DATA_STG,RESOURCE_TYPE,COMREF,SCBI
PRODUCTION_CAPACITY,ASCP,DEMAND,,,,COMREF,SCBI
PRODUCTION_CAPACITY,ASCP,DEMAND,,XXC09013_WKLY_DATA_STG,RCCP_SEQ_KEY,COMREF,SCBI
PRODUCTION_CAPACITY,ASCP,DEMAND,,XXC09013_WKLY_DATA_STG,,COMREF,SCBI
PRODUCTION_CAPACITY,ASCP,DEMAND,,XXC09013_WKLY_DATA_STG,ORGANIZATION_CODE,COMREF,SCBI
PRODUCTION_CAPACITY,ASCP,DEMAND,,XXC09013_WKLY_DATA_STG,SUPPLIER_SITE_ID,COMREF,SCBI
PRODUCTION_CAPACITY,ASCP,DEMAND,,XXC09013_WKLY_DATA_STG,UNIT,COMREF,SCBI
PRODUCTION_CAPACITY,ASCP,DEMAND,,,BATCHNAME,COMREF,SCBI
PRODUCTION_CAPACITY,ASCP,DEMAND,,XXC09013_WKLY_DATA_STG,DSN,COMREF,SCBI
PRODUCTION_CAPACITY,ASCP,DEMAND,,XXC09013_WKLY_DATA_STG,EFFECTIVE_DATE,COMREF,SCBI
PRODUCTION_CAPACITY,ASCP,DEMAND,,XXC09013_WKLY_DATA_STG,LAST_UPDATED_BY,COMREF,SCBI
PRODUCTION_CAPACITY,ASCP,DEMAND,,XXC09013_WKLY_DATA_STG,RESOURCE_GROUP,COMREF,SCBI
PRODUCTION_CAPACITY,ASCP,DEMAND,,XXC09013_WKLY_DATA_STG,RCCP_QTY,COMREF,SCBI
PRODUCT_CATEGORY,ASCP,PRODUCT,,MSC_ITEM_CATEGORIES,END_DATE_ACTIVE,COMREF,SCBI
PRODUCT_CATEGORY,ASCP,PRODUCT,,MSC_ITEM_CATEGORIES,ENABLED_FLAG,COMREF,SCBI
PRODUCT_CATEGORY,ASCP,PRODUCT,,MSC_ITEM_CATEGORIES,CREATED_BY,COMREF,SCBI
PRODUCT_CATEGORY,ASCP,PRODUCT,,MSC_ITEM_CATEGORIES,SR_INSTANCE_ID,COMREF,SCBI
PRODUCT_CATEGORY,ASCP,PRODUCT,,MSC_ITEM_CATEGORIES,SR_CATEGORY_ID,COMREF,SCBI
PRODUCT_CATEGORY,ASCP,PRODUCT,,MSC_ITEM_CATEGORIES,LAST_UPDATED_BY,COMREF,SCBI
PRODUCT_CATEGORY,ASCP,PRODUCT,,MSC_ITEM_CATEGORIES,START_DATE_ACTIVE,COMREF,SCBI
PRODUCT_CATEGORY,ASCP,PRODUCT,,MSC_ITEM_CATEGORIES,DESCRIPTION,COMREF,SCBI
PRODUCT_CATEGORY,ASCP,PRODUCT,,MSC_ITEM_CATEGORIES,DISABLE_DATE,COMREF,SCBI
PRODUCT_CATEGORY,ASCP,PRODUCT,,MSC_ITEM_CATEGORIES,ORGANIZATION_ID,COMREF,SCBI
PRODUCT_CATEGORY,ASCP,PRODUCT,,MSC_ITEM_CATEGORIES,SUMMARY_FLAG,COMREF,SCBI
PRODUCT_CATEGORY,ASCP,PRODUCT,,MSC_ITEM_CATEGORIES,,COMREF,SCBI
PRODUCT_CATEGORY,ASCP,PRODUCT,,MSC_ITEM_CATEGORIES,CREATION_DATE,COMREF,SCBI
PRODUCT_CATEGORY,ASCP,PRODUCT,,MSC_ITEM_CATEGORIES,INVENTORY_ITEM_ID,COMREF,SCBI
PRODUCT_CATEGORY,ASCP,PRODUCT,,MSC_ITEM_CATEGORIES,CATEGORY_NAME,COMREF,SCBI
PRODUCT_CATEGORY,ASCP,PRODUCT,,MSC_ITEM_CATEGORIES,LAST_UPDATE_DATE,COMREF,SCBI
PRODUCT_CATEGORY,ASCP,PRODUCT,,MSC_ITEM_CATEGORIES,CATEGORY_SET_ID,COMREF,SCBI
PRODUCT_CATEGORY_ASSOCIATION,ASCP,PRODUCT,,MSC_ITEM_CATEGORIES,"DSN,INVENTORY_ITEM_ID,ORGANIZATION_ID,CATEGORY_SET_ID,SR_CATEGORY_ID",COMREF,SCBI
PRODUCT_CATEGORY_ASSOCIATION,ASCP,PRODUCT,,MSC_ITEM_CATEGORIES,CATEGORY_NAME,COMREF,SCBI
PRODUCT_CATEGORY_ASSOCIATION,ASCP,PRODUCT,,MSC_ITEM_CATEGORIES,HDISDELETEDRECORD,COMREF,SCBI
PRODUCT_CATEGORY_ASSOCIATION,ASCP,PRODUCT,,MSC_ITEM_CATEGORIES,ORGANIZATION_ID,COMREF,SCBI
PRODUCT_CATEGORY_ASSOCIATION,ASCP,PRODUCT,,,,COMREF,SCBI
PRODUCT_CATEGORY_ASSOCIATION,ASCP,PRODUCT,,MSC_ITEM_CATEGORIES,,COMREF,SCBI
PRODUCT_CATEGORY_ASSOCIATION,ASCP,PRODUCT,,MSC_ITEM_CATEGORIES,CREATION_DATE,COMREF,SCBI
PRODUCT_CATEGORY_ASSOCIATION,ASCP,PRODUCT,,MSC_ITEM_CATEGORIES,SR_INSTANCE_ID,COMREF,SCBI
PRODUCT_CATEGORY_ASSOCIATION,ASCP,PRODUCT,,MSC_ITEM_CATEGORIES,CATEGORY_SET_ID,COMREF,SCBI
PRODUCT_CATEGORY_ASSOCIATION,ASCP,PRODUCT,,MSC_ITEM_CATEGORIES,SR_CATEGORY_ID,COMREF,SCBI
PRODUCT_CATEGORY_ASSOCIATION,ASCP,PRODUCT,,MSC_ITEM_CATEGORIES,LAST_UPDATE_DATE,COMREF,SCBI
PRODUCT_CATEGORY_ASSOCIATION,ASCP,PRODUCT,,FND_USER,USER_NAME,COMREF,SCBI
PRODUCT_CATEGORY_ASSOCIATION,ASCP,PRODUCT,,MSC_ITEM_CATEGORIES,INVENTORY_ITEM_ID,COMREF,SCBI
PRODUCT_CATEGORY_ASSOCIATION,ASCP,PRODUCT,,MSC_ITEM_CATEGORIES,DSN ,COMREF,SCBI
PRODUCT_PLANNING,ASCP,PRODUCT,,MSC_SYSTEM_ITEMS,SR_INVENTORY_ITEM_ID,COMREF,AAI
PRODUCT_PLANNING,ASCP,PRODUCT,,MSC_SYSTEM_ITEMS,ORGANIZATION_ID,COMREF,AAI
PRODUCT_PLANNING,ASCP,PRODUCT,,MSC_SYSTEM_ITEMS,ORGANIZATION_CODE,COMREF,AAI
PRODUCT_PLANNING,ASCP,PRODUCT,,MSC_SYSTEM_ITEMS,BASE_ITEM_ID,COMREF,AAI
PRODUCT_PLANNING,ASCP,PRODUCT,,MSC_SYSTEM_ITEMS,BUYER_NAME,COMREF,AAI
PRODUCT_PLANNING,ASCP,PRODUCT,,MSC_SYSTEM_ITEMS,PLANNING_TIME_FENCE_DAYS,COMREF,AAI
PRODUCT_PLANNING,ASCP,PRODUCT,,MSC_SYSTEM_ITEMS,DEMAND_TIME_FENCE_DAYS,COMREF,AAI
PRODUCT_PLANNING,ASCP,PRODUCT,,MSC_SYSTEM_ITEMS,FIXED_LEAD_TIME,COMREF,AAI
PRODUCT_PLANNING,ASCP,PRODUCT,,MSC_SYSTEM_ITEMS,VARIABLE_LEAD_TIME,COMREF,AAI
PRODUCT_PLANNING,ASCP,PRODUCT,,MSC_SYSTEM_ITEMS,WEIGHT_UOM,COMREF,AAI
PRODUCT_PLANNING,ASCP,PRODUCT,,MSC_SYSTEM_ITEMS,VOLUME_UOM,COMREF,AAI
PRODUCT_PLANNING,ASCP,PRODUCT,,MSC_SYSTEM_ITEMS,MATERIAL_COST,COMREF,AAI
PRODUCT_PLANNING,ASCP,PRODUCT,,MSC_SYSTEM_ITEMS,LIST_PRICE,COMREF,AAI
PRODUCT_PLANNING,ASCP,PRODUCT,,MSC_SYSTEM_ITEMS,EXCESS_QUANTITY,COMREF,AAI
PRODUCT_PLANNING,ASCP,PRODUCT,,MSC_SYSTEM_ITEMS,EXCEPTION_SHORTAGE_DAYS,COMREF,AAI
PRODUCT_PLANNING,ASCP,PRODUCT,,MSC_SYSTEM_ITEMS,EXCEPTION_OVERPROMISED_DAYS,COMREF,AAI
PRODUCT_PLANNING,ASCP,PRODUCT,,MSC_SYSTEM_ITEMS,FULL_PEGGING,COMREF,AAI
PRODUCT_PLANNING,ASCP,PRODUCT,,MSC_SYSTEM_ITEMS,ABC_CLASS,COMREF,AAI
PRODUCT_PLANNING,ASCP,PRODUCT,,MSC_SYSTEM_ITEMS,ITEM_CREATION_DATE,COMREF,AAI
PRODUCT_PLANNING,ASCP,PRODUCT,,MSC_SYSTEM_ITEMS,PICK_COMPONENTS_FLAG,COMREF,AAI
PRODUCT_PLANNING,ASCP,PRODUCT,,MSC_SYSTEM_ITEMS,YIELD_CONV_FACTOR,COMREF,AAI
PRODUCT_PLANNING,ASCP,PRODUCT,,MSC_APCC_ITEM_D,VMI_FLAG,COMREF,AAI
PRODUCT_PLANNING,ASCP,PRODUCT,,MSC_SYSTEM_ITEMS,MIN_DAYS,COMREF,AAI
PRODUCT_PLANNING,ASCP,PRODUCT,,MSC_SYSTEM_ITEMS,PEGGING_DEMAND_WINDOW_DAYS,COMREF,AAI
PRODUCT_PLANNING,ASCP,PRODUCT,,MSC_SYSTEM_ITEMS,GROUP_ID,COMREF,AAI
PRODUCT_PLANNING,ASCP,PRODUCT,,MSC_SYSTEM_ITEMS,REPAIR_LEADTIME,COMREF,AAI
PRODUCT_PLANNING,ASCP,PRODUCT,,MSC_SYSTEM_ITEMS,EXCESS_TYPE,COMREF,AAI
PRODUCT_PLANNING,ASCP,PRODUCT,,MSC_SYSTEM_ITEMS,APPLIED,COMREF,AAI
PRODUCT_PLANNING,ASCP,PRODUCT,,MSC_SYSTEM_ITEMS,INTERMITTENT_DEMAND,COMREF,AAI
PRODUCT_PLANNING,ASCP,PRODUCT,,MSC_SYSTEM_ITEMS,ORDER_PERIOD,COMREF,AAI
PRODUCT_PLANNING,ASCP,PRODUCT,,MSC_SYSTEM_ITEMS,PREPROCESSING_LEAD_TIME,COMREF,AAI
PRODUCT_PLANNING,ASCP,PRODUCT,,MSC_SYSTEM_ITEMS,CUMULATIVE_TOTAL_LEAD_TIME,COMREF,AAI
PRODUCT_PLANNING,ASCP,PRODUCT,,MSC_SYSTEM_ITEMS,DMD_LATENESS_COST,COMREF,AAI
PRODUCT_PLANNING,ASCP,PRODUCT,,MSC_SYSTEM_ITEMS,CREATE_SUPPLY_FLAG,COMREF,AAI
PRODUCT_PLANNING,ASCP,PRODUCT,,MSC_SYSTEM_ITEMS,SUPPLIER_CAP_OVERUTIL_COST,COMREF,AAI
PRODUCT_PLANNING,ASCP,PRODUCT,,MSC_SYSTEM_ITEMS,BOM_ITEM_TYPE,COMREF,AAI
PRODUCT_PLANNING,ASCP,PRODUCT,,MSC_SYSTEM_ITEMS,REORDER_POINT,COMREF,AAI
PRODUCT_PLANNING,ASCP,PRODUCT,,MSC_SYSTEM_ITEMS,ACCEPTABLE_RATE_INCREASE,COMREF,AAI
PRODUCT_PLANNING,ASCP,PRODUCT,,MSC_SYSTEM_ITEMS,CALCULATE_ATP,COMREF,AAI
PRODUCT_PLANNING,ASCP,PRODUCT,,MSC_SYSTEM_ITEMS,MRP_PLANNING_CODE,COMREF,AAI
PRODUCT_PLANNING,ASCP,PRODUCT,,MSC_SYSTEM_ITEMS,END_ASSEMBLY_PEGGING,COMREF,AAI
PRODUCT_PLANNING,ASCP,PRODUCT,,MSC_SYSTEM_ITEMS,FIXED_ORDER_QUANTITY,COMREF,AAI
PRODUCT_PLANNING,ASCP,PRODUCT,,MSC_SYSTEM_ITEMS,FIXED_LOT_MULTIPLIER,COMREF,AAI
PRODUCT_PLANNING,ASCP,PRODUCT,,MSC_SYSTEM_ITEMS,UNIT_VOLUME,COMREF,AAI
PRODUCT_PLANNING,ASCP,PRODUCT,,MSC_SYSTEM_ITEMS,SAFETY_STOCK_CODE,COMREF,AAI
PRODUCT_PLANNING,ASCP,PRODUCT,,MSC_SYSTEM_ITEMS,ATO_FORECAST_CONTROL,COMREF,AAI
PRODUCT_PLANNING,ASCP,PRODUCT,,MSC_SYSTEM_ITEMS,AGGREGATE_TIME_FENCE_DATE,COMREF,AAI
PRODUCT_PLANNING,ASCP,PRODUCT,,MSC_SYSTEM_ITEMS,REPETITIVE_PLANNING_FLAG,COMREF,AAI
PRODUCT_PLANNING,ASCP,PRODUCT,,MSC_SYSTEM_ITEMS,SERVICE_LEVEL,COMREF,AAI
PRODUCT_PLANNING,ASCP,PRODUCT,,MSC_SYSTEM_ITEMS,PIP_FLAG,COMREF,AAI
PRODUCT_PLANNING,ASCP,PRODUCT,,MSC_SYSTEM_ITEMS,SOURCE_TYPE,COMREF,AAI
PRODUCT_PLANNING,ASCP,PRODUCT,,MSC_SYSTEM_ITEMS,CONTINOUS_TRANSFER,COMREF,AAI
PRODUCT_PLANNING,ASCP,PRODUCT,,MSC_SYSTEM_ITEMS,FORECAST_HORIZON,COMREF,AAI
PRODUCT_PLANNING,ASCP,PRODUCT,,MSC_SYSTEM_ITEMS,DAYS_MAX_INV_WINDOW,COMREF,AAI
PRODUCT_PLANNING,ASCP,PRODUCT,,MSC_SYSTEM_ITEMS,INFERRED_CRITICAL_FLAG,COMREF,AAI
PRODUCT_PLANNING,ASCP,PRODUCT,,MSC_SYSTEM_ITEMS,LOWEST_LEVEL_SRC,COMREF,AAI
PRODUCT_PLANNING,ASCP,PRODUCT,,MSC_SYSTEM_ITEMS,PRE_POSITION_INVENTORY,COMREF,AAI
PRODUCT_PLANNING,ASCP,PRODUCT,,MSC_SYSTEM_ITEMS,DEMAND_DISTRIBUTION,COMREF,AAI
PRODUCT_PLANNING,ASCP,PRODUCT,,MSC_SYSTEM_ITEMS,AVG_RETURNS_BEYOND_PH,COMREF,AAI
PRODUCT_PLANNING,ASCP,PRODUCT,,MSC_SYSTEM_ITEMS,INTERARRIVAL_DIST_METHOD,COMREF,AAI
PRODUCT_PLANNING,ASCP,PRODUCT,,MSC_SYSTEM_ITEMS,NETCHANGE_REPLAN_FLAG,COMREF,AAI
PRODUCT_PLANNING,ASCP,PRODUCT,,MSC_SYSTEM_ITEMS,NEW_PLAN_ID,COMREF,AAI
PRODUCT_PLANNING,ASCP,PRODUCT,,MSC_SYSTEM_ITEMS,CONSIDER_IN_CTB_FLAG,COMREF,AAI
PRODUCT_PLANNING,ASCP,PRODUCT,,MSC_SYSTEM_ITEMS,ANNUAL_SALES_COUNT,COMREF,AAI
PRODUCT_PLANNING,ASCP,PRODUCT,,MSC_APCC_ITEM_D,SR_CATEGORY_ID3,COMREF,AAI
PRODUCT_PLANNING,ASCP,PRODUCT,,MSC_APCC_ITEM_D,POLICY_CATEGORY_ID,COMREF,AAI
PRODUCT_PLANNING,ASCP,PRODUCT,,MSC_SYSTEM_ITEMS,PLAN_ID,COMREF,AAI
PRODUCT_PLANNING,ASCP,PRODUCT,,FND_USER,USER_NAME,COMREF,AAI
PRODUCT_PLANNING,ASCP,PRODUCT,,MSC_SYSTEM_ITEMS,HDISDELETEDRECORD,COMREF,AAI
PRODUCT_PLANNING,ASCP,PRODUCT,,MSC_SYSTEM_ITEMS,BASIS_AVG_DAILY_DEMAND,COMREF,AAI
PRODUCT_PLANNING,ASCP,PRODUCT,,MSC_SYSTEM_ITEMS,NEW_PLAN_LIST,COMREF,AAI
PRODUCT_PLANNING,ASCP,PRODUCT,,MSC_SYSTEM_ITEMS,BUYER_ID,COMREF,AAI
PRODUCT_PLANNING,ASCP,PRODUCT,,MSC_SYSTEM_ITEMS,EXPENSE_ACCOUNT,COMREF,AAI
PRODUCT_PLANNING,ASCP,PRODUCT,,MSC_SYSTEM_ITEMS,ANNUAL_SALES_VALUE,COMREF,AAI
PRODUCT_PLANNING,ASCP,PRODUCT,,MSC_SYSTEM_ITEMS,IN_SOURCE_PLAN,COMREF,AAI
PRODUCT_PLANNING,ASCP,PRODUCT,,MSC_SYSTEM_ITEMS,NEW_ATP_FLAG,COMREF,AAI
PRODUCT_PLANNING,ASCP,PRODUCT,,MSC_SYSTEM_ITEMS,SERIAL_NUMBER_CONTROL_CODE,COMREF,AAI
PRODUCT_PLANNING,ASCP,PRODUCT,,MSC_SYSTEM_ITEMS,VMI_MAXIMUM_DAYS,COMREF,AAI
PRODUCT_PLANNING,ASCP,PRODUCT,,MSC_SYSTEM_ITEMS,AVERAGE_DAILY_DEMAND,COMREF,AAI
PRODUCT_PLANNING,ASCP,PRODUCT,,MSC_SYSTEM_ITEMS,SO_AUTHORIZATION_FLAG,COMREF,AAI
PRODUCT_PLANNING,ASCP,PRODUCT,,MSC_SYSTEM_ITEMS,MAX_QUANTITY,COMREF,AAI
PRODUCT_PLANNING,ASCP,PRODUCT,,MSC_SYSTEM_ITEMS,LEADTIME_VARIABILITY,COMREF,AAI
PRODUCT_PLANNING,ASCP,PRODUCT,,MSC_SYSTEM_ITEMS,MIN_MINMAX_QUANTITY,COMREF,AAI
PRODUCT_PLANNING,ASCP,PRODUCT,,MSC_SYSTEM_ITEMS,SUBSTITUTION_WINDOW,COMREF,AAI
PRODUCT_PLANNING,ASCP,PRODUCT,,MSC_SYSTEM_ITEMS,CONSIGNED_FLAG,COMREF,AAI
PRODUCT_PLANNING,ASCP,PRODUCT,,MSC_SYSTEM_ITEMS,DAYS_MAX_INV_SUPPLY,COMREF,AAI
PRODUCT_PLANNING,ASCP,PRODUCT,,MSC_SYSTEM_ITEMS,INV_DAYS_INCREMENT,COMREF,AAI
PRODUCT_PLANNING,ASCP,PRODUCT,,MSC_SYSTEM_ITEMS,RELEASE_TIME_FENCE_CODE,COMREF,AAI
PRODUCT_PLANNING,ASCP,PRODUCT,,MSC_SYSTEM_ITEMS,BUILD_IN_WIP_FLAG,COMREF,AAI
PRODUCT_PLANNING,ASCP,PRODUCT,,MSC_SYSTEM_ITEMS,AVG_DEMAND_BEYOND_PH,COMREF,AAI
PRODUCT_PLANNING,ASCP,PRODUCT,,MSC_SYSTEM_ITEMS,MINIMUM_ORDER_QUANTITY,COMREF,AAI
PRODUCT_PLANNING,ASCP,PRODUCT,,MSC_SYSTEM_ITEMS,REVISION,COMREF,AAI
PRODUCT_PLANNING,ASCP,PRODUCT,,MSC_SYSTEM_ITEMS,STD_DEVIATION_INTER_ARRIVAL,COMREF,AAI
PRODUCT_PLANNING,ASCP,PRODUCT,,MSC_SYSTEM_ITEMS,COMPUTE_SS,COMREF,AAI
PRODUCT_PLANNING,ASCP,PRODUCT,,MSC_SYSTEM_ITEMS,DRP_PLANNED,COMREF,AAI
PRODUCT_PLANNING,ASCP,PRODUCT,,,,COMREF,AAI
PRODUCT_PLANNING,ASCP,PRODUCT,,,PLAN_ID,COMREF,AAI
PRODUCT_PLANNING,ASCP,PRODUCT,,MSC_SYSTEM_ITEMS,LOTS_EXPIRATION,COMREF,AAI
PRODUCT_PLANNING,ASCP,PRODUCT,,MSC_SYSTEM_ITEMS,PRODUCT_FAMILY_ID,COMREF,AAI
PRODUCT_PLANNING,ASCP,PRODUCT,,MSC_SYSTEM_ITEMS,FIXED_DAYS_SUPPLY,COMREF,AAI
PRODUCT_PLANNING,ASCP,PRODUCT,,MSC_SYSTEM_ITEMS,RELEASE_TIME_FENCE_DAYS,COMREF,AAI
PRODUCT_PLANNING,ASCP,PRODUCT,,MSC_SYSTEM_ITEMS,UOM_CODE,COMREF,AAI
PRODUCT_PLANNING,ASCP,PRODUCT,,MSC_SYSTEM_ITEMS,WIP_SUPPLY_TYPE,COMREF,AAI
PRODUCT_PLANNING,ASCP,PRODUCT,,MSC_SYSTEM_ITEMS,STANDARD_COST,COMREF,AAI
PRODUCT_PLANNING,ASCP,PRODUCT,,MSC_SYSTEM_ITEMS,ATP_FLAG,COMREF,AAI
PRODUCT_PLANNING,ASCP,PRODUCT,,MSC_SYSTEM_ITEMS,LOW_LEVEL_CODE,COMREF,AAI
PRODUCT_PLANNING,ASCP,PRODUCT,,MSC_SYSTEM_ITEMS,OBSOLESCENCE_DATE,COMREF,AAI
PRODUCT_PLANNING,ASCP,PRODUCT,,MSC_SYSTEM_ITEMS,REPLENISH_TO_ORDER_FLAG,COMREF,AAI
PRODUCT_PLANNING,ASCP,PRODUCT,,MSC_SYSTEM_ITEMS,MAX_MINMAX_QUANTITY,COMREF,AAI
PRODUCT_PLANNING,ASCP,PRODUCT,,MSC_SYSTEM_ITEMS,CONVERGENCE,COMREF,AAI
PRODUCT_PLANNING,ASCP,PRODUCT,,MSC_SYSTEM_ITEMS,VMI_MINIMUM_DAYS,COMREF,AAI
PRODUCT_PLANNING,ASCP,PRODUCT,,MSC_SYSTEM_ITEMS,VMI_MAXIMUM_UNITS,COMREF,AAI
PRODUCT_PLANNING,ASCP,PRODUCT,,MSC_SYSTEM_ITEMS,MAX_QUANTITY_DOS,COMREF,AAI
PRODUCT_PLANNING,ASCP,PRODUCT,,MSC_SYSTEM_ITEMS,DAYS_TGT_INV_SUPPLY,COMREF,AAI
PRODUCT_PLANNING,ASCP,PRODUCT,,MSC_SYSTEM_ITEMS,MIN_SHELF_LIFE_DAYS,COMREF,AAI
PRODUCT_PLANNING,ASCP,PRODUCT,,MSC_SYSTEM_ITEMS,PEGGING_SUPPLY_WINDOW_DAYS,COMREF,AAI
PRODUCT_PLANNING,ASCP,PRODUCT,,MSC_SYSTEM_ITEMS,RETURN_FORECAST_TIME_FENCE,COMREF,AAI
PRODUCT_PLANNING,ASCP,PRODUCT,,MSC_SYSTEM_ITEMS,SAFETY_LEAD_TIME,COMREF,AAI
PRODUCT_PLANNING,ASCP,PRODUCT,,MSC_SYSTEM_ITEMS,MIN_SUP_DEM_PERCENT,COMREF,AAI
PRODUCT_PLANNING,ASCP,PRODUCT,,MSC_SYSTEM_ITEMS,CALCULATE_CTB_FLAG,COMREF,AAI
PRODUCT_PLANNING,ASCP,PRODUCT,,MSC_SYSTEM_ITEMS,ANNUAL_SHIP_VALUE,COMREF,AAI
PRODUCT_PLANNING,ASCP,PRODUCT,,MSC_SYSTEM_ITEMS,PRIMARY_SUPPLIER_ID,COMREF,AAI
PRODUCT_PLANNING,ASCP,PRODUCT,,MSC_SYSTEM_ITEMS,VMI_REFRESH_FLAG,COMREF,AAI
PRODUCT_PLANNING,ASCP,PRODUCT,,MSC_SYSTEM_ITEMS,PURCHASING_ENABLED_FLAG,COMREF,AAI
PRODUCT_PLANNING,ASCP,PRODUCT,,MSC_SYSTEM_ITEMS,ATP_RULE_ID,COMREF,AAI
PRODUCT_PLANNING,ASCP,PRODUCT,,MSC_SYSTEM_ITEMS,COEFFICIENT_OF_VARIATION,COMREF,AAI
PRODUCT_PLANNING,ASCP,PRODUCT,,MSC_SYSTEM_ITEMS,SIMULATION_SET_ID,COMREF,AAI
PRODUCT_PLANNING,ASCP,PRODUCT,,MSC_SYSTEM_ITEMS,AVERAGE_CYCLE_STOCK,COMREF,AAI
PRODUCT_PLANNING,ASCP,PRODUCT,,MSC_SYSTEM_ITEMS,REPETITIVE_VARIANCE,COMREF,AAI
PRODUCT_PLANNING,ASCP,PRODUCT,,MSC_SYSTEM_ITEMS,INVENTORY_PLANNING_CODE,COMREF,AAI
PRODUCT_PLANNING,ASCP,PRODUCT,,MSC_SYSTEM_ITEMS,END_ASSEMBLY_PEGGING_FLAG,COMREF,AAI
PRODUCT_PLANNING,ASCP,PRODUCT,,MSC_SYSTEM_ITEMS,ANNUAL_SALES_QTY,COMREF,AAI
PRODUCT_PLANNING,ASCP,PRODUCT,,MSC_SYSTEM_ITEMS,SR_CATEGORY_ID,COMREF,AAI
PRODUCT_PLANNING,ASCP,PRODUCT,,MSC_SYSTEM_ITEMS,EFFECTIVITY_CONTROL,COMREF,AAI
PRODUCT_PLANNING,ASCP,PRODUCT,,MSC_SYSTEM_ITEMS,FORECAST_RULE_FOR_RETURNS,COMREF,AAI
PRODUCT_PLANNING,ASCP,PRODUCT,,MSC_SYSTEM_ITEMS,INTERARRIVAL_TIME,COMREF,AAI
PRODUCT_PLANNING,ASCP,PRODUCT,,MSC_SYSTEM_ITEMS,REPAIR_COST,COMREF,AAI
PRODUCT_PLANNING,ASCP,PRODUCT,,MSC_SYSTEM_ITEMS,AVERAGE_DISCOUNT,COMREF,AAI
PRODUCT_PLANNING,ASCP,PRODUCT,,MSC_SYSTEM_ITEMS,FIXED_SAFETY_STOCK_QTY,COMREF,AAI
PRODUCT_PLANNING,ASCP,PRODUCT,,MSC_SYSTEM_ITEMS,SCRAP_RATE,COMREF,AAI
PRODUCT_PLANNING,ASCP,PRODUCT,,MSC_SYSTEM_ITEMS,EXCEPTION_CODE,COMREF,AAI
PRODUCT_PLANNING,ASCP,PRODUCT,,MSC_SYSTEM_ITEMS,OVERRUN_PERCENTAGE,COMREF,AAI
PRODUCT_PLANNING,ASCP,PRODUCT,,MSC_SYSTEM_ITEMS,INVENTORY_ITEM_FLAG,COMREF,AAI
PRODUCT_PLANNING,ASCP,PRODUCT,,MSC_SYSTEM_ITEMS,ABC_CLASS_NAME,COMREF,AAI
PRODUCT_PLANNING,ASCP,PRODUCT,,MSC_SYSTEM_ITEMS,MAXIMUM_ORDER_QUANTITY,COMREF,AAI
PRODUCT_PLANNING,ASCP,PRODUCT,,MSC_SYSTEM_ITEMS,NETTABLE_INVENTORY_QUANTITY,COMREF,AAI
PRODUCT_PLANNING,ASCP,PRODUCT,,MSC_SYSTEM_ITEMS,INVENTORY_ITEM_ID,COMREF,AAI
PRODUCT_PLANNING,ASCP,PRODUCT,,MSC_SYSTEM_ITEMS,ITEM_NAME,COMREF,AAI
PRODUCT_PLANNING,ASCP,PRODUCT,,MSC_SYSTEM_ITEMS,DESCRIPTION,COMREF,AAI
PRODUCT_PLANNING,ASCP,PRODUCT,,MSC_SYSTEM_ITEMS,FULL_LEAD_TIME,COMREF,AAI
PRODUCT_PLANNING,ASCP,PRODUCT,,MSC_SYSTEM_ITEMS,CUM_MANUFACTURING_LEAD_TIME,COMREF,AAI
PRODUCT_PLANNING,ASCP,PRODUCT,,MSC_SYSTEM_ITEMS,REPETITIVE_TYPE,COMREF,AAI
PRODUCT_PLANNING,ASCP,PRODUCT,,MSC_SYSTEM_ITEMS,ENGINEERING_ITEM_FLAG,COMREF,AAI
PRODUCT_PLANNING,ASCP,PRODUCT,,MSC_SYSTEM_ITEMS,REFRESH_NUMBER,COMREF,AAI
PRODUCT_PLANNING,ASCP,PRODUCT,,MSC_SYSTEM_ITEMS,END_OF_LIFE_DATE,COMREF,AAI
PRODUCT_PLANNING,ASCP,PRODUCT,,MSC_SYSTEM_ITEMS,BUDGET_CONSTRAINED,COMREF,AAI
PRODUCT_PLANNING,ASCP,PRODUCT,,MSC_SYSTEM_ITEMS,ADS_CALC_DAYS,COMREF,AAI
PRODUCT_PLANNING,ASCP,PRODUCT,,MSC_SYSTEM_ITEMS,REVISION_QTY_CONTROL_CODE,COMREF,AAI
PRODUCT_PLANNING,ASCP,PRODUCT,,MSC_SYSTEM_ITEMS,SAFETY_STOCK_PERCENT,COMREF,AAI
PRODUCT_PLANNING,ASCP,PRODUCT,,MSC_SYSTEM_ITEMS,EXCEPTION_REP_VARIANCE_DAYS,COMREF,AAI
PRODUCT_PLANNING,ASCP,PRODUCT,,MSC_SYSTEM_ITEMS,ACCEPTABLE_RATE_DECREASE,COMREF,AAI
PRODUCT_PLANNING,ASCP,PRODUCT,,MSC_SYSTEM_ITEMS,NONNETTABLE_INVENTORY_QUANTITY,COMREF,AAI
PRODUCT_PLANNING,ASCP,PRODUCT,,MSC_SYSTEM_ITEMS,INVENTORY_USE_UP_DATE,COMREF,AAI
PRODUCT_PLANNING,ASCP,PRODUCT,,MSC_SYSTEM_ITEMS,ECONOMIC_ORDER_QUANTITY,COMREF,AAI
PRODUCT_PLANNING,ASCP,PRODUCT,,MSC_SYSTEM_ITEMS,DIVERGENCE,COMREF,AAI
PRODUCT_PLANNING,ASCP,PRODUCT,,MSC_SYSTEM_ITEMS,REDUCE_MPS,COMREF,AAI
PRODUCT_PLANNING,ASCP,PRODUCT,,MSC_SYSTEM_ITEMS,VMI_FIXED_ORDER_QUANTITY,COMREF,AAI
PRODUCT_PLANNING,ASCP,PRODUCT,,MSC_SYSTEM_ITEMS,ASN_AUTOEXPIRE_FLAG,COMREF,AAI
PRODUCT_PLANNING,ASCP,PRODUCT,,MSC_SYSTEM_ITEMS,DAYS_TGT_INV_WINDOW,COMREF,AAI
PRODUCT_PLANNING,ASCP,PRODUCT,,MSC_SYSTEM_ITEMS,MAX_DAYS,COMREF,AAI
PRODUCT_PLANNING,ASCP,PRODUCT,,MSC_SYSTEM_ITEMS,SS_WINDOW_SIZE,COMREF,AAI
PRODUCT_PLANNING,ASCP,PRODUCT,,MSC_SYSTEM_ITEMS,EAM_ITEM_TYPE,COMREF,AAI
PRODUCT_PLANNING,ASCP,PRODUCT,,MSC_SYSTEM_ITEMS,LOTS_EXIST,COMREF,AAI
PRODUCT_PLANNING,ASCP,PRODUCT,,MSC_SYSTEM_ITEMS,REPAIR_LEAD_TIME,COMREF,AAI
PRODUCT_PLANNING,ASCP,PRODUCT,,MSC_SYSTEM_ITEMS,PLANNING_UNITS_OF_WORK,COMREF,AAI
PRODUCT_PLANNING,ASCP,PRODUCT,,MSC_SYSTEM_ITEMS,COMP_SUBSTITUTION_FLAG,COMREF,AAI
PRODUCT_PLANNING,ASCP,PRODUCT,,MSC_SYSTEM_ITEMS,DMD_SATISFIED_PERCENT,COMREF,AAI
PRODUCT_PLANNING,ASCP,PRODUCT,,MSC_SYSTEM_ITEMS,SHORTAGE_TYPE,COMREF,AAI
PRODUCT_PLANNING,ASCP,PRODUCT,,MSC_SYSTEM_ITEMS,ANNUAL_SHIP_QTY,COMREF,AAI
PRODUCT_PLANNING,ASCP,PRODUCT,,MSC_SYSTEM_ITEMS,DEMAND_VARIANCE,COMREF,AAI
PRODUCT_PLANNING,ASCP,PRODUCT,,MSC_SYSTEM_ITEMS,FCST_ERROR,COMREF,AAI
PRODUCT_PLANNING,ASCP,PRODUCT,,MSC_APCC_ITEM_D,SR_CATEGORY_ID1,COMREF,AAI
PRODUCT_PLANNING,ASCP,PRODUCT,,MSC_APCC_ITEM_D,CURRENCY_CODE,COMREF,AAI
PRODUCT_PLANNING,ASCP,PRODUCT,,MSC_SYSTEM_ITEMS,SAFETY_STOCK_BUCKET_DAYS,COMREF,AAI
PRODUCT_PLANNING,ASCP,PRODUCT,,MSC_SYSTEM_ITEMS,AVERAGE_ANNUAL_DEMAND,COMREF,AAI
PRODUCT_PLANNING,ASCP,PRODUCT,,MSC_SYSTEM_ITEMS,CRITICAL_COMPONENT_FLAG,COMREF,AAI
PRODUCT_PLANNING,ASCP,PRODUCT,,MSC_SYSTEM_ITEMS,VMI_MINIMUM_UNITS,COMREF,AAI
PRODUCT_PLANNING,ASCP,PRODUCT,,MSC_SYSTEM_ITEMS,VMI_FORECAST_TYPE,COMREF,AAI
PRODUCT_PLANNING,ASCP,PRODUCT,,MSC_SYSTEM_ITEMS,DEMAND_FULFILLMENT_LT,COMREF,AAI
PRODUCT_PLANNING,ASCP,PRODUCT,,MSC_SYSTEM_ITEMS,PLANNING_TIME_FENCE_DATE,COMREF,AAI
PRODUCT_PLANNING,ASCP,PRODUCT,,MSC_SYSTEM_ITEMS,PLANNER_STATUS_CODE,COMREF,AAI
PRODUCT_PLANNING,ASCP,PRODUCT,,MSC_SYSTEM_ITEMS,LIFE_TIME_BUY_DATE,COMREF,AAI
PRODUCT_PLANNING,ASCP,PRODUCT,,MSC_SYSTEM_ITEMS,LAST_REPLAN_DATE,COMREF,AAI
PRODUCT_PLANNING,ASCP,PRODUCT,,MSC_SYSTEM_ITEMS,PLANNING_EXCEPTION_SET,COMREF,AAI
PRODUCT_PLANNING,ASCP,PRODUCT,,MSC_SYSTEM_ITEMS,PREPOSITION_POINT,COMREF,AAI
PRODUCT_PLANNING,ASCP,PRODUCT,,MSC_SYSTEM_ITEMS,REPAIR_PROGRAM,COMREF,AAI
PRODUCT_PLANNING,ASCP,PRODUCT,,MSC_SYSTEM_ITEMS,POSTPROCESSING_LEAD_TIME,COMREF,AAI
PRODUCT_PLANNING,ASCP,PRODUCT,,MSC_SYSTEM_ITEMS,UNIT_WEIGHT,COMREF,AAI
PRODUCT_PLANNING,ASCP,PRODUCT,,MSC_SYSTEM_ITEMS,STD_DMD_OVER_HORIZON,COMREF,AAI
PRODUCT_PLANNING,ASCP,PRODUCT,,MSC_SYSTEM_ITEMS,STD_DEVIATION_FOR_DEMAND,COMREF,AAI
PRODUCT_PLANNING,ASCP,PRODUCT,,MSC_SYSTEM_ITEMS,FORECAST_RULE_FOR_DEMANDS,COMREF,AAI
PRODUCT_PLANNING,ASCP,PRODUCT,,MSC_SYSTEM_ITEMS,REPAIR_YIELD,COMREF,AAI
PRODUCT_PLANNING,ASCP,PRODUCT,,MSC_SYSTEM_ITEMS,REBUILD_ACTIVITY,COMREF,AAI
PRODUCT_PLANNING,ASCP,PRODUCT,,MSC_SYSTEM_ITEMS,STANDARD_DEVIATION,COMREF,AAI
PRODUCT_PLANNING,ASCP,PRODUCT,,MSC_SYSTEM_ITEMS,NO_PL_ORD_BEFORE_WIP_WIN,COMREF,AAI
PRODUCT_PLANNING,ASCP,PRODUCT,,MSC_SYSTEM_ITEMS,ROP_SAFETY_STOCK,COMREF,AAI
PRODUCT_PLANNING,ASCP,PRODUCT,,MSC_SYSTEM_ITEMS,REPLAN_PERIOD,COMREF,AAI
PRODUCT_PLANNING,ASCP,PRODUCT,,MSC_SYSTEM_ITEMS,ATP_COMPONENTS_FLAG,COMREF,AAI
PRODUCT_PLANNING,ASCP,PRODUCT,,MSC_SYSTEM_ITEMS,RESOURCE_COST,COMREF,AAI
PRODUCT_PLANNING,ASCP,PRODUCT,,MSC_SYSTEM_ITEMS,IS_MODIFIED,COMREF,AAI
PRODUCT_PLANNING,ASCP,PRODUCT,,MSC_APCC_ITEM_D,CALENDAR_CODE,COMREF,AAI
PRODUCT_PLANNING,ASCP,PRODUCT,,MSC_SYSTEM_ITEMS,ANNUAL_SHIP_COUNT,COMREF,AAI
PRODUCT_PLANNING,ASCP,PRODUCT,,MSC_SYSTEM_ITEMS,SAFETY_STOCK_MRSL,COMREF,AAI
PRODUCT_PLANNING,ASCP,PRODUCT,,MSC_SYSTEM_ITEMS,MIN_UNITS,COMREF,AAI
PRODUCT_PLANNING,ASCP,PRODUCT,,MSC_SYSTEM_ITEMS,UNSATISFIED_DEMAND_FACTOR,COMREF,AAI
PRODUCT_PLANNING,ASCP,PRODUCT,,MSC_SYSTEM_ITEMS,ORDER_CYCLE_CAL,COMREF,AAI
PRODUCT_PLANNING,ASCP,PRODUCT,,MSC_APCC_ITEM_D,PEGGING_SR_CATEGORY_ID,COMREF,AAI
PRODUCT_PLANNING,ASCP,PRODUCT,,MSC_SYSTEM_ITEMS,ANNUAL_ORDER_CNT,COMREF,AAI
PRODUCT_PLANNING,ASCP,PRODUCT,,MSC_SYSTEM_ITEMS,CONSUME_BEF_PRIMARY_FLAG,COMREF,AAI
PRODUCT_PLANNING,ASCP,PRODUCT,,MSC_SYSTEM_ITEMS,PLANNER_CODE,COMREF,AAI
PRODUCT_PLANNING,ASCP,PRODUCT,,MSC_SYSTEM_ITEMS,MAX_UNITS,COMREF,AAI
PRODUCT_PLANNING,ASCP,PRODUCT,,MSC_SYSTEM_ITEMS,POLICY_UOM,COMREF,AAI
PRODUCT_PLANNING,ASCP,PRODUCT,,MSC_SYSTEM_ITEMS,SR_INSTANCE_ID,COMREF,AAI
PRODUCT_PLANNING,ASCP,PRODUCT,,MSC_SYSTEM_ITEMS,CRITICALITY_CATEGORY,COMREF,AAI
PRODUCT_PLANNING,ASCP,PRODUCT,,MSC_SYSTEM_ITEMS,MEAN_INTER_ARRIVAL,COMREF,AAI
PRODUCT_PLANNING,ASCP,PRODUCT,,MSC_SYSTEM_ITEMS,PLANNING_MAKE_BUY_CODE,COMREF,AAI
PRODUCT_PLANNING,ASCP,PRODUCT,,MSC_SYSTEM_ITEMS,LOT_CONTROL_CODE,COMREF,AAI
PRODUCT_PLANNING,ASCP,PRODUCT,,MSC_SYSTEM_ITEMS,INVENTORY_ASSET_FLAG,COMREF,AAI
PRODUCT_PLANNING,ASCP,PRODUCT,,MSC_SYSTEM_ITEMS,LAST_UPDATE_DATE,COMREF,AAI
PRODUCT_PLANNING,ASCP,PRODUCT,,MSC_SYSTEM_ITEMS,MAX_USAGE_FACTOR,COMREF,AAI
PRODUCT_PLANNING,ASCP,PRODUCT,,MSC_SYSTEM_ITEMS,SS_PENALTY_COST,COMREF,AAI
PRODUCT_PLANNING,ASCP,PRODUCT,,MSC_SYSTEM_ITEMS,INVENTORY_POLICY,COMREF,AAI
PRODUCT_PLANNING,ASCP,PRODUCT,,MSC_SYSTEM_ITEMS,REPAIR_MODULE,COMREF,AAI
PRODUCT_PLANNING,ASCP,PRODUCT,,MSC_SYSTEM_ITEMS,CTB_KPI_HORIZON,COMREF,AAI
PRODUCT_PLANNING,ASCP,PRODUCT,,MSC_SYSTEM_ITEMS,DEFECTIVE_ITEM_COST,COMREF,AAI
PRODUCT_PLANNING,ASCP,PRODUCT,,MSC_SYSTEM_ITEMS,ACCEPTABLE_EARLY_DELIVERY,COMREF,AAI
PRODUCT_PLANNING,ASCP,PRODUCT,,MSC_SYSTEM_ITEMS,MRSL_INGREDIENT,COMREF,AAI
PRODUCT_PLANNING,ASCP,PRODUCT,,MSC_SYSTEM_ITEMS,DEMAND_TIME_FENCE_DATE,COMREF,AAI
PRODUCT_PLANNING,ASCP,PRODUCT,,MSC_SYSTEM_ITEMS,SHRINKAGE_RATE,COMREF,AAI
PRODUCT_PLANNING,ASCP,PRODUCT,,MSC_SYSTEM_ITEMS,EXCEPTION_EXCESS_DAYS,COMREF,AAI
PRODUCT_PLANNING,ASCP,PRODUCT,,MSC_SYSTEM_ITEMS,COMPUTE_EOQ,COMREF,AAI
PRODUCT_PLANNING,ASCP,PRODUCT,,MSC_SYSTEM_ITEMS,CREATION_DATE,COMREF,AAI
PRODUCT_PLANNING,ASCP,PRODUCT,,MSC_SYSTEM_ITEMS,EXCESS_HORIZON,COMREF,AAI
PRODUCT_PLANNING,ASCP,PRODUCT,,MSC_SYSTEM_ITEMS,ROUNDING_CONTROL_TYPE,COMREF,AAI
PRODUCT_PLANNING,ASCP,PRODUCT,,MSC_SYSTEM_ITEMS,SOURCE_ORG_ID,COMREF,AAI
PRODUCT_PLANNING,ASCP,PRODUCT,,MSC_SYSTEM_ITEMS,MRSL_INGREDIENT_ID,COMREF,AAI
PRODUCT_PLANNING,ASCP,PRODUCT,,MSC_SYSTEM_ITEMS,PLANNING_TIME_FENCE_CODE,COMREF,AAI
SUPPLIER,ASCP,SUPPLIER,SUPPLIER,MSC_TRADING_PARTNERS,DISABLE_DATE,COMREF,AAI
SUPPLIER,ASCP,SUPPLIER,SUPPLIER,MSC_TRADING_PARTNERS,PARTNER_NAME,COMREF,AAI
SUPPLIER,ASCP,SUPPLIER,SUPPLIER,MSC_TRADING_PARTNERS,PARTNER_ID,COMREF,AAI
SUPPLIER,ASCP,SUPPLIER,SUPPLIER,,,COMREF,AAI
SUPPLIER,ASCP,SUPPLIER,SUPPLIER,MSC_TRADING_PARTNERS,PARTNER_NUMBER,COMREF,AAI
SUPPLIER,ASCP,SUPPLIER,SUPPLIER,MSC_TRADING_PARTNERS,CREATION_DATE,COMREF,AAI
SUPPLIER,ASCP,SUPPLIER,SUPPLIER,MSC_TRADING_PARTNERS,,COMREF,AAI
SUPPLIER,ASCP,SUPPLIER,SUPPLIER,MSC_TRADING_PARTNERS,SR_TP_ID,COMREF,AAI
SUPPLIER,ASCP,SUPPLIER,SUPPLIER,FND_USER,USER_NAME,COMREF,AAI
SUPPLIER,ASCP,SUPPLIER,SUPPLIER,MSC_TRADING_PARTNERS,SR_INSTANCE_ID,COMREF,AAI
SUPPLIER,ASCP,SUPPLIER,SUPPLIER,MSC_TRADING_PARTNERS,LAST_UPDATE_DATE,COMREF,AAI
SUPPLIER_SITE,ASCP,SUPPLIER,SUPPLIER_SITE,MSC_TRADING_PARTNER_SITES,COUNTRY,COMREF,AAI
SUPPLIER_SITE,ASCP,SUPPLIER,SUPPLIER_SITE,MSC_TRADING_PARTNER_SITES,PARTNER_ID,COMREF,AAI
SUPPLIER_SITE,ASCP,SUPPLIER,SUPPLIER_SITE,,,COMREF,AAI
SUPPLIER_SITE,ASCP,SUPPLIER,SUPPLIER_SITE,MSC_TRADING_PARTNER_SITES,SR_TP_ID,COMREF,AAI
SUPPLIER_SITE,ASCP,SUPPLIER,SUPPLIER_SITE,MSC_TRADING_PARTNER_SITES,PARTNER_ADDRESS,COMREF,AAI
SUPPLIER_SITE,ASCP,SUPPLIER,SUPPLIER_SITE,MSC_TRADING_PARTNER_SITES,TP_SITE_CODE,COMREF,AAI
SUPPLIER_SITE,ASCP,SUPPLIER,SUPPLIER_SITE,MSC_TRADING_PARTNER_SITES,PARTNER_SITE_ID,COMREF,AAI
SUPPLIER_SITE,ASCP,SUPPLIER,SUPPLIER_SITE,MSC_TRADING_PARTNER_SITES,CREATION_DATE,COMREF,AAI
SUPPLIER_SITE,ASCP,SUPPLIER,SUPPLIER_SITE,MSC_TRADING_PARTNER_SITES,LAST_UPDATE_DATE,COMREF,AAI
SUPPLIER_SITE,ASCP,SUPPLIER,SUPPLIER_SITE,FND_USER,USER_NAME,COMREF,AAI
SUPPLIER_SITE,ASCP,SUPPLIER,SUPPLIER_SITE,MSC_TRADING_PARTNER_SITES,SR_INSTANCE_ID,COMREF,AAI
SUPPLIER_SITE,ASCP,SUPPLIER,SUPPLIER_SITE,MSC_TRADING_PARTNER_SITES,,COMREF,AAI
SUPPLIER_SITE,ASCP,SUPPLIER,SUPPLIER_SITE,MSC_TRADING_PARTNER_SITES,CITY,COMREF,AAI
SUPPLIER_SITE,ASCP,SUPPLIER,SUPPLIER_SITE,MSC_TRADING_PARTNER_SITES,STATE,COMREF,AAI
SUPPLIER_SITE,ASCP,SUPPLIER,SUPPLIER_SITE,MSC_TRADING_PARTNER_SITES,POSTAL_CODE,COMREF,AAI
SUPPLIER_SITE,ASCP,SUPPLIER,SUPPLIER_SITE,MSC_TRADING_PARTNER_SITES,SR_TP_SITE_ID,COMREF,AAI
AFTERMARKET_BOM,BMS,PRODUCT,BOM,KIT_COMPONENTS,ITEM_COMPONENT,COMREF,AAI
AFTERMARKET_BOM,BMS,PRODUCT,BOM,KIT_COMPONENTS,QUANTITY,COMREF,AAI
AFTERMARKET_BOM,BMS,PRODUCT,BOM,KIT_COMPONENTS,CREATE_USER,COMREF,AAI
AFTERMARKET_BOM,BMS,PRODUCT,BOM,,,COMREF,AAI
AFTERMARKET_BOM,BMS,PRODUCT,BOM,KIT_COMPONENTS,KIT_SEQUENCE,COMREF,AAI
AFTERMARKET_BOM,BMS,PRODUCT,BOM,KIT_COMPONENTS,LINE_TYPE,COMREF,AAI
AFTERMARKET_BOM,BMS,PRODUCT,BOM,KIT_COMPONENTS,ITEM_PRODUCT_CODE,COMREF,AAI
AFTERMARKET_BOM,BMS,PRODUCT,BOM,KIT_COMPONENTS,ITEM_NUMBER,COMREF,AAI
AFTERMARKET_BOM,BMS,PRODUCT,BOM,KIT_COMPONENTS,ITEM_PRODUCT_COMPONENT,COMREF,AAI
AFTERMARKET_BOM,BMS,PRODUCT,BOM,KIT_COMPONENTS,HDISDELETEDRECORD,COMREF,AAI
AFTERMARKET_BOM,BMS,PRODUCT,BOM,KIT_COMPONENTS,UOM,COMREF,AAI
AFTERMARKET_BOM,BMS,PRODUCT,BOM,KIT_COMPONENTS,CREATE_DATE,COMREF,AAI
AFTERMARKET_BOM,BMS,PRODUCT,BOM,KIT_COMPONENTS,,COMREF,AAI
AFTERMARKET_BOM,BMS,PRODUCT,BOM,KIT_COMPONENTS,DSN,COMREF,AAI
CUSTOMER,BMS,CUSTOMER,Customer,,,COMREF,AAI
CUSTOMER,BMS,CUSTOMER,Customer,CUSTOMER_MSTR_TABLE,CREDIT_HOLD,COMREF,AAI
CUSTOMER,BMS,CUSTOMER,Customer,CUSTOMER_MSTR_TABLE,CUSTOMER_CITY,COMREF,AAI
CUSTOMER,BMS,CUSTOMER,Customer,CUSTOMER_MSTR_TABLE,CUSTOMER_CODE,COMREF,AAI
CUSTOMER,BMS,CUSTOMER,Customer,CUSTOMER_MSTR_TABLE,CUSTOMER_COUNTY,COMREF,AAI
CUSTOMER,BMS,CUSTOMER,Customer,CUSTOMER_MSTR_TABLE,PRIMARY_SEGMENT,COMREF,AAI
CUSTOMER,BMS,CUSTOMER,Customer,CUSTOMER_MSTR_TABLE,CUSTOMER_STATE,COMREF,AAI
CUSTOMER,BMS,CUSTOMER,Customer,CUSTOMER_MSTR_TABLE,CHANGE_USER,COMREF,AAI
CUSTOMER,BMS,CUSTOMER,Customer,CLMST,CL_STATUS,COMREF,AAI
CUSTOMER,BMS,CUSTOMER,Customer,CUSTOMER_MSTR_TABLE,CUSTOMER_NAME,COMREF,AAI
CUSTOMER,BMS,CUSTOMER,Customer,CUSTOMER_MSTR_TABLE,PRIMARY_SERVICE_DIVISION,COMREF,AAI
CUSTOMER,BMS,CUSTOMER,Customer,CUSTOMER_MSTR_TABLE,CUSTOMER_POSTAL_CODE,COMREF,AAI
CUSTOMER,BMS,CUSTOMER,Customer,CODE_NAME_TABLE,CODE_DESC,COMREF,AAI
CUSTOMER,BMS,CUSTOMER,Customer,CUSTOMER_MSTR_TABLE,ADDRESS_LINE_2,COMREF,AAI
CUSTOMER,BMS,CUSTOMER,Customer,CUSTOMER_MSTR_TABLE,CREATE_USER,COMREF,AAI
CUSTOMER,BMS,CUSTOMER,Customer,CUSTOMER_MSTR_TABLE,CUSTOMER_TYPE,COMREF,AAI
CUSTOMER,BMS,CUSTOMER,Customer,CUSTOMER_MSTR_TABLE,COUNTRY_CODE,COMREF,AAI
CUSTOMER,BMS,CUSTOMER,Customer,CUSTOMER_MSTR_TABLE,PRIMARY_SERVICE_LOCATION,COMREF,AAI
CUSTOMER,BMS,CUSTOMER,Customer,CUSTOMER_MSTR_TABLE,SECONDARY_SEGMENT,COMREF,AAI
CUSTOMER,BMS,CUSTOMER,Customer,CUSTOMER_MSTR_TABLE,"PRIMARY_SERVICE_COMPANY, PRIMARY_SERVICE_DIVISION,PRIMARY_SERVICE_LOCATION",COMREF,AAI
CUSTOMER,BMS,CUSTOMER,Customer,CUSTOMER_MSTR_TABLE,CREATE_DATE,COMREF,AAI
CUSTOMER,BMS,CUSTOMER,Customer,CUSTOMER_MSTR_TABLE,ADDRESS_LINE_1,COMREF,AAI
CUSTOMER,BMS,CUSTOMER,Customer,CUSTOMER_MSTR_TABLE,,COMREF,AAI
CUSTOMER,BMS,CUSTOMER,Customer,CUSTOMER_MSTR_TABLE,CHANGE_DATE,COMREF,AAI
CUSTOMER,BMS,CUSTOMER,Customer,CUSTOMER_MSTR_TABLE,ADDRESS_LINE_3,COMREF,AAI
CUSTOMER,BMS,CUSTOMER,Customer,CUSTOMER_MSTR_TABLE,PRIMARY_SERVICE_COMPANY,COMREF,AAI
CUSTOMER,BMS,CUSTOMER,Customer,CUSTOMER_MSTR_TABLE,DFT_RECEIVABLE_TYPE_CODE,COMREF,AAI
CUSTOMER_BILL_TO_LOCATION,BMS,CUSTOMER,Customer,CUSTOMER_MSTR_TABLE,CUSTOMER_AREA_CODE,COMREF,AAI
CUSTOMER_BILL_TO_LOCATION,BMS,CUSTOMER,Customer,CUSTOMER_MSTR_TABLE,PAYMENT_TYPE,COMREF,AAI
CUSTOMER_BILL_TO_LOCATION,BMS,CUSTOMER,Customer,CUSTOMER_MSTR_TABLE,CUSTOMER_SORT_NAME,COMREF,AAI
CUSTOMER_BILL_TO_LOCATION,BMS,CUSTOMER,Customer,CUSTOMER_MSTR_TABLE,CUSTOMER_POSTAL_CODE_SUFFIX,COMREF,AAI
CUSTOMER_BILL_TO_LOCATION,BMS,CUSTOMER,Customer,CUSTOMER_MSTR_TABLE,CUSTOMER_ADDRESS2,COMREF,AAI
CUSTOMER_BILL_TO_LOCATION,BMS,CUSTOMER,Customer,CUSTOMER_MSTR_TABLE,CREATE_DATE,COMREF,AAI
CUSTOMER_BILL_TO_LOCATION,BMS,CUSTOMER,Customer,CUSTOMER_MSTR_TABLE,CUSTOMER_TERMS,COMREF,AAI
CUSTOMER_BILL_TO_LOCATION,BMS,CUSTOMER,Customer,CUSTOMER_MSTR_TABLE,CREATE_USER,COMREF,AAI
CUSTOMER_BILL_TO_LOCATION,BMS,CUSTOMER,Customer,CUSTOMER_MSTR_TABLE,CUSTOMER_POSTAL_CODE,COMREF,AAI
CUSTOMER_BILL_TO_LOCATION,BMS,CUSTOMER,Customer,CUSTOMER_MSTR_TABLE,HDISDELETEDRECORD,COMREF,AAI
CUSTOMER_BILL_TO_LOCATION,BMS,CUSTOMER,Customer,CUSTOMER_MSTR_TABLE,COUNTRY_CODE,COMREF,AAI
CUSTOMER_BILL_TO_LOCATION,BMS,CUSTOMER,Customer,CUSTOMER_MSTR_TABLE,"PRIMARY_SERVICE_COMPANY,PRIMARY_SERVICE_DIVISION,PRIMARY_SERVICE_LOCATION",COMREF,AAI
CUSTOMER_BILL_TO_LOCATION,BMS,CUSTOMER,Customer,CUSTOMER_MSTR_TABLE,CUSTOMER_COUNTY,COMREF,AAI
CUSTOMER_BILL_TO_LOCATION,BMS,CUSTOMER,Customer,,,COMREF,AAI
CUSTOMER_BILL_TO_LOCATION,BMS,CUSTOMER,Customer,CUSTOMER_MSTR_TABLE,CUSTOMER_STATE,COMREF,AAI
CUSTOMER_BILL_TO_LOCATION,BMS,CUSTOMER,Customer,CUSTOMER_MSTR_TABLE,CUSTOMER_ADDRESS1,COMREF,AAI
CUSTOMER_BILL_TO_LOCATION,BMS,CUSTOMER,Customer,CUSTOMER_MSTR_TABLE,CUSTOMER_CODE,COMREF,AAI
CUSTOMER_BILL_TO_LOCATION,BMS,CUSTOMER,Customer,CUSTOMER_MSTR_TABLE,CUSTOMER_CITY,COMREF,AAI
CUSTOMER_BILL_TO_LOCATION,BMS,CUSTOMER,Customer,CUSTOMER_MSTR_TABLE,CUSTOMER_STMT_TO_CODE,COMREF,AAI
CUSTOMER_BILL_TO_LOCATION,BMS,CUSTOMER,Customer,CUSTOMER_MSTR_TABLE,CUSTOMER_ADDRESS3,COMREF,AAI
CUSTOMER_BILL_TO_LOCATION,BMS,CUSTOMER,Customer,CUSTOMER_MSTR_TABLE,CHANGE_USER,COMREF,AAI
CUSTOMER_BILL_TO_LOCATION,BMS,CUSTOMER,Customer,CUSTOMER_MSTR_TABLE,CUSTOMER_CONTACT_NAME,COMREF,AAI
CUSTOMER_BILL_TO_LOCATION,BMS,CUSTOMER,Customer,CUSTOMER_MSTR_TABLE,CUSTOMER_PHONE#,COMREF,AAI
CUSTOMER_BILL_TO_LOCATION,BMS,CUSTOMER,Customer,CUSTOMER_MSTR_TABLE,INTERNAL_ACCOUNT,COMREF,AAI
CUSTOMER_BILL_TO_LOCATION,BMS,CUSTOMER,Customer,CUSTOMER_MSTR_TABLE,CHANGE_DATE,COMREF,AAI
CUSTOMER_SHIP_TO_LOCATION,BMS,CUSTOMER,Customer,CUSTOMER_SHP_TO_NAME,SITE_CHANGE_DATE,COMREF,AAI
CUSTOMER_SHIP_TO_LOCATION,BMS,CUSTOMER,Customer,CUSTOMER_SHP_TO_NAME,SHIP_TO_AREA_CODE,COMREF,AAI
CUSTOMER_SHIP_TO_LOCATION,BMS,CUSTOMER,Customer,CUSTOMER_SHP_TO_NAME,SHIP_TO_SEQ,COMREF,AAI
CUSTOMER_SHIP_TO_LOCATION,BMS,CUSTOMER,Customer,CUSTOMER_SHP_TO_NAME,SHIP_TO_COUNTY,COMREF,AAI
CUSTOMER_SHIP_TO_LOCATION,BMS,CUSTOMER,Customer,CUSTOMER_SHP_TO_NAME,SHIP_TO_PHONE#,COMREF,AAI
CUSTOMER_SHIP_TO_LOCATION,BMS,CUSTOMER,Customer,CUSTOMER_SHP_TO_NAME,SHIP_TO_ADDRESS2,COMREF,AAI
CUSTOMER_SHIP_TO_LOCATION,BMS,CUSTOMER,Customer,CUSTOMER_SHP_TO_NAME,HDISDELETEDRECORD,COMREF,AAI
CUSTOMER_SHIP_TO_LOCATION,BMS,CUSTOMER,Customer,CUSTOMER_SHP_TO_NAME,,COMREF,AAI
CUSTOMER_SHIP_TO_LOCATION,BMS,CUSTOMER,Customer,CUSTOMER_SHP_TO_NAME,SHIP_TO_ADDRESS1,COMREF,AAI
CUSTOMER_SHIP_TO_LOCATION,BMS,CUSTOMER,Customer,CUSTOMER_SHP_TO_NAME,SHIP_TO_ADDRESS3,COMREF,AAI
CUSTOMER_SHIP_TO_LOCATION,BMS,CUSTOMER,Customer,CUSTOMER_SHP_TO_NAME,SHIP_TO_NAME,COMREF,AAI
CUSTOMER_SHIP_TO_LOCATION,BMS,CUSTOMER,Customer,CUSTOMER_SHP_TO_NAME,SITE_CREATE_DATE,COMREF,AAI
CUSTOMER_SHIP_TO_LOCATION,BMS,CUSTOMER,Customer,CUSTOMER_SHP_TO_NAME,SHIP_TO_COUNTRY,COMREF,AAI
CUSTOMER_SHIP_TO_LOCATION,BMS,CUSTOMER,Customer,CUSTOMER_SHP_TO_NAME,CUSTOMER_CODE,COMREF,AAI
CUSTOMER_SHIP_TO_LOCATION,BMS,CUSTOMER,Customer,CUSTOMER_SHP_TO_NAME,SHIP_TO_CITY,COMREF,AAI
CUSTOMER_SHIP_TO_LOCATION,BMS,CUSTOMER,Customer,CUSTOMER_SHP_TO_NAME,SHIP_TO_STATE,COMREF,AAI
CUSTOMER_SHIP_TO_LOCATION,BMS,CUSTOMER,Customer,CUSTOMER_SHP_TO_NAME,SHIP_TO_POSTAL_CODE,COMREF,AAI
CUSTOMER_SHIP_TO_LOCATION,BMS,CUSTOMER,Customer,,,COMREF,AAI
CUSTOMER_SHIP_TO_LOCATION,BMS,CUSTOMER,Customer,CUSTOMER_SHP_TO_NAME,SITE_CREATE_USER,COMREF,AAI
CUSTOMER_SHIP_TO_LOCATION,BMS,CUSTOMER,Customer,CUSTOMER_SHP_TO_NAME,SITE_CHANGE_USER,COMREF,AAI
CUSTOMER_SHIP_TO_LOCATION,BMS,CUSTOMER,Customer,CUSTOMER_SHP_TO_NAME,SHIP_TO_POSTAL_CODE_SUFFIX,COMREF,AAI
CUSTOMER_SHIP_TO_LOCATION,BMS,CUSTOMER,Customer,CUSTOMER_SHP_TO_NAME,"CUSTOMER_CODE,SHIP_TO_SEQ",COMREF,AAI
GL_CODE_COMBINATIONS,BMS,FINANCE,General Ledger,ACCOUNT_MASTER_TABLE,GL_DIVISION_CODE,COMREF,AAI
GL_CODE_COMBINATIONS,BMS,FINANCE,General Ledger,ACCOUNT_MASTER_TABLE,GL_LOCATION_CODE,COMREF,AAI
GL_CODE_COMBINATIONS,BMS,FINANCE,General Ledger,ACCOUNT_MASTER_TABLE,GL_ACCOUNT_NUMBER,COMREF,AAI
GL_CODE_COMBINATIONS,BMS,FINANCE,General Ledger,,,COMREF,AAI
GL_CODE_COMBINATIONS,BMS,FINANCE,General Ledger,ACCOUNT_MASTER_TABLE,GL_DESCRIPTION,COMREF,AAI
GL_CODE_COMBINATIONS,BMS,FINANCE,General Ledger,ACCOUNT_MASTER_TABLE,GL_COMPANY_CODE,COMREF,AAI
GL_CODE_COMBINATIONS,BMS,FINANCE,General Ledger,ACCOUNT_MASTER_TABLE,DSN,COMREF,AAI
GL_CODE_COMBINATIONS,BMS,FINANCE,General Ledger,ACCOUNT_MASTER_TABLE,CREATE_USER,COMREF,AAI
GL_CODE_COMBINATIONS,BMS,FINANCE,General Ledger,ACCOUNT_MASTER_TABLE,CREATE_DATE,COMREF,AAI
GL_CODE_COMBINATIONS,BMS,FINANCE,General Ledger,ACCOUNT_MASTER_TABLE,HDISDELETEDRECORD,COMREF,AAI
GL_CODE_COMBINATIONS,BMS,FINANCE,General Ledger,ACCOUNT_MASTER_TABLE,,COMREF,AAI
GL_CODE_COMBINATIONS,BMS,FINANCE,General Ledger,ACCOUNT_MASTER_TABLE,GL_SUB_ACCOUNT_NUMBER,COMREF,AAI
LOCATION,BMS,LOCATION,Location,,,COMREF,AAI
LOCATION,BMS,LOCATION,Location,LOCATION_CODE_TABLE,HQ_CODE,COMREF,AAI
LOCATION,BMS,LOCATION,Location,LOCATION_CODE_TABLE,LOCATION_STATE,COMREF,AAI
LOCATION,BMS,LOCATION,Location,LOCATION_CODE_TABLE,LOCATION_BOX_CODE,COMREF,AAI
LOCATION,BMS,LOCATION,Location,LOCATION_CODE_TABLE,REGION_CODE,COMREF,AAI
LOCATION,BMS,LOCATION,Location,LOCATION_CODE_TABLE,LOCATION_TYPE_CODE,COMREF,AAI
LOCATION,BMS,LOCATION,Location,LOCATION_CODE_TABLE,GOMS_WAREHOUSE_ID,COMREF,AAI
LOCATION,BMS,LOCATION,Location,LOCATION_CODE_TABLE,LOCATION_TIME_ZONE,COMREF,AAI
LOCATION,BMS,LOCATION,Location,LOCATION_CODE_TABLE,KINAXIS_PLANNED_LOCATION,COMREF,AAI
LOCATION,BMS,LOCATION,Location,LOCATION_CODE_TABLE,LOCATION_COUNTRY,COMREF,AAI
LOCATION,BMS,LOCATION,Location,LOCATION_CODE_TABLE,HDISDELETEDRECORD,COMREF,AAI
LOCATION,BMS,LOCATION,Location,LOCATION_CODE_TABLE,DSN,COMREF,AAI
LOCATION,BMS,LOCATION,Location,LOCATION_CODE_TABLE,LOCATION_ADDRESS_LINE_1,COMREF,AAI
LOCATION,BMS,LOCATION,Location,LOCATION_CODE_TABLE,LOCATION_CITY,COMREF,AAI
LOCATION,BMS,LOCATION,Location,LOCATION_CODE_TABLE,DIST_NUMBER,COMREF,AAI
LOCATION,BMS,LOCATION,Location,LOCATION_CODE_TABLE,LOCATION_CODE,COMREF,AAI
LOCATION,BMS,LOCATION,Location,LOCATION_CODE_TABLE,LOCATION_POSTAL_CODE,COMREF,AAI
LOCATION,BMS,LOCATION,Location,LOCATION_CODE_TABLE,LOCATION_NAME,COMREF,AAI
LOCATION,BMS,LOCATION,Location,LOCATION_CODE_TABLE,LOCATION_ADDRESS_LINE_3,COMREF,AAI
LOCATION,BMS,LOCATION,Location,LOCATION_CODE_TABLE,LOCATION_ADDRESS_LINE_2,COMREF,AAI
LOCATION,BMS,LOCATION,Location,LOCATION_CODE_TABLE,"COMPANY_CODE,DIVISION_CODE,LOCATION_CODE",COMREF,AAI
LOCATION,BMS,LOCATION,Location,LOCATION_CODE_TABLE,,COMREF,AAI
LOOKUP_VALUES,BMS,ALL,SALES ORDER TYPE DESCRIPTION,TRANSACTION_TYPE_CODE_TABLE,,COMREF,AAI
LOOKUP_VALUES,BMS,ALL,PAYMENT_TERM,AP_PAYMENT_TERMS_TABLE,CREATE_USER,COMREF,AAI
LOOKUP_VALUES,BMS,ALL,,CURRENCY_CODE_TABLE,DL_HDP_MODIFIEDDTM,COMREF,AAI
LOOKUP_VALUES,BMS,ALL,SALES ORDER TYPE DESCRIPTION,TRANSACTION_TYPE_CODE_TABLE,TRANSACTION_TYPE_CODE,COMREF,AAI
LOOKUP_VALUES,BMS,ALL,UOM CONVERSION,UOM_CONVERSIONS,CREATE_DATE,COMREF,AAI
LOOKUP_VALUES,BMS,ALL,PAYMENT_TERM,AP_PAYMENT_TERMS_TABLE,,COMREF,AAI
LOOKUP_VALUES,BMS,ALL,CODE_SET_NAME,CODE_NAME_TABLE,CODE_DESC,COMREF,AAI
LOOKUP_VALUES,BMS,ALL,UOM CONVERSION,UOM_CONVERSIONS,FROM_UOM,COMREF,AAI
LOOKUP_VALUES,BMS,ALL,UOM CONVERSION,UOM_CONVERSIONS,FACTOR,COMREF,AAI
LOOKUP_VALUES,BMS,ALL,,CURRENCY_CODE_TABLE,HDISDELETEDRECORD,COMREF,AAI
LOOKUP_VALUES,BMS,ALL,,CURRENCY_CODE_TABLE,DL_HDP_CREATEDDTM,COMREF,AAI
LOOKUP_VALUES,BMS,ALL,,CURRENCY_CODE_TABLE,,COMREF,AAI
LOOKUP_VALUES,BMS,ALL,CODE_SET_NAME,CODE_NAME_TABLE,CODE_NAME,COMREF,AAI
LOOKUP_VALUES,BMS,ALL,,CURRENCY_CODE_TABLE,CURRENCY_CODE,COMREF,AAI
LOOKUP_VALUES,BMS,ALL,PAYMENT_TERM,AP_PAYMENT_TERMS_TABLE,HDISDELETEDRECORD,COMREF,AAI
LOOKUP_VALUES,BMS,ALL,CODE_SET_NAME,CODE_NAME_TABLE,CREATE_USER,COMREF,AAI
LOOKUP_VALUES,BMS,ALL,UOM CONVERSION,UOM_CONVERSIONS,DSN,COMREF,AAI
LOOKUP_VALUES,BMS,ALL,SALES ORDER TYPE DESCRIPTION,TRANSACTION_TYPE_CODE_TABLE,TRANSACTION_TYPE_DESC,COMREF,AAI
LOOKUP_VALUES,BMS,ALL,PAYMENT_TERM,AP_PAYMENT_TERMS_TABLE,CREATE_DATE,COMREF,AAI
LOOKUP_VALUES,BMS,ALL,UOM CONVERSION,UOM_CONVERSIONS,CREATE_USER,COMREF,AAI
LOOKUP_VALUES,BMS,ALL,CODE_SET_NAME,CODE_NAME_TABLE,,COMREF,AAI
LOOKUP_VALUES,BMS,ALL,CODE_SET_NAME,CODE_NAME_TABLE,DSN,COMREF,AAI
LOOKUP_VALUES,BMS,ALL,,CURRENCY_CODE_TABLE,CURRENCY_DESC,COMREF,AAI
LOOKUP_VALUES,BMS,ALL,PAYMENT_TERM,AP_PAYMENT_TERMS_TABLE,DSN,COMREF,AAI
LOOKUP_VALUES,BMS,ALL,UOM CONVERSION,UOM_CONVERSIONS,,COMREF,AAI
LOOKUP_VALUES,BMS,ALL,SALES ORDER TYPE DESCRIPTION,TRANSACTION_TYPE_CODE_TABLE,DSN,COMREF,AAI
LOOKUP_VALUES,BMS,ALL,PAYMENT_TERM,AP_PAYMENT_TERMS_TABLE,VENDOR_PAYMENT_TERMS_DESC,COMREF,AAI
LOOKUP_VALUES,BMS,ALL,PAYMENT_TERM,AP_PAYMENT_TERMS_TABLE,VENDOR_PAYMENT_TERMS_CODE,COMREF,AAI
LOOKUP_VALUES,BMS,ALL,UOM CONVERSION,UOM_CONVERSIONS,TO_UOM,COMREF,AAI
LOOKUP_VALUES,BMS,ALL,UOM CONVERSION,UOM_CONVERSIONS,OPERATION,COMREF,AAI
LOOKUP_VALUES,BMS,ALL,CODE_SET_NAME,CODE_NAME_TABLE,"DSN,CODE_SET_NAME,CODE_NAME",COMREF,AAI
LOOKUP_VALUES,BMS,ALL,CODE_SET_NAME,CODE_NAME_TABLE,CODE_SET_NAME,COMREF,AAI
LOOKUP_VALUES,BMS,ALL,CODE_SET_NAME,CODE_NAME_TABLE,CREATE_DATE,COMREF,AAI
LOOKUP_VALUES,BMS,ALL,,CURRENCY_CODE_TABLE,"CURRENCY_CODE,CURRENCY_DESC",COMREF,AAI
LOOKUP_VALUES,BMS,ALL,PAYMENT_TERM,,,COMREF,AAI
ORGANIZATION,BMS,LOCATION,Organization,LOCATION_CODE_TABLE,DIVISION_CODE,COMREF,AAI
ORGANIZATION,BMS,LOCATION,Organization,,,COMREF,AAI
ORGANIZATION,BMS,LOCATION,Organization,LOCATION_CODE_TABLE,"COMPANY_CODE,DIVISION_CODE,LOCATION_CODE",COMREF,AAI
ORGANIZATION,BMS,LOCATION,Organization,COMPANY_CODE_TABLE,COMPANY_TYPE_CODE,COMREF,AAI
ORGANIZATION,BMS,LOCATION,Organization,LOCATION_CODE_TABLE,LOCATION_CODE,COMREF,AAI
ORGANIZATION,BMS,LOCATION,Organization,LOCATION_CODE_TABLE,DSN,COMREF,AAI
ORGANIZATION,BMS,LOCATION,Organization,LOCATION_CODE_TABLE,"COMPANY_NAME,DIVISION_NAME,LOCATION_NAME",COMREF,AAI
ORGANIZATION,BMS,LOCATION,Organization,COUNTRY_CODE_TABLE,CURRENCY_CODE,COMREF,AAI
ORGANIZATION,BMS,LOCATION,Organization,LOCATION_CODE_TABLE,COMPANY_CODE,COMREF,AAI
ORGANIZATION,BMS,LOCATION,Organization,"COMPANY_CODE_TABLE,DIVISION_CODE_TABLE,LOCATION_CODE_TABLE",HDISDELETEDRECORD,COMREF,AAI
PARTY,BMS,ALL,CUSTOMER,CUSTOMER_MSTR_TABLE,CHANGE_USER,COMREF,AAI
PARTY,BMS,ALL,SUPPLIER,VENDOR_MASTER_TABLE,CREATE_DATE,COMREF,AAI
PARTY,BMS,ALL,SUPPLIER,VENDOR_MASTER_TABLE,,COMREF,AAI
PARTY,BMS,ALL,CUSTOMER,CUSTOMER_MSTR_TABLE,CREATE_USER,COMREF,AAI
PARTY,BMS,ALL,CUSTOMER,CLMST,CL_COM,COMREF,AAI
PARTY,BMS,ALL,ORGANIZATION,,,COMREF,AAI
PARTY,BMS,ALL,ORGANIZATION,COMPANY_CODE_TABLE,COMPANY_TYPE_CODE,COMREF,AAI
PARTY,BMS,ALL,SUPPLIER,VENDOR_MASTER_TABLE,PO_VENDOR_DEACTIVATE_CODE,COMREF,AAI
PARTY,BMS,ALL,CUSTOMER,CUSTOMER_MSTR_TABLE,HDISDELETEDRECORD,COMREF,AAI
PARTY,BMS,ALL,SUPPLIER,VENDOR_MASTER_TABLE,VENDOR_TYPE_CODE,COMREF,AAI
PARTY,BMS,ALL,SUPPLIER,VENDOR_MASTER_TABLE,HDISDELETEDRECORD,COMREF,AAI
PARTY,BMS,ALL,ORGANIZATION,COMPANY_CODE_TABLE,COMPANY_CODE,COMREF,AAI
PARTY,BMS,ALL,CUSTOMER,CUSTOMER_MSTR_TABLE,CHANGE_DATE,COMREF,AAI
PARTY,BMS,ALL,CUSTOMER,CLMST,CL_STATUS,COMREF,AAI
PARTY,BMS,ALL,CUSTOMER,CUSTOMER_MSTR_TABLE,CUSTOMER_CODE,COMREF,AAI
PARTY,BMS,ALL,SUPPLIER,VENDOR_MASTER_TABLE,VENDOR_NUMBER,COMREF,AAI
PARTY,BMS,ALL,SUPPLIER,VENDOR_MASTER_TABLE,COMPANY_CODE,COMREF,AAI
PARTY,BMS,ALL,CUSTOMER,CUSTOMER_MSTR_TABLE,CREATE_DATE,COMREF,AAI
PARTY,BMS,ALL,CUSTOMER,,,COMREF,AAI
PARTY,BMS,ALL,CUSTOMER,CUSTOMER_MSTR_TABLE,CUSTOMER_NAME,COMREF,AAI
PARTY,BMS,ALL,SUPPLIER,VENDOR_MASTER_TABLE,VENDOR_NAME,COMREF,AAI
PARTY,BMS,ALL,SUPPLIER,,,COMREF,AAI
PARTY,BMS,ALL,SUPPLIER,VENDOR_MASTER_TABLE,CREATE_USER,COMREF,AAI
PARTY,BMS,ALL,ORGANIZATION,COMPANY_CODE_TABLE,COMPANY_NAME,COMREF,AAI
PARTY,BMS,ALL,SUPPLIER,VENDOR_MASTER_TABLE,DL_HDP_MODIFIEDDTM,COMREF,AAI
PARTY,BMS,ALL,ORGANIZATION,COMPANY_CODE_TABLE,DIST_LEGAL_NAME,COMREF,AAI
PRODUCT,BMS,PRODUCT,Product,ITEM_MASTER_TABLE,PACKAGE_WEIGHT_IN_POUNDS,COMREF,AAI
PRODUCT,BMS,PRODUCT,Product,ITEM_MASTER_TABLE,PRICE_GROUP,COMREF,AAI
PRODUCT,BMS,PRODUCT,Product,ITEM_MASTER_TABLE,ITEM_GROUP_CODE,COMREF,AAI
PRODUCT,BMS,PRODUCT,Product,ITEM_MASTER_TABLE,SOURCE_TO_ORDER,COMREF,AAI
PRODUCT,BMS,PRODUCT,Product,ITEM_MASTER_TABLE,ORIGIN,COMREF,AAI
PRODUCT,BMS,PRODUCT,Product,ITEM_MASTER_TABLE,VENDOR_ITEM#,COMREF,AAI
PRODUCT,BMS,PRODUCT,Product,ITEM_MASTER_TABLE,ITEM_TYPE_CODE,COMREF,AAI
PRODUCT,BMS,PRODUCT,Product,ITEM_MASTER_TABLE,FUTURE_SALES_STATUS_CODE,COMREF,AAI
PRODUCT,BMS,PRODUCT,Product,ITEM_MASTER_TABLE,STATUS,COMREF,AAI
PRODUCT,BMS,PRODUCT,Product,ITEM_TYPE_CODES,SERIALIZED,COMREF,AAI
PRODUCT,BMS,PRODUCT,Product,PF_PRODUCTS,ENTERPRIZE,COMREF,AAI
PRODUCT,BMS,PRODUCT,Product,ITEM_MASTER_TABLE,,COMREF,AAI
PRODUCT,BMS,PRODUCT,Product,ITEM_MASTER_TABLE,PACK_QUANTITY,COMREF,AAI
PRODUCT,BMS,PRODUCT,Product,ITEM_MASTER_TABLE,DFT_UOM,COMREF,AAI
PRODUCT,BMS,PRODUCT,Product,ITEM_MASTER_TABLE,MADE_TO_ORDER,COMREF,AAI
PRODUCT,BMS,PRODUCT,Product,ITEM_MASTER_TABLE,KIT,COMREF,AAI
PRODUCT,BMS,PRODUCT,Product,ITEM_MASTER_TABLE,FUTURE_EFF_DATE,COMREF,AAI
PRODUCT,BMS,PRODUCT,Product,ITEM_MASTER_TABLE,SERIAL_NUMBER_TRACKING,COMREF,AAI
PRODUCT,BMS,PRODUCT,Product,ITEM_TYPE_CODES,ACCOUNT,COMREF,AAI
PRODUCT,BMS,PRODUCT,Product,ITEM_MASTER_TABLE,GOMS_STATUS_CODE,COMREF,AAI
PRODUCT,BMS,PRODUCT,Product,ITEM_MASTER_TABLE,DSN,COMREF,AAI
PRODUCT,BMS,PRODUCT,Product,ITEM_MASTER_TABLE,ECOMMERCE_FLAG,COMREF,AAI
PRODUCT,BMS,PRODUCT,Product,ITEM_MASTER_TABLE,ITEM_PRODUCT_CODE,COMREF,AAI
PRODUCT,BMS,PRODUCT,Product,ITEM_MASTER_TABLE,CPL_NUMBER,COMREF,AAI
PRODUCT,BMS,PRODUCT,Product,ITEM_MASTER_TABLE,CHANGE_DATE,COMREF,AAI
PRODUCT,BMS,PRODUCT,Product,ITEM_MASTER_TABLE,DISPOSITION_CODE,COMREF,AAI
PRODUCT,BMS,PRODUCT,Product,,,COMREF,AAI
PRODUCT,BMS,PRODUCT,Product,ITEM_MASTER_TABLE,CHANGE_USER,COMREF,AAI
PRODUCT,BMS,PRODUCT,Product,ITEM_MASTER_TABLE,DFT_ORDER_FROM_VENDOR,COMREF,AAI
PRODUCT,BMS,PRODUCT,Product,ITEM_MASTER_TABLE,ITEM_NUMBER,COMREF,AAI
PRODUCT,BMS,PRODUCT,Product,ITEM_MASTER_TABLE,HARZ_MAT,COMREF,AAI
PRODUCT,BMS,PRODUCT,Product,ITEM_MASTER_TABLE,PURCHASE_PRICE,COMREF,AAI
PRODUCT,BMS,PRODUCT,Product,ITEM_MASTER_TABLE,HDISDELETEDRECORD,COMREF,AAI
PRODUCT,BMS,PRODUCT,Product,ITEM_MASTER_TABLE,CREATE_DATE,COMREF,AAI
PRODUCT,BMS,PRODUCT,Product,ITEM_MASTER_TABLE,CREATE_USER,COMREF,AAI
PRODUCT,BMS,PRODUCT,Product,ITEM_MASTER_TABLE,KINAXIS_PLANNED_SO,COMREF,AAI
PRODUCT,BMS,PRODUCT,Product,ITEM_MASTER_TABLE,ITEM_DESC ,COMREF,AAI
PRODUCT,BMS,PRODUCT,Product,ITEM_MASTER_TABLE,DEACTIVATED ,COMREF,AAI
PRODUCT_SEGMENT,BMS,PRODUCT,Pricing,,HDISDELETEDRECORD,COMREF,AAI
PRODUCT_SEGMENT,BMS,PRODUCT,Product,ITEM_MASTER_TABLE,,COMREF,AAI
PRODUCT_SEGMENT,BMS,PRODUCT,Pricing,ITEM_MASTER_TABLE,,COMREF,AAI
PRODUCT_SEGMENT,BMS,PRODUCT,Pricing,ITEM_MASTER_TABLE,MODEL_NUMBER,COMREF,AAI
PRODUCT_SEGMENT,BMS,PRODUCT,Pricing,ITEM_MASTER_TABLE,CHANGE_USER,COMREF,AAI
PRODUCT_SEGMENT,BMS,PRODUCT,Pricing,ITEM_MASTER_TABLE,APP_CODE,COMREF,AAI
PRODUCT_SEGMENT,BMS,PRODUCT,Pricing,ITEM_MASTER_TABLE,TECH_CFG_NUMBER,COMREF,AAI
PRODUCT_SEGMENT,BMS,PRODUCT,Pricing,ITEM_MASTER_TABLE,CREATE_USER,COMREF,AAI
PRODUCT_SEGMENT,BMS,PRODUCT,Pricing,ITEM_MASTER_TABLE,DSN,COMREF,AAI
PRODUCT_SEGMENT,BMS,PRODUCT,Pricing,,,COMREF,AAI
PRODUCT_SEGMENT,BMS,PRODUCT,Pricing,ITEM_MASTER_TABLE,CHANGE_DATE,COMREF,AAI
PRODUCT_SEGMENT,BMS,PRODUCT,Pricing,ITEM_MASTER_TABLE,ITEM_NUMBER,COMREF,AAI
PRODUCT_SEGMENT,BMS,PRODUCT,Pricing,ITEM_MASTER_TABLE,OPTION_IDENTIFIER,COMREF,AAI
PRODUCT_SEGMENT,BMS,PRODUCT,Pricing,ITEM_MASTER_TABLE,CREATE_DATE,COMREF,AAI
PRODUCT_SEGMENT,BMS,PRODUCT,Pricing,ITEM_MASTER_TABLE,ITEM_FAMILY_CODE,COMREF,AAI
PRODUCT_SUPERSESSION,BMS,PRODUCT,Product,SUPERSEDING_ITEM_DETAIL,HDISDELETEDRECORD,COMREF,AAI
PRODUCT_SUPERSESSION,BMS,PRODUCT,Product,SUPERSEDING_ITEM_DETAIL,ITEM_PRODUCT_CODE,COMREF,AAI
PRODUCT_SUPERSESSION,BMS,PRODUCT,Product,SUPERSEDING_ITEM_DETAIL,SUPERSEDING_PRODUCT_CODE,COMREF,AAI
PRODUCT_SUPERSESSION,BMS,PRODUCT,Product,SUPERSEDING_ITEM_DETAIL,CREATE_DATE,COMREF,AAI
PRODUCT_SUPERSESSION,BMS,PRODUCT,Product,SUPERSEDING_ITEM_DETAIL,CREATE_USER,COMREF,AAI
PRODUCT_SUPERSESSION,BMS,PRODUCT,Product,SUPERSEDING_ITEM_DETAIL,SUPERSEDING_SEQ# ,COMREF,AAI
PRODUCT_SUPERSESSION,BMS,PRODUCT,Product,SUPERSEDING_ITEM_DETAIL,DSN,COMREF,AAI
PRODUCT_SUPERSESSION,BMS,PRODUCT,Product,SUPERSEDING_ITEM_DETAIL,,COMREF,AAI
PRODUCT_SUPERSESSION,BMS,PRODUCT,Product,SUPERSEDING_ITEM_DETAIL,ITEM_NUMBER,COMREF,AAI
PRODUCT_SUPERSESSION,BMS,PRODUCT,Product,SUPERSEDING_ITEM_DETAIL,SUPERSEDING_DATE,COMREF,AAI
PRODUCT_SUPERSESSION,BMS,PRODUCT,Product,SUPERSEDING_ITEM_DETAIL,SUPERSEDING_ITEM#,COMREF,AAI
PRODUCT_SUPERSESSION,BMS,PRODUCT,Product,SUPERSEDING_ITEM_DETAIL,SUPERSEDING_QTY,COMREF,AAI
PRODUCT_SUPERSESSION,BMS,PRODUCT,Product,,,COMREF,AAI
PRODUCT_SUPPLIER,BMS,"PRODUCT, SUPPLIER",Product,VENDOR_ORDER_IDENTIFIERS,RDC_LOCATION,COMREF,AAI
PRODUCT_SUPPLIER,BMS,"PRODUCT, SUPPLIER",Product,ITEM_LOCATION_MASTER,DSN,COMREF,AAI
PRODUCT_SUPPLIER,BMS,"PRODUCT, SUPPLIER",Product,ITEM_LOCATION_MASTER,CHANGE_USER,COMREF,AAI
PRODUCT_SUPPLIER,BMS,"PRODUCT, SUPPLIER",Product,ITEM_LOCATION_MASTER,HDISDELETEDRECORD,COMREF,AAI
PRODUCT_SUPPLIER,BMS,"PRODUCT, SUPPLIER",Product,ITEM_LOCATION_MASTER,LOCATION_CODE,COMREF,AAI
PRODUCT_SUPPLIER,BMS,"PRODUCT, SUPPLIER",Product,ITEM_LOCATION_MASTER,ECONOMIC_ORDER_QUANTITY,COMREF,AAI
PRODUCT_SUPPLIER,BMS,"PRODUCT, SUPPLIER",Product,ITEM_LOCATION_MASTER,ITEM_SUB_LOCATION_CODE,COMREF,AAI
PRODUCT_SUPPLIER,BMS,"PRODUCT, SUPPLIER",Product,ITEM_LOCATION_MASTER,MANUAL_WEEKLY_LEAD_TIME,COMREF,AAI
PRODUCT_SUPPLIER,BMS,"PRODUCT, SUPPLIER",Product,ITEM_LOCATION_MASTER,CHANGE_DATE,COMREF,AAI
PRODUCT_SUPPLIER,BMS,"PRODUCT, SUPPLIER",Product,,,COMREF,AAI
PRODUCT_SUPPLIER,BMS,"PRODUCT, SUPPLIER",Product,ITEM_LOCATION_MASTER,CREATE_USER,COMREF,AAI
PRODUCT_SUPPLIER,BMS,"PRODUCT, SUPPLIER",Product,ITEM_LOCATION_MASTER,PRIMARY_VENDOR,COMREF,AAI
PRODUCT_SUPPLIER,BMS,"PRODUCT, SUPPLIER",Product,ITEM_LOCATION_MASTER,,COMREF,AAI
PRODUCT_SUPPLIER,BMS,"PRODUCT, SUPPLIER",Product,ITEM_LOCATION_MASTER,ITEM_NUMBER,COMREF,AAI
PRODUCT_SUPPLIER,BMS,"PRODUCT, SUPPLIER",Product,ITEM_LOCATION_MASTER,CREATE_DATE,COMREF,AAI
SPEND_CATEGORY,BMS,PROCUREMENT,Procurement,ONEBMS_CATEGORY,CATEGORY_2,COMREF,AAI
SPEND_CATEGORY,BMS,PROCUREMENT,Procurement,ONEBMS_CATEGORY,CATEGORY_4,COMREF,AAI
SPEND_CATEGORY,BMS,PROCUREMENT,Procurement,ONEBMS_CATEGORY,ERP_VENDOR_NO,COMREF,AAI
SPEND_CATEGORY,BMS,PROCUREMENT,Procurement,ONEBMS_CATEGORY,SNOWFLAKE_CREATEDDTM,COMREF,AAI
SPEND_CATEGORY,BMS,PROCUREMENT,Procurement,ONEBMS_CATEGORY,CATEGORY_3,COMREF,AAI
SPEND_CATEGORY,BMS,PROCUREMENT,Procurement," "," ",COMREF,AAI
SPEND_CATEGORY,BMS,PROCUREMENT,Procurement,ONEBMS_CATEGORY,SNOWFLAKE_MODIFIEDDTM,COMREF,AAI
SPEND_CATEGORY,BMS,PROCUREMENT,Procurement,,DSN,COMREF,AAI
SPEND_CATEGORY,BMS,PROCUREMENT,Procurement,,,COMREF,AAI
SPEND_CATEGORY,BMS,PROCUREMENT,Procurement,ONEBMS_CATEGORY,ERP_VENDOR_NAME,COMREF,AAI
SPEND_CATEGORY,BMS,PROCUREMENT,Procurement,ONEBMS_CATEGORY,CATEGORY_1,COMREF,AAI
SUPPLIER,BMS,SUPPLIER,SUPPLIER,VENDOR_MASTER_TABLE,VENDOR_NAME,COMREF,AAI
SUPPLIER,BMS,SUPPLIER,SUPPLIER,VENDOR_MASTER_TABLE,VENDOR_MAIL_ADDRESS1,COMREF,AAI
SUPPLIER,BMS,SUPPLIER,SUPPLIER,VENDOR_MASTER_TABLE,VENDOR_MAIL_POSTAL_CODE,COMREF,AAI
SUPPLIER,BMS,SUPPLIER,SUPPLIER,vendor_master_table,VENDOR_DFT_CASH_TYPE_CODE,COMREF,AAI
SUPPLIER,BMS,SUPPLIER,SUPPLIER,VENDOR_MASTER_TABLE,VENDOR_TYPE_CODE,COMREF,AAI
SUPPLIER,BMS,SUPPLIER,SUPPLIER,VENDOR_MASTER_TABLE,VENDOR_REMIT_TO_STATE,COMREF,AAI
SUPPLIER,BMS,SUPPLIER,SUPPLIER,VENDOR_MASTER_TABLE,VENDOR_MAIL_ADDRESS3,COMREF,AAI
SUPPLIER,BMS,SUPPLIER,SUPPLIER,vendor_master_table,VENDOR_MAIL_BOX_NUMBER,COMREF,AAI
SUPPLIER,BMS,SUPPLIER,SUPPLIER,VENDOR_MASTER_TABLE,VENDOR_1099,COMREF,AAI
SUPPLIER,BMS,SUPPLIER,SUPPLIER,VENDOR_MASTER_TABLE,PAY_CODE,COMREF,AAI
SUPPLIER,BMS,SUPPLIER,SUPPLIER,VENDOR_MASTER_TABLE,VENDOR_DEACTIVATE_CODE,COMREF,AAI
SUPPLIER,BMS,SUPPLIER,SUPPLIER,VENDOR_MASTER_TABLE,VENDOR_FEDERAL_ID_NUMBER,COMREF,AAI
SUPPLIER,BMS,SUPPLIER,SUPPLIER,VENDOR_MASTER_TABLE,REMIT_COUNTRY_CODE,COMREF,AAI
SUPPLIER,BMS,SUPPLIER,SUPPLIER,VENDOR_MASTER_TABLE,INTERNAL_VENDOR,COMREF,AAI
SUPPLIER,BMS,SUPPLIER,SUPPLIER,VENDOR_MASTER_TABLE,VENDOR_REMIT_TO_ADDRESS2,COMREF,AAI
SUPPLIER,BMS,SUPPLIER,SUPPLIER,VENDOR_MASTER_TABLE,VENDOR_REMIT_TO_POSTAL_CODE,COMREF,AAI
SUPPLIER,BMS,SUPPLIER,SUPPLIER,VENDOR_MASTER_TABLE,VENDOR_MAIL_ADDRESS2,COMREF,AAI
SUPPLIER,BMS,SUPPLIER,SUPPLIER,VENDOR_MASTER_TABLE,VENDOR_S360_NUMBER,COMREF,AAI
SUPPLIER,BMS,SUPPLIER,SUPPLIER,VENDOR_MASTER_TABLE,CREATE_USER,COMREF,AAI
SUPPLIER,BMS,SUPPLIER,SUPPLIER,VENDOR_MASTER_TABLE,CHANGE_DATE,COMREF,AAI
SUPPLIER,BMS,SUPPLIER,SUPPLIER,VENDOR_MASTER_TABLE,VENDOR_DFT_TERMS_CODE,COMREF,AAI
SUPPLIER,BMS,SUPPLIER,SUPPLIER,VENDOR_MASTER_TABLE,VENDOR_NUMBER,COMREF,AAI
SUPPLIER,BMS,SUPPLIER,SUPPLIER,VENDOR_MASTER_TABLE,CREATE_DATE,COMREF,AAI
SUPPLIER,BMS,SUPPLIER,SUPPLIER,,,COMREF,AAI
SUPPLIER,BMS,SUPPLIER,SUPPLIER,vendor_master_table,VENDOR_PHONE_NUMBER,COMREF,AAI
SUPPLIER,BMS,SUPPLIER,SUPPLIER,VENDOR_MASTER_TABLE,,COMREF,AAI
SUPPLIER,BMS,SUPPLIER,SUPPLIER,VENDOR_MASTER_TABLE,VENDOR_REMIT_TO_ADDRESS1,COMREF,AAI
SUPPLIER,BMS,SUPPLIER,SUPPLIER,VENDOR_MASTER_TABLE,VENDOR_REMIT_TO_CITY,COMREF,AAI
SUPPLIER,BMS,SUPPLIER,SUPPLIER,VENDOR_MASTER_TABLE,VENDOR_MAIL_CITY,COMREF,AAI
SUPPLIER,BMS,SUPPLIER,SUPPLIER,VENDOR_MASTER_TABLE,VENDOR_MAIL_STATE,COMREF,AAI
SUPPLIER,BMS,SUPPLIER,SUPPLIER,,CHANGE_USER,COMREF,AAI
SUPPLIER,BMS,SUPPLIER,SUPPLIER,VENDOR_MASTER_TABLE,VENDOR_COUNTRY_CODE,COMREF,AAI
SUPPLIER_ORDER_LOCATION,BMS,SUPPLIER,,VENDOR_ORDER_IDENTIFIERS,COMPANY_CODE,COMREF,SCBI
SUPPLIER_ORDER_LOCATION,BMS,SUPPLIER,,VENDOR_ORDER_IDENTIFIERS,RDC_LOCATION,COMREF,SCBI
SUPPLIER_ORDER_LOCATION,BMS,SUPPLIER,,VENDOR_ORDER_IDENTIFIERS,DSN,COMREF,SCBI
SUPPLIER_ORDER_LOCATION,BMS,SUPPLIER,,VENDOR_ORDER_IDENTIFIERS,ORDER_IDENTIFIER_CODE,COMREF,SCBI
SUPPLIER_ORDER_LOCATION,BMS,SUPPLIER,,VENDOR_ORDER_IDENTIFIERS,CREATE_USER,COMREF,SCBI
SUPPLIER_ORDER_LOCATION,BMS,SUPPLIER,,VENDOR_ORDER_IDENTIFIERS,ORDER_FROM_RDC,COMREF,SCBI
SUPPLIER_ORDER_LOCATION,BMS,SUPPLIER,,VENDOR_ORDER_IDENTIFIERS,CREATE_DATE,COMREF,SCBI
SUPPLIER_ORDER_LOCATION,BMS,SUPPLIER,,VENDOR_ORDER_IDENTIFIERS,DIVISION_CODE,COMREF,SCBI
SUPPLIER_ORDER_LOCATION,BMS,SUPPLIER,,VENDOR_ORDER_IDENTIFIERS,,COMREF,SCBI
SUPPLIER_ORDER_LOCATION,BMS,SUPPLIER,,VENDOR_ORDER_IDENTIFIERS,VENDOR_NUMBER,COMREF,SCBI
SUPPLIER_ORDER_LOCATION,BMS,SUPPLIER,,VENDOR_ORDER_IDENTIFIERS,HDISDELETEDRECORD,COMREF,SCBI
SUPPLIER_ORDER_LOCATION,BMS,SUPPLIER,,,,COMREF,SCBI
SUPPLIER_ORDER_LOCATION,BMS,SUPPLIER,,VENDOR_ORDER_IDENTIFIERS,ORDER_FROM_WAREHOUSE,COMREF,SCBI
SUPPLIER_ORDER_LOCATION,BMS,SUPPLIER,,VENDOR_ORDER_IDENTIFIERS,LOCATION_CODE,COMREF,SCBI
SUPPLIER_SITE,BMS,SUPPLIER,SUPPLIER_SITE,,,COMREF,AAI
SUPPLIER_SITE,BMS,SUPPLIER,SUPPLIER_SITE,vendor_multiple_address_table,CREATE_DATE,COMREF,AAI
SUPPLIER_SITE,BMS,SUPPLIER,SUPPLIER_SITE,vendor_multiple_address_table,SHIPTO_ADDRESS1,COMREF,AAI
SUPPLIER_SITE,BMS,SUPPLIER,SUPPLIER_SITE,vendor_multiple_address_table,SHIPTO_CITY,COMREF,AAI
SUPPLIER_SITE,BMS,SUPPLIER,SUPPLIER_SITE,vendor_multiple_address_table,VENDOR_NUMBER,COMREF,AAI
SUPPLIER_SITE,BMS,SUPPLIER,SUPPLIER_SITE,vendor_multiple_address_table,CHANGE_USER,COMREF,AAI
SUPPLIER_SITE,BMS,SUPPLIER,SUPPLIER_SITE,vendor_multiple_address_table,CREATE_USER,COMREF,AAI
SUPPLIER_SITE,BMS,SUPPLIER,SUPPLIER_SITE,vendor_multiple_address_table,SHIPTO_ADDRESS3,COMREF,AAI
SUPPLIER_SITE,BMS,SUPPLIER,SUPPLIER_SITE,vendor_multiple_address_table,DEFAULT_ADDRESS,COMREF,AAI
SUPPLIER_SITE,BMS,SUPPLIER,SUPPLIER_SITE,vendor_multiple_address_table,SHIPTO_STATE,COMREF,AAI
SUPPLIER_SITE,BMS,SUPPLIER,SUPPLIER_SITE,vendor_multiple_address_table,SHIPTO_ADDRESS2,COMREF,AAI
SUPPLIER_SITE,BMS,SUPPLIER,SUPPLIER_SITE,vendor_multiple_address_table,SHIPTO_POSTAL_CODE,COMREF,AAI
SUPPLIER_SITE,BMS,SUPPLIER,SUPPLIER_SITE,vendor_multiple_address_table,CHANGE_DATE,COMREF,AAI
SUPPLIER_SITE,BMS,SUPPLIER,SUPPLIER_SITE,vendor_multiple_address_table,SHIPTO_SEQ,COMREF,AAI
SUPPLIER_SITE,BMS,SUPPLIER,SUPPLIER_SITE,vendor_multiple_address_table,SHIPTO_PHONE_NUMBER,COMREF,AAI
UNIT_OF_MEASURE_CONVERSION,BMS,ALL,UOM,UOM_CONVERSIONS,CREATE_USER,COMREF,AAI
UNIT_OF_MEASURE_CONVERSION,BMS,ALL,UOM,UOM_CONVERSIONS,TO_UOM,COMREF,AAI
UNIT_OF_MEASURE_CONVERSION,BMS,ALL,UOM,UOM_CONVERSIONS,,COMREF,AAI
UNIT_OF_MEASURE_CONVERSION,BMS,ALL,UOM,UOM_CONVERSIONS,FROM_UOM,COMREF,AAI
UNIT_OF_MEASURE_CONVERSION,BMS,ALL,UOM,UOM_CONVERSIONS,CREATE_DATE,COMREF,AAI
UNIT_OF_MEASURE_CONVERSION,BMS,ALL,UOM,UOM_CONVERSIONS,OPERATION,COMREF,AAI
UNIT_OF_MEASURE_CONVERSION,BMS,ALL,UOM,UOM_CONVERSIONS,DSN,COMREF,AAI
UNIT_OF_MEASURE_CONVERSION,BMS,ALL,UOM,UOM_CONVERSIONS,HDISDELETEDRECORD,COMREF,AAI
UNIT_OF_MEASURE_CONVERSION,BMS,ALL,UOM,UOM_CONVERSIONS,FACTOR,COMREF,AAI
EXCHANGE_RATE,BOLT,FINANCE,General Ledger,GL_DAILY_RATES,DSN,COMREF,AAI
EXCHANGE_RATE,BOLT,FINANCE,General Ledger,GL_DAILY_RATES,CONVERSION_RATE,COMREF,AAI
EXCHANGE_RATE,BOLT,FINANCE,General Ledger,FND_USER,USER_NAME,COMREF,AAI
EXCHANGE_RATE,BOLT,FINANCE,General Ledger,GL_DAILY_RATES,CREATION_DATE,COMREF,AAI
EXCHANGE_RATE,BOLT,FINANCE,General Ledger,GL_DAILY_RATES,STATUS_CODE,COMREF,AAI
EXCHANGE_RATE,BOLT,FINANCE,General Ledger,GL_DAILY_RATES,,COMREF,AAI
EXCHANGE_RATE,BOLT,FINANCE,General Ledger,GL_DAILY_RATES,CONVERSION_TYPE,COMREF,AAI
EXCHANGE_RATE,BOLT,FINANCE,General Ledger,GL_DAILY_RATES,FROM_CURRENCY,COMREF,AAI
EXCHANGE_RATE,BOLT,FINANCE,General Ledger,GL_DAILY_RATES,LAST_UPDATED_DATE,COMREF,AAI
EXCHANGE_RATE,BOLT,FINANCE,General Ledger,,,COMREF,AAI
EXCHANGE_RATE,BOLT,FINANCE,General Ledger,GL_DAILY_RATES,HDISDELETEDRECORD,COMREF,AAI
EXCHANGE_RATE,BOLT,FINANCE,General Ledger,GL_DAILY_RATES,TO_CURRENCY,COMREF,AAI
EXCHANGE_RATE,BOLT,FINANCE,General Ledger,GL_DAILY_RATES,CONVERSION_DATE,COMREF,AAI
GL_CODE_COMBINATIONS,BOLT,FINANCE,General Ledger,GL_CODE_COMBINATIONS,,COMREF,AAI
GL_CODE_COMBINATIONS,BOLT,FINANCE,General Ledger,GL_CODE_COMBINATIONS,END_DATE_ACTIVE,COMREF,AAI
GL_CODE_COMBINATIONS,BOLT,FINANCE,General Ledger,GL_CODE_COMBINATIONS,DESCRIPTION,COMREF,AAI
GL_CODE_COMBINATIONS,BOLT,FINANCE,General Ledger,GL_CODE_COMBINATIONS,CODE_COMBINATION_ID,COMREF,AAI
GL_CODE_COMBINATIONS,BOLT,FINANCE,General Ledger,GL_CODE_COMBINATIONS,SEGMENT6,COMREF,AAI
GL_CODE_COMBINATIONS,BOLT,FINANCE,General Ledger,GL_CODE_COMBINATIONS,HDISDELETEDRECORD,COMREF,AAI
GL_CODE_COMBINATIONS,BOLT,FINANCE,General Ledger,GL_CODE_COMBINATIONS,SEGMENT7,COMREF,AAI
GL_CODE_COMBINATIONS,BOLT,FINANCE,General Ledger,GL_CODE_COMBINATIONS,START_DATE_ACTIVE,COMREF,AAI
GL_CODE_COMBINATIONS,BOLT,FINANCE,General Ledger,GL_CODE_COMBINATIONS,LAST_UPDATE_DATE,COMREF,AAI
GL_CODE_COMBINATIONS,BOLT,FINANCE,General Ledger,GL_CODE_COMBINATIONS,SEGMENT4,COMREF,AAI
GL_CODE_COMBINATIONS,BOLT,FINANCE,General Ledger,GL_CODE_COMBINATIONS,DSN,COMREF,AAI
GL_CODE_COMBINATIONS,BOLT,FINANCE,General Ledger,GL_CODE_COMBINATIONS,ALTERNATE_CODE_COMBINATION_ID,COMREF,AAI
GL_CODE_COMBINATIONS,BOLT,FINANCE,General Ledger,GL_CODE_COMBINATIONS,CHART_OF_ACCOUNTS_ID,COMREF,AAI
GL_CODE_COMBINATIONS,BOLT,FINANCE,General Ledger,GL_CODE_COMBINATIONS,SEGMENT2,COMREF,AAI
GL_CODE_COMBINATIONS,BOLT,FINANCE,General Ledger,,,COMREF,AAI
GL_CODE_COMBINATIONS,BOLT,FINANCE,General Ledger,FND_USER,USER_NAME,COMREF,AAI
GL_CODE_COMBINATIONS,BOLT,FINANCE,General Ledger,GL_CODE_COMBINATIONS,SEGMENT3,COMREF,AAI
GL_CODE_COMBINATIONS,BOLT,FINANCE,General Ledger,GL_CODE_COMBINATIONS,SEGMENT1,COMREF,AAI
GL_CODE_COMBINATIONS,BOLT,FINANCE,General Ledger,GL_CODE_COMBINATIONS,SEGMENT5,COMREF,AAI
LOCATION,BOLT,LOCATION,Location,HR_LOCATIONS_ALL,DESIGNATED_RECEIVER_ID,COMREF,AAI
LOCATION,BOLT,LOCATION,Location,HR_LOCATIONS_ALL,BUSINESS_GROUP_ID,COMREF,AAI
LOCATION,BOLT,LOCATION,Location,HR_LOCATIONS_ALL,LEGAL_ADDRESS_FLAG,COMREF,AAI
LOCATION,BOLT,LOCATION,Location,,,COMREF,AAI
LOCATION,BOLT,LOCATION,Location,HR_LOCATIONS_ALL,SHIP_TO_SITE_FLAG,COMREF,AAI
LOCATION,BOLT,LOCATION,Location,HR_LOCATIONS_ALL,LAST_UPDATE_DATE,COMREF,AAI
LOCATION,BOLT,LOCATION,Location,HR_LOCATIONS_ALL,OFFICE_SITE_FLAG,COMREF,AAI
LOCATION,BOLT,LOCATION,Location,FND_USER,USER_NAME,COMREF,AAI
LOCATION,BOLT,LOCATION,Location,HR_LOCATIONS_ALL,INACTIVE_DATE,COMREF,AAI
LOCATION,BOLT,LOCATION,Location,HR_LOCATIONS_ALL,HDISDELETEDRECORD,COMREF,AAI
LOCATION,BOLT,LOCATION,Location,HR_LOCATIONS_ALL,IN_ORGANIZATION_FLAG,COMREF,AAI
LOCATION,BOLT,LOCATION,Location,HR_LOCATIONS_ALL,LOCATION_ID,COMREF,AAI
LOCATION,BOLT,LOCATION,Location,HR_LOCATIONS_ALL,CREATION_DATE,COMREF,AAI
LOCATION,BOLT,LOCATION,Location,HR_LOCATIONS_ALL,DERIVED_LOCALE,COMREF,AAI
LOCATION,BOLT,LOCATION,Location,HR_LOCATIONS_ALL,RECEIVING_SITE_FLAG,COMREF,AAI
LOCATION,BOLT,LOCATION,Location,HR_LOCATIONS_ALL,BILL_TO_SITE_FLAG,COMREF,AAI
LOCATION,BOLT,LOCATION,Location,HR_LOCATIONS_ALL,SHIP_TO_LOCATION_ID,COMREF,AAI
LOCATION,BOLT,LOCATION,Location,HR_LOCATIONS_ALL,TAX_NAME,COMREF,AAI
LOOKUP_VALUES,BOLT,ALL,TEAM_DEPARTMENT_TRANSLATION,FND_FLEX_VALUES_TL,HDISDELETEDRECORD,COMREF,AAI
LOOKUP_VALUES,BOLT,ALL,PO_LINE_TYPES_TRANSLATION,PO_LINE_TYPES_TL,CREATION_DATE,COMREF,AAI
LOOKUP_VALUES,BOLT,ALL,BOLT_LOCATION_TRANSLATION,FND_FLEX_VALUES_TL,HDISDELETEDRECORD,COMREF,AAI
LOOKUP_VALUES,BOLT,ALL,TEAM_DEPARTMENT_TRANSLATION,,,COMREF,AAI
LOOKUP_VALUES,BOLT,ALL,PAYMENT_TERMS_TRANSLATION,,,COMREF,AAI
LOOKUP_VALUES,BOLT,ALL,PAYMENT_TERMS_TRANSLATION,AP_TERMS_TL,DESCRIPTION,COMREF,AAI
LOOKUP_VALUES,BOLT,ALL,PROJECT_CODE_TRANSLATION,FND_FLEX_VALUES_TL,FLEX_VALUE_ID,COMREF,AAI
LOOKUP_VALUES,BOLT,ALL,GL_ACCOUNTS,FND_FLEX_VALUES,"DSN, FLEX_VALUE",COMREF,AAI
LOOKUP_VALUES,BOLT,ALL,RESPONSIBILITY_CODE_TRANSLATION,FND_FLEX_VALUES_TL,LAST_UPDATE_DATE,COMREF,AAI
LOOKUP_VALUES,BOLT,ALL,PO_DESTINATION_TYPE,FND_LOOKUP_VALUES,DSN,COMREF,AAI
LOOKUP_VALUES,BOLT,ALL,GL_ACCOUNTS,FND_FLEX_VALUES,LAST_UPDATE_DATE,COMREF,AAI
LOOKUP_VALUES,BOLT,ALL,PO_LINE_TYPES_TRANSLATION,,,COMREF,AAI
LOOKUP_VALUES,BOLT,ALL,PO_LINE_TYPES_TRANSLATION,PO_LINE_TYPES_TL,LAST_UPDATE_DATE ,COMREF,AAI
LOOKUP_VALUES,BOLT,ALL,PO_LINE_TYPES_TRANSLATION,PO_LINE_TYPES_TL,HDISDELETEDRECORD,COMREF,AAI
LOOKUP_VALUES,BOLT,ALL,GL_ACCOUNTS,FND_FLEX_VALUES,FLEX_VALUE,COMREF,AAI
LOOKUP_VALUES,BOLT,ALL,PAYMENT_TERMS_TRANSLATION,AP_TERMS_TL,LAST_UPDATE_DATE ,COMREF,AAI
LOOKUP_VALUES,BOLT,ALL,PO_DESTINATION_TYPE,FND_LOOKUP_VALUES,LOOKUP_CODE,COMREF,AAI
LOOKUP_VALUES,BOLT,ALL,PO_DESTINATION_TYPE,FND_LOOKUP_VALUES,LAST_UPDATE_DATE,COMREF,AAI
LOOKUP_VALUES,BOLT,ALL,GL_ACCOUNTS,FND_FLEX_VALUES_TL,DESCRIPTION,COMREF,AAI
LOOKUP_VALUES,BOLT,ALL,PO_LINE_TYPES_TRANSLATION,PO_LINE_TYPES_TL,LINE_TYPE_ID,COMREF,AAI
LOOKUP_VALUES,BOLT,ALL,BOLT_LOCATION,FND_USER,USER_NAME,COMREF,AAI
LOOKUP_VALUES,BOLT,ALL,PAYMENT_TERMS_TRANSLATION,FND_USER,USER_NAME,COMREF,AAI
LOOKUP_VALUES,BOLT,ALL,BOLT_LOCATION_TRANSLATION,FND_FLEX_VALUES_TL,DESCRIPTION,COMREF,AAI
LOOKUP_VALUES,BOLT,ALL,BOLT_LOCATION_TRANSLATION,FND_FLEX_VALUES_TL,DSN,COMREF,AAI
LOOKUP_VALUES,BOLT,ALL,PO_LINE_TYPES_TRANSLATION,PO_LINE_TYPES_TL,"LINE_TYPE_ID, LANGUAGE",COMREF,AAI
LOOKUP_VALUES,BOLT,ALL,BOLT_LOCATION_TRANSLATION,FND_FLEX_VALUES_TL,CREATION_DATE,COMREF,AAI
LOOKUP_VALUES,BOLT,ALL,PROJECT_CODE_TRANSLATION,FND_FLEX_VALUES_TL,HDISDELETEDRECORD,COMREF,AAI
LOOKUP_VALUES,BOLT,ALL,RESPONSIBILITY_CODE_TRANSLATION,FND_FLEX_VALUES_TL,DESCRIPTION,COMREF,AAI
LOOKUP_VALUES,BOLT,ALL,BOLT_LOCATION,FND_FLEX_VALUES,FLEX_VALUE,COMREF,AAI
LOOKUP_VALUES,BOLT,ALL,PO_DESTINATION_TYPE,FND_LOOKUP_VALUES,LANGUAGE,COMREF,AAI
LOOKUP_VALUES,BOLT,ALL,PO_DESTINATION_TYPE,FND_LOOKUP_VALUES,CREATION_DATE,COMREF,AAI
LOOKUP_VALUES,BOLT,ALL,PO_DESTINATION_TYPE,,,COMREF,AAI
LOOKUP_VALUES,BOLT,ALL,BOLT_LOCATION_TRANSLATION,FND_FLEX_VALUES_TL,FLEX_VALUE_ID,COMREF,AAI
LOOKUP_VALUES,BOLT,ALL,PAYMENT_TERMS_TRANSLATION,AP_TERMS_TL,LANGUAGE,COMREF,AAI
LOOKUP_VALUES,BOLT,ALL,PO_LINE_TYPES_TRANSLATION,PO_LINE_TYPES_TL,,COMREF,AAI
LOOKUP_VALUES,BOLT,ALL,BOLT_LOCATION,FND_FLEX_VALUES,DSN,COMREF,AAI
LOOKUP_VALUES,BOLT,ALL,BOLT_LOCATION,FND_FLEX_VALUES,LAST_UPDATE_DATE,COMREF,AAI
LOOKUP_VALUES,BOLT,ALL,BOLT_LOCATION,FND_FLEX_VALUES,HDISDELETEDRECORD,COMREF,AAI
LOOKUP_VALUES,BOLT,ALL,BOLT_LOCATION_TRANSLATION,FND_USER,USER_NAME,COMREF,AAI
LOOKUP_VALUES,BOLT,ALL,TEAM_DEPARTMENT_TRANSLATION,FND_FLEX_VALUES_TL,LAST_UPDATE_DATE,COMREF,AAI
LOOKUP_VALUES,BOLT,ALL,BOLT_LOCATION_TRANSLATION,,,COMREF,AAI
LOOKUP_VALUES,BOLT,ALL,PO_LINE_TYPES_TRANSLATION,PO_LINE_TYPES_TL,DESCRIPTION,COMREF,AAI
LOOKUP_VALUES,BOLT,ALL,PROJECT_CODE_TRANSLATION,FND_FLEX_VALUES_TL,DSN,COMREF,AAI
LOOKUP_VALUES,BOLT,ALL,GL_ACCOUNTS,FND_FLEX_VALUES,CREATION_DATE,COMREF,AAI
LOOKUP_VALUES,BOLT,ALL,TEAM_DEPARTMENT_TRANSLATION,FND_FLEX_VALUES,FLEX_VALUE,COMREF,AAI
LOOKUP_VALUES,BOLT,ALL,PO_LINE_TYPES_TRANSLATION,PO_LINE_TYPES_TL,SOURCE_LANG,COMREF,AAI
LOOKUP_VALUES,BOLT,ALL,BOLT_LOCATION,,,COMREF,AAI
LOOKUP_VALUES,BOLT,ALL,PAYMENT_TERMS_TRANSLATION,AP_TERMS_TL,NAME,COMREF,AAI
LOOKUP_VALUES,BOLT,ALL,BOLT_LOCATION_TRANSLATION,FND_FLEX_VALUES_TL,SOURCE_LANG,COMREF,AAI
LOOKUP_VALUES,BOLT,ALL,PO_LINE_TYPES_TRANSLATION,PO_LINE_TYPES_TL,LANGUAGE,COMREF,AAI
LOOKUP_VALUES,BOLT,ALL,TEAM_DEPARTMENT_TRANSLATION,FND_FLEX_VALUES_TL,DESCRIPTION,COMREF,AAI
LOOKUP_VALUES,BOLT,ALL,TEAM_DEPARTMENT_TRANSLATION,FND_FLEX_VALUES_TL,LANGUAGE,COMREF,AAI
LOOKUP_VALUES,BOLT,ALL,PROJECT_CODE_TRANSLATION,FND_FLEX_VALUES_TL,SOURCE_LANG,COMREF,AAI
LOOKUP_VALUES,BOLT,ALL,TEAM_DEPARTMENT_TRANSLATION,FND_FLEX_VALUES_TL,SOURCE_LANG,COMREF,AAI
LOOKUP_VALUES,BOLT,ALL,BOLT_LOCATION_TRANSLATION,FND_FLEX_VALUES,FLEX_VALUE,COMREF,AAI
LOOKUP_VALUES,BOLT,ALL,RESPONSIBILITY_CODE_TRANSLATION,FND_FLEX_VALUES_TL,FLEX_VALUE_ID,COMREF,AAI
LOOKUP_VALUES,BOLT,ALL,RESPONSIBILITY_CODE_TRANSLATION,FND_USER,USER_NAME,COMREF,AAI
LOOKUP_VALUES,BOLT,ALL,PROJECT_CODE_TRANSLATION,FND_FLEX_VALUES_TL,LAST_UPDATE_DATE,COMREF,AAI
LOOKUP_VALUES,BOLT,ALL,TEAM_DEPARTMENT_TRANSLATION,FND_FLEX_VALUES_TL,FLEX_VALUE_ID,COMREF,AAI
LOOKUP_VALUES,BOLT,ALL,PO_DESTINATION_TYPE,FND_LOOKUP_VALUES,VIEW_APPLICATION_ID,COMREF,AAI
LOOKUP_VALUES,BOLT,ALL,RESPONSIBILITY_CODE_TRANSLATION,FND_FLEX_VALUES_TL,DSN,COMREF,AAI
LOOKUP_VALUES,BOLT,ALL,TEAM_DEPARTMENT_TRANSLATION,FND_FLEX_VALUES_TL,DSN,COMREF,AAI
LOOKUP_VALUES,BOLT,ALL,PROJECT_CODE_TRANSLATION,FND_FLEX_VALUES,FLEX_VALUE,COMREF,AAI
LOOKUP_VALUES,BOLT,ALL,PO_LINE_TYPES_TRANSLATION,FND_USER,USER_NAME,COMREF,AAI
LOOKUP_VALUES,BOLT,ALL,BOLT_LOCATION,FND_FLEX_VALUES_TL,DESCRIPTION,COMREF,AAI
LOOKUP_VALUES,BOLT,ALL,RESPONSIBILITY_CODE_TRANSLATION,FND_FLEX_VALUES_TL,CREATION_DATE,COMREF,AAI
LOOKUP_VALUES,BOLT,ALL,RESPONSIBILITY_CODE_TRANSLATION,,,COMREF,AAI
LOOKUP_VALUES,BOLT,ALL,RESPONSIBILITY_CODE_TRANSLATION,FND_FLEX_VALUES_TL,HDISDELETEDRECORD,COMREF,AAI
LOOKUP_VALUES,BOLT,ALL,GL_ACCOUNTS,FND_FLEX_VALUES,DSN,COMREF,AAI
LOOKUP_VALUES,BOLT,ALL,PAYMENT_TERMS_TRANSLATION,AP_TERMS_TL,TERM_ID,COMREF,AAI
LOOKUP_VALUES,BOLT,ALL,TEAM_DEPARTMENT_TRANSLATION,FND_FLEX_VALUES_TL,,COMREF,AAI
LOOKUP_VALUES,BOLT,ALL,GL_ACCOUNTS,FND_FLEX_VALUES,FLEX_VALUE_ID,COMREF,AAI
LOOKUP_VALUES,BOLT,ALL,PAYMENT_TERMS_TRANSLATION,AP_TERMS_TL,CREATION_DATE,COMREF,AAI
LOOKUP_VALUES,BOLT,ALL,TEAM_DEPARTMENT_TRANSLATION,FND_USER,USER_NAME,COMREF,AAI
LOOKUP_VALUES,BOLT,ALL,RESPONSIBILITY_CODE_TRANSLATION,FND_FLEX_VALUES_TL,LANGUAGE,COMREF,AAI
LOOKUP_VALUES,BOLT,ALL,BOLT_LOCATION,FND_FLEX_VALUES,,COMREF,AAI
LOOKUP_VALUES,BOLT,ALL,PROJECT_CODE_TRANSLATION,,,COMREF,AAI
LOOKUP_VALUES,BOLT,ALL,PO_DESTINATION_TYPE,FND_LOOKUP_VALUES,SECURITY_GROUP_ID,COMREF,AAI
LOOKUP_VALUES,BOLT,ALL,PO_DESTINATION_TYPE,FND_LOOKUP_VALUES,LOOKUP_TYPE,COMREF,AAI
LOOKUP_VALUES,BOLT,ALL,PROJECT_CODE_TRANSLATION,FND_FLEX_VALUES_TL,LANGUAGE,COMREF,AAI
LOOKUP_VALUES,BOLT,ALL,PROJECT_CODE_TRANSLATION,FND_FLEX_VALUES_TL,DESCRIPTION,COMREF,AAI
LOOKUP_VALUES,BOLT,ALL,PO_DESTINATION_TYPE,FND_LOOKUP_VALUES,,COMREF,AAI
LOOKUP_VALUES,BOLT,ALL,GL_ACCOUNTS,,,COMREF,AAI
LOOKUP_VALUES,BOLT,ALL,RESPONSIBILITY_CODE_TRANSLATION,FND_FLEX_VALUES_TL,SOURCE_LANG,COMREF,AAI
LOOKUP_VALUES,BOLT,ALL,PROJECT_CODE_TRANSLATION,FND_FLEX_VALUES_TL,,COMREF,AAI
LOOKUP_VALUES,BOLT,ALL,PO_DESTINATION_TYPE,FND_LOOKUP_VALUES,MEANING,COMREF,AAI
LOOKUP_VALUES,BOLT,ALL,BOLT_LOCATION_TRANSLATION,FND_FLEX_VALUES_TL,,COMREF,AAI
LOOKUP_VALUES,BOLT,ALL,BOLT_LOCATION_TRANSLATION,FND_FLEX_VALUES_TL,LANGUAGE,COMREF,AAI
LOOKUP_VALUES,BOLT,ALL,PAYMENT_TERMS_TRANSLATION,AP_TERMS_TL,SOURCE_LANG,COMREF,AAI
LOOKUP_VALUES,BOLT,ALL,PO_DESTINATION_TYPE,FND_USER,USER_NAME,COMREF,AAI
LOOKUP_VALUES,BOLT,ALL,PO_DESTINATION_TYPE,FND_LOOKUP_VALUES,"
DESCRIPTION",COMREF,AAI
LOOKUP_VALUES,BOLT,ALL,PROJECT_CODE_TRANSLATION,FND_FLEX_VALUES_TL,CREATION_DATE,COMREF,AAI
LOOKUP_VALUES,BOLT,ALL,TEAM_DEPARTMENT_TRANSLATION,FND_FLEX_VALUES_TL,CREATION_DATE,COMREF,AAI
LOOKUP_VALUES,BOLT,ALL,RESPONSIBILITY_CODE_TRANSLATION,FND_FLEX_VALUES,FLEX_VALUE,COMREF,AAI
LOOKUP_VALUES,BOLT,ALL,BOLT_LOCATION_TRANSLATION,FND_FLEX_VALUES_TL,LAST_UPDATE_DATE,COMREF,AAI
LOOKUP_VALUES,BOLT,ALL,BOLT_LOCATION,FND_FLEX_VALUES,FLEX_VALUE_ID,COMREF,AAI
LOOKUP_VALUES,BOLT,ALL,RESPONSIBILITY_CODE_TRANSLATION,FND_FLEX_VALUES_TL,,COMREF,AAI
LOOKUP_VALUES,BOLT,ALL,BOLT_LOCATION,FND_FLEX_VALUES,CREATION_DATE,COMREF,AAI
LOOKUP_VALUES,BOLT,ALL,PROJECT_CODE_TRANSLATION,FND_USER,USER_NAME,COMREF,AAI
ORGANIZATION,BOLT,LOCATION,Organization,HR_ALL_ORGANIZATION_UNITS,HDISDELETEDRECORD,COMREF,AAI
ORGANIZATION,BOLT,LOCATION,Organization,HR_ALL_ORGANIZATION_UNITS,NAME,COMREF,AAI
ORGANIZATION,BOLT,LOCATION,Organization,HR_ALL_ORGANIZATION_UNITS,INTERNAL_EXTERNAL_FLAG,COMREF,AAI
ORGANIZATION,BOLT,LOCATION,Organization,HR_ALL_ORGANIZATION_UNITS,DATE_TO,COMREF,AAI
ORGANIZATION,BOLT,LOCATION,Organization,HR_ALL_ORGANIZATION_UNITS,ATTRIBUTE6,COMREF,AAI
ORGANIZATION,BOLT,LOCATION,Organization,MTL_PARAMETERS,EAM_ENABLED_FLAG,COMREF,AAI
ORGANIZATION,BOLT,LOCATION,Organization,MTL_PARAMETERS,PRIMARY_COST_METHOD,COMREF,AAI
ORGANIZATION,BOLT,LOCATION,Organization,HR_ALL_ORGANIZATION_UNITS,LAST_UPDATE_DATE,COMREF,AAI
ORGANIZATION,BOLT,LOCATION,Organization,MTL_PARAMETERS,COST_ORGANIZATION_ID,COMREF,AAI
ORGANIZATION,BOLT,LOCATION,Organization,HR_ALL_ORGANIZATION_UNITS,ORGANIZATION_ID,COMREF,AAI
ORGANIZATION,BOLT,LOCATION,Organization,HR_ALL_ORGANIZATION_UNITS,DATE_FROM,COMREF,AAI
ORGANIZATION,BOLT,LOCATION,Organization,HR_ALL_ORGANIZATION_UNITS,ATTRIBUTE8,COMREF,AAI
ORGANIZATION,BOLT,LOCATION,Organization,FND_USER,USER_NAME,COMREF,AAI
ORGANIZATION,BOLT,LOCATION,Organization,HR_ALL_ORGANIZATION_UNITS,ATTRIBUTE5,COMREF,AAI
ORGANIZATION,BOLT,LOCATION,Organization,,,COMREF,AAI
ORGANIZATION,BOLT,LOCATION,Organization,MTL_PARAMETERS,MASTER_ORGANIZATION_ID,COMREF,AAI
ORGANIZATION,BOLT,LOCATION,Organization,HR_ALL_ORGANIZATION_UNITS,DSN,COMREF,AAI
ORGANIZATION,BOLT,LOCATION,Organization,HR_ALL_ORGANIZATION_UNITS,CREATION_DATE,COMREF,AAI
ORGANIZATION,BOLT,LOCATION,Organization,HR_ALL_ORGANIZATION_UNITS,TYPE,COMREF,AAI
ORGANIZATION,BOLT,LOCATION,Organization,MTL_PARAMETERS,CALENDAR_CODE,COMREF,AAI
PAYMENT_TERM_LINE,BOLT,FINANCE,Payment Term,AP_TERMS_LINES,DUE_MONTHS_FORWARD,COMREF,AAI
PAYMENT_TERM_LINE,BOLT,FINANCE,Payment Term,AP_TERMS_LINES,CALENDER,COMREF,AAI
PAYMENT_TERM_LINE,BOLT,FINANCE,Payment Term,AP_TERMS_LINES,SEQUENCE_NUM,COMREF,AAI
PAYMENT_TERM_LINE,BOLT,FINANCE,Payment Term,AP_TERMS_LINES,DUE_DAYS,COMREF,AAI
PAYMENT_TERM_LINE,BOLT,FINANCE,Payment Term,AP_TERMS_LINES,DUE_DAY_OF_MONTH,COMREF,AAI
PAYMENT_TERM_LINE,BOLT,FINANCE,Payment Term,AP_TERMS_LINES,DISCOUNT_DAY_OF_MONTH_2,COMREF,AAI
PAYMENT_TERM_LINE,BOLT,FINANCE,Payment Term,AP_TERMS_LINES,TERM_ID,COMREF,AAI
PAYMENT_TERM_LINE,BOLT,FINANCE,Payment Term,AP_TERMS_LINES,DISCOUNT_PERCENT_2,COMREF,AAI
PAYMENT_TERM_LINE,BOLT,FINANCE,Payment Term,AP_TERMS_LINES,DISCOUNT_DAYS,COMREF,AAI
PAYMENT_TERM_LINE,BOLT,FINANCE,Payment Term,AP_TERMS_LINES,DISCOUNT_MONTHS_FORWARD_2,COMREF,AAI
PAYMENT_TERM_LINE,BOLT,FINANCE,Payment Term,AP_TERMS_LINES,DISCOUNT_PERCENT,COMREF,AAI
PAYMENT_TERM_LINE,BOLT,FINANCE,Payment Term,FND_USER,USER_NAME,COMREF,AAI
PAYMENT_TERM_LINE,BOLT,FINANCE,Payment Term,,,COMREF,AAI
PAYMENT_TERM_LINE,BOLT,FINANCE,Payment Term,AP_TERMS_LINES,CREATION_DATE,COMREF,AAI
PAYMENT_TERM_LINE,BOLT,FINANCE,Payment Term,AP_TERMS_LINES,DISCOUNT_DAY_OF_MONTH,COMREF,AAI
PAYMENT_TERM_LINE,BOLT,FINANCE,Payment Term,AP_TERMS_LINES,DSN,COMREF,AAI
PAYMENT_TERM_LINE,BOLT,FINANCE,Payment Term,AP_TERMS_LINES,DISCOUNT_MONTHS_FORWARD,COMREF,AAI
PAYMENT_TERM_LINE,BOLT,FINANCE,Payment Term,AP_TERMS_LINES,LAST_UPDATE_DATE,COMREF,AAI
PAYMENT_TERM_LINE,BOLT,FINANCE,Payment Term,AP_TERMS_LINES,HDISDELETEDRECORD,COMREF,AAI
PAYMENT_TERM_LINE,BOLT,FINANCE,Payment Term,AP_TERMS_LINES,DISCOUNT_DAYS_2,COMREF,AAI
PAYMENT_TERM_LINE,BOLT,FINANCE,Payment Term,AP_TERMS_LINES,,COMREF,AAI
PAYMENT_TERM_LINE,BOLT,FINANCE,Payment Term,AP_TERMS_LINES,DUE_PERCENT,COMREF,AAI
PRODUCT,BOLT,PRODUCT,Product,FND_USER,USER_NAME,COMREF,AAI
PRODUCT,BOLT,PRODUCT,Product,MTL_SYSTEM_ITEMS_B,DESCRIPTION ,COMREF,AAI
PRODUCT,BOLT,PRODUCT,Product,MTL_SYSTEM_ITEMS_B,CREATION_DATE,COMREF,AAI
PRODUCT,BOLT,PRODUCT,Product,MTL_SYSTEM_ITEMS_B,PLANNER_CODE,COMREF,AAI
PRODUCT,BOLT,PRODUCT,Product,MTL_SYSTEM_ITEMS_B,CUSTOMER_ORDER_FLAG,COMREF,AAI
PRODUCT,BOLT,PRODUCT,Product,MTL_SYSTEM_ITEMS_B,PLANNING_MAKE_BUY_CODE,COMREF,AAI
PRODUCT,BOLT,PRODUCT,Product,MTL_SYSTEM_ITEMS_B,HDISDELETEDRECORD,COMREF,AAI
PRODUCT,BOLT,PRODUCT,Product,,,COMREF,AAI
PRODUCT,BOLT,PRODUCT,Product,MTL_SYSTEM_ITEMS_B,INVENTORY_ITEM_STATUS_CODE,COMREF,AAI
PRODUCT,BOLT,PRODUCT,Product,MTL_SYSTEM_ITEMS_B,,COMREF,AAI
PRODUCT,BOLT,PRODUCT,Product,MTL_SYSTEM_ITEMS_B,DSN ,COMREF,AAI
PRODUCT,BOLT,PRODUCT,Product,MTL_SYSTEM_ITEMS_B,REPLENISH_TO_ORDER_FLAG,COMREF,AAI
PRODUCT,BOLT,PRODUCT,Product,MTL_SYSTEM_ITEMS_B,ORGANIZATION_ID,COMREF,AAI
PRODUCT,BOLT,PRODUCT,Product,MTL_SYSTEM_ITEMS_B,ITEM_TYPE,COMREF,AAI
PRODUCT,BOLT,PRODUCT,Product,MTL_SYSTEM_ITEMS_B,LAST_UPDATE_DATE,COMREF,AAI
PRODUCT,BOLT,PRODUCT,Product,MTL_SYSTEM_ITEMS_B,UNIT_WEIGHT,COMREF,AAI
PRODUCT,BOLT,PRODUCT,Product,MTL_SYSTEM_ITEMS_B,LIST_PRICE_PER_UNIT,COMREF,AAI
PRODUCT,BOLT,PRODUCT,Product,MTL_SYSTEM_ITEMS_B,UNIT_HEIGHT,COMREF,AAI
PRODUCT,BOLT,PRODUCT,Product,MTL_SYSTEM_ITEMS_B,UNIT_WIDTH,COMREF,AAI
PRODUCT,BOLT,PRODUCT,Product,MTL_SYSTEM_ITEMS_B,UNIT_LENGTH,COMREF,AAI
PRODUCT,BOLT,PRODUCT,Product,MTL_SYSTEM_ITEMS_B,HAZARD_CLASS_ID,COMREF,AAI
PRODUCT,BOLT,PRODUCT,Product,MTL_SYSTEM_ITEMS_B,SEGMENT1,COMREF,AAI
PRODUCT,BOLT,PRODUCT,Product,MTL_SYSTEM_ITEMS_B,PRIMARY_UOM_CODE,COMREF,AAI
PRODUCT,BOLT,PRODUCT,Product,MTL_SYSTEM_ITEMS_B,INVENTORY_ITEM_ID,COMREF,AAI
SUPPLIER,BOLT,SUPPLIER,SUPPLIER,AP_SUPPLIERS,DSN,COMREF,AAI
SUPPLIER,BOLT,SUPPLIER,SUPPLIER,AP_SUPPLIERS,CREATION_DATE,COMREF,AAI
SUPPLIER,BOLT,SUPPLIER,SUPPLIER,AP_SUPPLIERS,"
VAT_REGISTRATION_NUM",COMREF,AAI
SUPPLIER,BOLT,SUPPLIER,SUPPLIER,AP_SUPPLIERS,END_DATE_ACTIVE,COMREF,AAI
SUPPLIER,BOLT,SUPPLIER,SUPPLIER,AP_SUPPLIERS,START_DATE_ACTIVE,COMREF,AAI
SUPPLIER,BOLT,SUPPLIER,SUPPLIER,AP_SUPPLIERS,SEGMENT1,COMREF,AAI
SUPPLIER,BOLT,SUPPLIER,SUPPLIER,,BLANK,COMREF,AAI
SUPPLIER,BOLT,SUPPLIER,SUPPLIER,AP_SUPPLIERS,STANDARD_INDUSTRY_CLASS,COMREF,AAI
SUPPLIER,BOLT,SUPPLIER,SUPPLIER,AP_SUPPLIERS,VENDOR_NAME,COMREF,AAI
SUPPLIER,BOLT,SUPPLIER,SUPPLIER,AP_SUPPLIERS,STATE_REPORTABLE_FLAG,COMREF,AAI
SUPPLIER,BOLT,SUPPLIER,SUPPLIER,FND_USER,USER_NAME,COMREF,AAI
SUPPLIER,BOLT,SUPPLIER,SUPPLIER,AP_SUPPLIERS,ORGANIZATION_TYPE_LOOKUP_CODE,COMREF,AAI
SUPPLIER,BOLT,SUPPLIER,SUPPLIER,AP_SUPPLIERS,SMALL_BUSINESS_FLAG,COMREF,AAI
SUPPLIER,BOLT,SUPPLIER,SUPPLIER,AP_SUPPLIERS,TAX_VERIFICATION_DATE,COMREF,AAI
SUPPLIER,BOLT,SUPPLIER,SUPPLIER,AP_SUPPLIERS,ATTRIBUTE3,COMREF,AAI
SUPPLIER,BOLT,SUPPLIER,SUPPLIER,AP_SUPPLIERS,HOLD_REASON,COMREF,AAI
SUPPLIER,BOLT,SUPPLIER,SUPPLIER,AP_SUPPLIERS,TERMS_ID,COMREF,AAI
SUPPLIER,BOLT,SUPPLIER,SUPPLIER,AP_SUPPLIERS,VENDOR_ID,COMREF,AAI
SUPPLIER,BOLT,SUPPLIER,SUPPLIER,AP_SUPPLIERS,MINORITY_GROUP_LOOKUP_CODE,COMREF,AAI
SUPPLIER,BOLT,SUPPLIER,SUPPLIER,AP_SUPPLIERS,HOLD_ALL_PAYMENTS_FLAG,COMREF,AAI
SUPPLIER,BOLT,SUPPLIER,SUPPLIER,AP_SUPPLIERS,VENDOR_TYPE_LOOKUP_CODE,COMREF,AAI
SUPPLIER,BOLT,SUPPLIER,SUPPLIER,AP_SUPPLIERS,PURCHASING_HOLD_REASON,COMREF,AAI
SUPPLIER,BOLT,SUPPLIER,SUPPLIER,LOOKUP_VALUES,DESCRIPTION,COMREF,AAI
SUPPLIER,BOLT,SUPPLIER,SUPPLIER,AP_SUPPLIERS,FEDERAL_REPORTABLE_FLAG,COMREF,AAI
SUPPLIER,BOLT,SUPPLIER,SUPPLIER,AP_SUPPLIERS,ALLOW_AWT_FLAG,COMREF,AAI
SUPPLIER,BOLT,SUPPLIER,SUPPLIER,AP_SUPPLIERS,WOMEN_OWNED_FLAG,COMREF,AAI
SUPPLIER,BOLT,SUPPLIER,SUPPLIER,AP_SUPPLIERS,LAST_UPDATE_DATE,COMREF,AAI
SUPPLIER,BOLT,SUPPLIER,SUPPLIER,AP_SUPPLIERS,DSN+VENDOR_ID,COMREF,AAI
SUPPLIER,BOLT,SUPPLIER,SUPPLIER,AP_SUPPLIERS,VENDOR_NAME_ALT	,COMREF,AAI
SUPPLIER,BOLT,SUPPLIER,SUPPLIER,AP_SUPPLIERS,HDISDELETEDRECORD,COMREF,AAI
SUPPLIER,BOLT,SUPPLIER,SUPPLIER,AP_SUPPLIERS,TAX_REPORTING_NAME,COMREF,AAI
SUPPLIER,BOLT,SUPPLIER,SUPPLIER,AP_SUPPLIERS,PARTY_ID,COMREF,AAI
SUPPLIER,BOLT,SUPPLIER,SUPPLIER,,,COMREF,AAI
SUPPLIER,BOLT,SUPPLIER,SUPPLIER,AP_SUPPLIERS,HOLD_UNMATCHED_INVOICES_FLAG,COMREF,AAI
SUPPLIER,BOLT,SUPPLIER,SUPPLIER,FND_LOOKUP_VALUES,DESCRIPTION,COMREF,AAI
SUPPLIER_SITE,BOLT,SUPPLIER,SUPPLIER_SITE,AP_SUPPLIER_SITES_ALL,BILL_TO_LOCATION_ID,COMREF,AAI
SUPPLIER_SITE,BOLT,SUPPLIER,SUPPLIER_SITE,AP_SUPPLIER_SITES_ALL,INACTIVE_DATE,COMREF,AAI
SUPPLIER_SITE,BOLT,SUPPLIER,SUPPLIER_SITE,AP_SUPPLIER_SITES_ALL,ADDRESS_LINE3,COMREF,AAI
SUPPLIER_SITE,BOLT,SUPPLIER,SUPPLIER_SITE,AP_SUPPLIER_SITES_ALL,VENDOR_ID,COMREF,AAI
SUPPLIER_SITE,BOLT,SUPPLIER,SUPPLIER_SITE,AP_SUPPLIER_SITES_ALL,SHIP_TO_LOCATION_ID,COMREF,AAI
SUPPLIER_SITE,BOLT,SUPPLIER,SUPPLIER_SITE,AP_SUPPLIER_SITES_ALL,LAST_UPDATE_DATE,COMREF,AAI
SUPPLIER_SITE,BOLT,SUPPLIER,SUPPLIER_SITE,AP_SUPPLIER_SITES_ALL,ADDRESS_LINE1,COMREF,AAI
SUPPLIER_SITE,BOLT,SUPPLIER,SUPPLIER_SITE,AP_SUPPLIER_SITES_ALL,VAT_REGISTRATION_NUM,COMREF,AAI
SUPPLIER_SITE,BOLT,SUPPLIER,SUPPLIER_SITE,AP_SUPPLIER_SITES_ALL,,COMREF,AAI
SUPPLIER_SITE,BOLT,SUPPLIER,SUPPLIER_SITE,AP_SUPPLIER_SITES_ALL,INVOICE_CURRENCY_CODE,COMREF,AAI
SUPPLIER_SITE,BOLT,SUPPLIER,SUPPLIER_SITE,AP_SUPPLIER_SITES_ALL,SMALL_BUSINESS_CODE,COMREF,AAI
SUPPLIER_SITE,BOLT,SUPPLIER,SUPPLIER_SITE,AP_SUPPLIER_SITES_ALL,HOLD_FUTURE_PAYMENTS_FLAG,COMREF,AAI
SUPPLIER_SITE,BOLT,SUPPLIER,SUPPLIER_SITE,AP_SUPPLIER_SITES_ALL,ADDRESS_LINE4,COMREF,AAI
SUPPLIER_SITE,BOLT,SUPPLIER,SUPPLIER_SITE,AP_SUPPLIER_SITES_ALL,PAYMENT_METHOD_LOOKUP_CODE,COMREF,AAI
SUPPLIER_SITE,BOLT,SUPPLIER,SUPPLIER_SITE,AP_SUPPLIER_SITES_ALL,VENDOR_SITE_CODE,COMREF,AAI
SUPPLIER_SITE,BOLT,SUPPLIER,SUPPLIER_SITE,,,COMREF,AAI
SUPPLIER_SITE,BOLT,SUPPLIER,SUPPLIER_SITE,AP_SUPPLIER_SITES_ALL,HOLD_UNMATCHED_INVOICES_FLAG,COMREF,AAI
SUPPLIER_SITE,BOLT,SUPPLIER,SUPPLIER_SITE,AP_SUPPLIER_SITES_ALL,ORG_ID,COMREF,AAI
SUPPLIER_SITE,BOLT,SUPPLIER,SUPPLIER_SITE,AP_SUPPLIER_SITES_ALL,VENDOR_SITE_CODE_ALT,COMREF,AAI
SUPPLIER_SITE,BOLT,SUPPLIER,SUPPLIER_SITE,AP_SUPPLIER_SITES_ALL,VENDOR_SITE_ID,COMREF,AAI
SUPPLIER_SITE,BOLT,SUPPLIER,SUPPLIER_SITE,AP_SUPPLIER_SITES_ALL,STATE,COMREF,AAI
SUPPLIER_SITE,BOLT,SUPPLIER,SUPPLIER_SITE,AP_SUPPLIER_SITES_ALL,PROVINCE,COMREF,AAI
SUPPLIER_SITE,BOLT,SUPPLIER,SUPPLIER_SITE,FND_USER,USER_NAME,COMREF,AAI
SUPPLIER_SITE,BOLT,SUPPLIER,SUPPLIER_SITE,AP_SUPPLIER_SITES_ALL,TERMS_ID,COMREF,AAI
SUPPLIER_SITE,BOLT,SUPPLIER,SUPPLIER_SITE,AP_SUPPLIER_SITES_ALL,HOLD_REASON,COMREF,AAI
SUPPLIER_SITE,BOLT,SUPPLIER,SUPPLIER_SITE,AP_SUPPLIER_SITES_ALL,CITY,COMREF,AAI
SUPPLIER_SITE,BOLT,SUPPLIER,SUPPLIER_SITE,AP_SUPPLIER_SITES_ALL,HOLD_ALL_PAYMENTS_FLAG,COMREF,AAI
SUPPLIER_SITE,BOLT,SUPPLIER,SUPPLIER_SITE,AP_SUPPLIER_SITES_ALL,PAYMENT_CURRENCY_CODE,COMREF,AAI
SUPPLIER_SITE,BOLT,SUPPLIER,SUPPLIER_SITE,AP_SUPPLIER_SITES_ALL,ZIP,COMREF,AAI
SUPPLIER_SITE,BOLT,SUPPLIER,SUPPLIER_SITE,AP_SUPPLIER_SITES_ALL,COUNTRY,COMREF,AAI
SUPPLIER_SITE,BOLT,SUPPLIER,SUPPLIER_SITE,AP_SUPPLIER_SITES_ALL,CREATION_DATE,COMREF,AAI
SUPPLIER_SITE,BOLT,SUPPLIER,SUPPLIER_SITE,AP_SUPPLIER_SITES_ALL,COUNTY,COMREF,AAI
SUPPLIER_SITE,BOLT,SUPPLIER,SUPPLIER_SITE,AP_SUPPLIER_SITES_ALL,ADDRESS_LINE2,COMREF,AAI
COUNTRY,BUSUPPLIED,ALL,,ta_iso_country_xref,SNOWFLAKE_MODIFIEDDTM,COMREF,SCBI
COUNTRY,BUSUPPLIED,ALL,,ta_iso_country_xref,LATITUDE_AVERAGE,COMREF,SCBI
COUNTRY,BUSUPPLIED,ALL,,ta_iso_country_xref,LONGITUDE_AVERAGE,COMREF,SCBI
COUNTRY,BUSUPPLIED,ALL,,ta_iso_country_xref,DSN,COMREF,SCBI
COUNTRY,BUSUPPLIED,ALL,,ta_iso_country_xref,ALPHA-3_CODE,COMREF,SCBI
COUNTRY,BUSUPPLIED,ALL,,ta_iso_country_xref,SNOWFLAKE_CREATEDDTM,COMREF,SCBI
COUNTRY,BUSUPPLIED,ALL,,ta_iso_country_xref,COUNTRY,COMREF,SCBI
COUNTRY,BUSUPPLIED,ALL,,ta_iso_country_xref,,COMREF,SCBI
COUNTRY,BUSUPPLIED,ALL,,ta_iso_country_xref,NUMERIC_CODE,COMREF,SCBI
COUNTRY,BUSUPPLIED,ALL,,ta_iso_country_xref,ALPHA-2_CODE,COMREF,SCBI
COUNTRY,BUSUPPLIED,ALL,,ta_iso_country_xref,REGION,COMREF,SCBI
COUNTRY,BUSUPPLIED,ALL,,ta_iso_country_xref,SUB-REGION,COMREF,SCBI
FREIGHT_BILL_PAYER,BUSUPPLIED,LOGISTICS,,TA_FREIGHT_PAYER_XREF,BILL_PAYER_ZIP,COMREF,SCBI
FREIGHT_BILL_PAYER,BUSUPPLIED,LOGISTICS,,TA_FREIGHT_PAYER_XREF,BILL_PAYER_CITY,COMREF,SCBI
FREIGHT_BILL_PAYER,BUSUPPLIED,LOGISTICS,,TA_FREIGHT_PAYER_XREF,Freight_Payer_ID,COMREF,SCBI
FREIGHT_BILL_PAYER,BUSUPPLIED,LOGISTICS,,TA_FREIGHT_PAYER_XREF,BILL_PAYER_COMMENTS,COMREF,SCBI
FREIGHT_BILL_PAYER,BUSUPPLIED,LOGISTICS,,,,COMREF,SCBI
FREIGHT_BILL_PAYER,BUSUPPLIED,LOGISTICS,,TA_FREIGHT_PAYER_XREF,BILL_PAYER_COUNTRY,COMREF,SCBI
FREIGHT_BILL_PAYER,BUSUPPLIED,LOGISTICS,,TA_FREIGHT_PAYER_XREF,BILL_PAYER,COMREF,SCBI
FREIGHT_BILL_PAYER,BUSUPPLIED,LOGISTICS,,TA_FREIGHT_PAYER_XREF,BUSINESS_UNIT,COMREF,SCBI
FREIGHT_BILL_PAYER,BUSUPPLIED,LOGISTICS,,TA_FREIGHT_PAYER_XREF,ORIGINAL_NAME,COMREF,SCBI
FREIGHT_BILL_PAYER,BUSUPPLIED,LOGISTICS,,TA_FREIGHT_PAYER_XREF,SNOWFLAKE_MODIFIEDDTM,COMREF,SCBI
FREIGHT_BILL_PAYER,BUSUPPLIED,LOGISTICS,,TA_FREIGHT_PAYER_XREF,CARRIER_NAME,COMREF,SCBI
FREIGHT_BILL_PAYER,BUSUPPLIED,LOGISTICS,,TA_FREIGHT_PAYER_XREF,BILL_PAYER_REGION,COMREF,SCBI
FREIGHT_BILL_PAYER,BUSUPPLIED,LOGISTICS,,TA_FREIGHT_PAYER_XREF,SCOPE,COMREF,SCBI
FREIGHT_BILL_PAYER,BUSUPPLIED,LOGISTICS,,TA_FREIGHT_PAYER_XREF,SNOWFLAKE_CREATEDDTM,COMREF,SCBI
FREIGHT_BILL_PAYER,BUSUPPLIED,LOGISTICS,,TA_FREIGHT_PAYER_XREF,BILL_PAYER_ZONE_ROT,COMREF,SCBI
FREIGHT_BILL_PAYER,BUSUPPLIED,LOGISTICS,,TA_FREIGHT_PAYER_XREF,DSN,COMREF,SCBI
FREIGHT_CARRIER,BUSUPPLIED,LOGISTICS,,,,COMREF,SCBI
FREIGHT_CARRIER,BUSUPPLIED,LOGISTICS,,TA_FREIGHT_CARRIER_XREF,SNOWFLAKE_CREATEDDTM,COMREF,SCBI
FREIGHT_CARRIER,BUSUPPLIED,LOGISTICS,,TA_FREIGHT_CARRIER_XREF,FREIGHT_CARRIER_KEY,COMREF,SCBI
FREIGHT_CARRIER,BUSUPPLIED,LOGISTICS,,TA_FREIGHT_CARRIER_XREF,DSN,COMREF,SCBI
FREIGHT_CARRIER,BUSUPPLIED,LOGISTICS,,TA_FREIGHT_CARRIER_XREF,SNOWFLAKE_MODIFIEDDTM,COMREF,SCBI
FREIGHT_CARRIER,BUSUPPLIED,LOGISTICS,,TA_FREIGHT_CARRIER_XREF,FREIGHT_CARRIER,COMREF,SCBI
FREIGHT_TRANSIT_TIME,BUSUPPLIED,LOGISTICS,,TA_STATED_TRANSIT_TIME_XREF,CARRIER,COMREF,SCBI
FREIGHT_TRANSIT_TIME,BUSUPPLIED,LOGISTICS,,TA_STATED_TRANSIT_TIME_XREF,TOLERANCE,COMREF,SCBI
FREIGHT_TRANSIT_TIME,BUSUPPLIED,LOGISTICS,,TA_STATED_TRANSIT_TIME_XREF,TRANSIT_MODE,COMREF,SCBI
FREIGHT_TRANSIT_TIME,BUSUPPLIED,LOGISTICS,,TA_STATED_TRANSIT_TIME_XREF,SERVICE_LEVEL,COMREF,SCBI
FREIGHT_TRANSIT_TIME,BUSUPPLIED,LOGISTICS,,TA_STATED_TRANSIT_TIME_XREF,,COMREF,SCBI
FREIGHT_TRANSIT_TIME,BUSUPPLIED,LOGISTICS,,TA_STATED_TRANSIT_TIME_XREF,CONTRACTED_TIME,COMREF,SCBI
FREIGHT_TRANSIT_TIME,BUSUPPLIED,LOGISTICS,,TA_STATED_TRANSIT_TIME_XREF,DSN,COMREF,SCBI
FREIGHT_TRANSIT_TIME,BUSUPPLIED,LOGISTICS,,TA_STATED_TRANSIT_TIME_XREF,STG_UPD_DT,COMREF,SCBI
FREIGHT_TRANSIT_TIME,BUSUPPLIED,LOGISTICS,,TA_STATED_TRANSIT_TIME_XREF,NET_CONTRACTED_TIME,COMREF,SCBI
FREIGHT_TRANSIT_TIME,BUSUPPLIED,LOGISTICS,,TA_STATED_TRANSIT_TIME_XREF,CONTRATED_TRANSIT_TIMES_KEY,COMREF,SCBI
FREIGHT_TRANSIT_TIME,BUSUPPLIED,LOGISTICS,,TA_STATED_TRANSIT_TIME_XREF,LANE,COMREF,SCBI
FREIGHT_TRANSIT_TIME,BUSUPPLIED,LOGISTICS,,TA_STATED_TRANSIT_TIME_XREF,COMMENTS,COMREF,SCBI
FREIGHT_TRANSIT_TIME,BUSUPPLIED,LOGISTICS,,TA_STATED_TRANSIT_TIME_XREF,REMARKS,COMREF,SCBI
FREIGHT_TRANSIT_TIME,BUSUPPLIED,LOGISTICS,,TA_STATED_TRANSIT_TIME_XREF,MODE,COMREF,SCBI
FREIGHT_TRANSIT_TIME,BUSUPPLIED,LOGISTICS,,TA_STATED_TRANSIT_TIME_XREF,STG_CRE_DT,COMREF,SCBI
CONSIGNEE,CASSGLOBAL,LOGISTICS,LOGISTICS,CASS_GLOBAL,DESTINATION_COUNTRY_CODE,COMREF,SCBI
CONSIGNEE,CASSGLOBAL,LOGISTICS,LOGISTICS,CASS_GLOBAL,DESTINATION_POSTAL_CODE,COMREF,SCBI
CONSIGNEE,CASSGLOBAL,LOGISTICS,LOGISTICS,CASS_GLOBAL,DESTINATION_NAME,COMREF,SCBI
CONSIGNEE,CASSGLOBAL,LOGISTICS,LOGISTICS,CASS_GLOBAL,DESTINATION_CITY,COMREF,SCBI
CONSIGNEE,CASSGLOBAL,LOGISTICS,LOGISTICS,CASS_GLOBAL,DESTINATION_CITY_STATE,COMREF,SCBI
CONSIGNEE,CASSGLOBAL,LOGISTICS,LOGISTICS,CASS_GLOBAL,,COMREF,SCBI
CONSIGNEE,CASSGLOBAL,LOGISTICS,LOGISTICS,,,COMREF,SCBI
CONSIGNEE,CASSGLOBAL,LOGISTICS,LOGISTICS,CASS_GLOBAL,SNOWFLAKE_CREATEDDTM,COMREF,SCBI
CONSIGNEE,CASSGLOBAL,LOGISTICS,LOGISTICS,CASS_GLOBAL,SNOWFLAKE_MODIFIEDDTM,COMREF,SCBI
CONSIGNEE,CASSGLOBAL,LOGISTICS,LOGISTICS,CASS_GLOBAL,CARRIER_NAME,COMREF,SCBI
SHIPPER,CASSGLOBAL,LOGISTICS,LOGISTICS,CASS_GLOBAL,SNOWFLAKE_CREATEDDTM,COMREF,SCBI
SHIPPER,CASSGLOBAL,LOGISTICS,LOGISTICS,Â ,,COMREF,SCBI
SHIPPER,CASSGLOBAL,LOGISTICS,LOGISTICS,,,COMREF,SCBI
SHIPPER,CASSGLOBAL,LOGISTICS,LOGISTICS,CASS_GLOBAL,ORIGIN_COUNTRY_CODE,COMREF,SCBI
SHIPPER,CASSGLOBAL,LOGISTICS,LOGISTICS,CASS_GLOBAL,ORIGIN_CITY_STATE,COMREF,SCBI
SHIPPER,CASSGLOBAL,LOGISTICS,LOGISTICS,CASS_GLOBAL,ORIGIN_POSTAL_CODE,COMREF,SCBI
SHIPPER,CASSGLOBAL,LOGISTICS,LOGISTICS,CASS_GLOBAL,ORIGIN_CITY,COMREF,SCBI
SHIPPER,CASSGLOBAL,LOGISTICS,LOGISTICS,CASS_GLOBAL,,COMREF,SCBI
SHIPPER,CASSGLOBAL,LOGISTICS,LOGISTICS,CASS_GLOBAL,ORIGIN_NAME,COMREF,SCBI
SHIPPER,CASSGLOBAL,LOGISTICS,LOGISTICS,CASS_GLOBAL,CARRIER_NAME,COMREF,SCBI
SHIPPER,CASSGLOBAL,LOGISTICS,LOGISTICS,CASS_GLOBAL,SNOWFLAKE_MODIFIEDDTM,COMREF,SCBI
SPEND_CATEGORY,CASSGLOBAL,PROCUREMENT,Procurement," ",DSN,COMREF,AAI
SPEND_CATEGORY,CASSGLOBAL,PROCUREMENT,Procurement,,,COMREF,AAI
SPEND_CATEGORY,CASSGLOBAL,PROCUREMENT,Procurement," "," ",COMREF,AAI
SPEND_CATEGORY,CASSGLOBAL,PROCUREMENT,Procurement,FLT_CASS_GLOBAL_CATEGORY,CATEGORY_2,COMREF,AAI
SPEND_CATEGORY,CASSGLOBAL,PROCUREMENT,Procurement,FLT_CASS_GLOBAL_CATEGORY,CATEGORY_3,COMREF,AAI
SPEND_CATEGORY,CASSGLOBAL,PROCUREMENT,Procurement,FLT_CASS_GLOBAL_CATEGORY,CATEGORY_4,COMREF,AAI
SPEND_CATEGORY,CASSGLOBAL,PROCUREMENT,Procurement,FLT_CASS_GLOBAL_CATEGORY,SNOWFLAKE_MODIFIEDDTM,COMREF,AAI
SPEND_CATEGORY,CASSGLOBAL,PROCUREMENT,Procurement,FLT_CASS_GLOBAL_CATEGORY,CARRIER_MODE_DESCRIPTION,COMREF,AAI
SPEND_CATEGORY,CASSGLOBAL,PROCUREMENT,Procurement,FLT_CASS_GLOBAL_CATEGORY,CATEGORY_1,COMREF,AAI
SPEND_CATEGORY,CASSGLOBAL,PROCUREMENT,Procurement,FLT_CASS_GLOBAL_CATEGORY,SNOWFLAKE_CREATEDDTM,COMREF,AAI
CONSIGNEE,CASSPARCEL,LOGISTICS,LOGISTICS,CASS_PARCEL,SNOWFLAKE_MODIFIEDDTM,COMREF,SCBI
CONSIGNEE,CASSPARCEL,LOGISTICS,LOGISTICS,CASS_PARCEL,CARRIER_NAME,COMREF,SCBI
CONSIGNEE,CASSPARCEL,LOGISTICS,LOGISTICS,CASS_PARCEL,,COMREF,SCBI
CONSIGNEE,CASSPARCEL,LOGISTICS,LOGISTICS,CASS_PARCEL,DESTINATION_ZIP,COMREF,SCBI
CONSIGNEE,CASSPARCEL,LOGISTICS,LOGISTICS,CASS_PARCEL,DESTINATION_COUNTRY,COMREF,SCBI
CONSIGNEE,CASSPARCEL,LOGISTICS,LOGISTICS,CASS_PARCEL,SNOWFLAKE_CREATEDDTM,COMREF,SCBI
CONSIGNEE,CASSPARCEL,LOGISTICS,LOGISTICS,,,COMREF,SCBI
CONSIGNEE,CASSPARCEL,LOGISTICS,LOGISTICS,CASS_PARCEL,DESTINATION_CITY,COMREF,SCBI
SHIPPER,CASSPARCEL,LOGISTICS,LOGISTICS,CASS_PARCEL,CARRIER_NAME,COMREF,SCBI
SHIPPER,CASSPARCEL,LOGISTICS,LOGISTICS,CASS_PARCEL,Origin_City,COMREF,SCBI
SHIPPER,CASSPARCEL,LOGISTICS,LOGISTICS,CASS_PARCEL,,COMREF,SCBI
SHIPPER,CASSPARCEL,LOGISTICS,LOGISTICS,CASS_PARCEL,SNOWFLAKE_MODIFIEDDTM,COMREF,SCBI
SHIPPER,CASSPARCEL,LOGISTICS,LOGISTICS,Â ,,COMREF,SCBI
SHIPPER,CASSPARCEL,LOGISTICS,LOGISTICS,,,COMREF,SCBI
SHIPPER,CASSPARCEL,LOGISTICS,LOGISTICS,CASS_PARCEL,Shipper_Definition_Id,COMREF,SCBI
SHIPPER,CASSPARCEL,LOGISTICS,LOGISTICS,CASS_PARCEL,Origin_Zip,COMREF,SCBI
SHIPPER,CASSPARCEL,LOGISTICS,LOGISTICS,CASS_PARCEL,Origin_Sender_Name,COMREF,SCBI
SHIPPER,CASSPARCEL,LOGISTICS,LOGISTICS,CASS_PARCEL,SNOWFLAKE_CREATEDDTM,COMREF,SCBI
SHIPPER,CASSPARCEL,LOGISTICS,LOGISTICS,CASS_PARCEL,Origin_Country,COMREF,SCBI
SPEND_CATEGORY,CASSPARCEL,PROCUREMENT,Procurement,FLT_CASS_PARCEL_CATEGORY,SNOWFLAKE_CREATEDDTM,COMREF,AAI
SPEND_CATEGORY,CASSPARCEL,PROCUREMENT,Procurement,FLT_CASS_PARCEL_CATEGORY,CATEGORY_1,COMREF,AAI
SPEND_CATEGORY,CASSPARCEL,PROCUREMENT,Procurement,FLT_CASS_PARCEL_CATEGORY,SNOWFLAKE_MODIFIEDDTM,COMREF,AAI
SPEND_CATEGORY,CASSPARCEL,PROCUREMENT,Procurement," "," ",COMREF,AAI
SPEND_CATEGORY,CASSPARCEL,PROCUREMENT,Procurement,FLT_CASS_PARCEL_CATEGORY,CATEGORY_3,COMREF,AAI
SPEND_CATEGORY,CASSPARCEL,PROCUREMENT,Procurement,FLT_CASS_PARCEL_CATEGORY,CATEGORY_2,COMREF,AAI
SPEND_CATEGORY,CASSPARCEL,PROCUREMENT,Procurement," ",DSN,COMREF,AAI
SPEND_CATEGORY,CASSPARCEL,PROCUREMENT,Procurement,FLT_CASS_PARCEL_CATEGORY,DATA_SOURCE,COMREF,AAI
SPEND_CATEGORY,CASSPARCEL,PROCUREMENT,Procurement,,"""Cass Parcel""",COMREF,AAI
SPEND_CATEGORY,CASSPARCEL,PROCUREMENT,Procurement,FLT_CASS_PARCEL_CATEGORY,CATEGORY_4,COMREF,AAI
SPEND_CATEGORY,CASSPARCEL,PROCUREMENT,Procurement,,,COMREF,AAI
CONSIGNEE,CEVA,LOGISTICS,Logistics,TA_CEVA_SHIPMENT,CNSE_ZIP_CD,COMREF,SCBI
CONSIGNEE,CEVA,LOGISTICS,Logistics,TA_CEVA_SHIPMENT,TA_Expeditors_International_Shipment,COMREF,SCBI
CONSIGNEE,CEVA,LOGISTICS,Logistics,EV_CEVA_TARIFF_DETAIL,SNOWFLAKE_MODIFIEDDTM,COMREF,SCBI
CONSIGNEE,CEVA,LOGISTICS,Logistics,TA_CEVA_SHIPMENT,CNSE_CTRY,COMREF,SCBI
CONSIGNEE,CEVA,LOGISTICS,Logistics,EV_CEVA_TARIFF_DETAIL,ULTIMATE_CONSIGNEE_POSTAL_CODE,COMREF,SCBI
CONSIGNEE,CEVA,LOGISTICS,Logistics,EV_CEVA_TARIFF_DETAIL,DSN,COMREF,SCBI
CONSIGNEE,CEVA,LOGISTICS,Logistics,TA_CEVA_SHIPMENT,CNSE_CITY,COMREF,SCBI
CONSIGNEE,CEVA,LOGISTICS,Logistics,EV_CEVA_TARIFF_DETAIL,ULTIMATE_CONSIGNEE_STATE,COMREF,SCBI
CONSIGNEE,CEVA,LOGISTICS,Logistics,EV_CEVA_TARIFF_DETAIL,ULTIMATE_CONSIGNEE_CITY,COMREF,SCBI
CONSIGNEE,CEVA,LOGISTICS,Logistics,TA_CEVA_SHIPMENT,"CNSE_NAME,CNSE_CITY,CNSE_CTRY,CNSE_ZIP_CD",COMREF,SCBI
CONSIGNEE,CEVA,LOGISTICS,Logistics,EV_CEVA_TARIFF_DETAIL,SNOWFLAKE_CREATEDDTM,COMREF,SCBI
CONSIGNEE,CEVA,LOGISTICS,Logistics,TA_CEVA_SHIPMENT,DSN,COMREF,SCBI
CONSIGNEE,CEVA,LOGISTICS,Logistics,TA_Consignee_XREF,CORRECT_CONSIGNEE_COUNTRY,COMREF,SCBI
CONSIGNEE,CEVA,LOGISTICS,Logistics,EV_CEVA_TARIFF_DETAIL,CONSIGNEE_NUMBER,COMREF,SCBI
CONSIGNEE,CEVA,LOGISTICS,Logistics,TA_Consignee_XREF,CORRECT_CONSIGNEE_CITY,COMREF,SCBI
CONSIGNEE,CEVA,LOGISTICS,Logistics,EV_CEVA_TARIFF_DETAIL,ULTIMATE_CONSIGNEE_ADDRESS,COMREF,SCBI
CONSIGNEE,CEVA,LOGISTICS,Logistics,EV_CEVA_TARIFF_DETAIL,,COMREF,SCBI
CONSIGNEE,CEVA,LOGISTICS,Logistics,TA_Consignee_XREF,CONSIGNEE_ADJ,COMREF,SCBI
CONSIGNEE,CEVA,LOGISTICS,Logistics,TA_CEVA_SHIPMENT,CNSE_CTRY + '~' +,COMREF,SCBI
CONSIGNEE,CEVA,LOGISTICS,Logistics,EV_CEVA_TARIFF_DETAIL,ULTIMATE_CONSIGNEE_NAME,COMREF,SCBI
CONSIGNEE,CEVA,LOGISTICS,Logistics,TA_CEVA_SHIPMENT,,COMREF,SCBI
IMPORTER,CEVA,LOGISTICS,Logistics,EV_CEVA_TARIFF_DETAIL,SNOWFLAKE_MODIFIEDDTM,COMREF,SCBI
IMPORTER,CEVA,LOGISTICS,Logistics,EV_CEVA_TARIFF_DETAIL,,COMREF,SCBI
IMPORTER,CEVA,LOGISTICS,Logistics,EV_CEVA_TARIFF_DETAIL,IMPORTER_OF_RECORD_NAME,COMREF,SCBI
IMPORTER,CEVA,LOGISTICS,Logistics,EV_CEVA_TARIFF_DETAIL,SNOWFLAKE_CREATEDDTM,COMREF,SCBI
IMPORTER,CEVA,LOGISTICS,Logistics,EV_CEVA_TARIFF_DETAIL,IMPORTER_OF_RECORD_ADDRESS,COMREF,SCBI
IMPORTER,CEVA,LOGISTICS,Logistics,EV_CEVA_TARIFF_DETAIL,IMPORTER_OF_RECORD_CITY,COMREF,SCBI
IMPORTER,CEVA,LOGISTICS,Logistics,EV_CEVA_TARIFF_DETAIL,IMPORTER_OF_RECORD_STATE,COMREF,SCBI
IMPORTER,CEVA,LOGISTICS,Logistics,EV_CEVA_TARIFF_DETAIL,HDISDELETEDRECORD,COMREF,SCBI
IMPORTER,CEVA,LOGISTICS,Logistics,EV_CEVA_TARIFF_DETAIL,DSN,COMREF,SCBI
IMPORTER,CEVA,LOGISTICS,Logistics,EV_CEVA_TARIFF_DETAIL,IMPORTER_OF_RECORD_POSTAL_CODE,COMREF,SCBI
IMPORTER,CEVA,LOGISTICS,Logistics,EV_CEVA_TARIFF_DETAIL,IMPORTER_OF_RECORD,COMREF,SCBI
IMPORTER,CEVA,LOGISTICS,Logistics,EV_CEVA_TARIFF_DETAIL," ",COMREF,SCBI
PORT_LOCATION,CEVA,LOGISTICS,Logistics,TA_CEVA_SHIPMENT,DSN,COMREF,SCBI
PORT_LOCATION,CEVA,LOGISTICS,Logistics,TA_PORT_CITIES_XREF,PORT_CODE,COMREF,SCBI
PORT_LOCATION,CEVA,LOGISTICS,Logistics,TA_CEVA_SHIPMENT,CARRIER_NAME,COMREF,SCBI
PORT_LOCATION,CEVA,LOGISTICS,Logistics,TA_PORT_CITIES_XREF,PORT_COUNTRY,COMREF,SCBI
PORT_LOCATION,CEVA,LOGISTICS,Logistics,TA_CEVA_SHIPMENT,"ORIGIN_PORT,DESTINATION_PORT",COMREF,SCBI
PORT_LOCATION,CEVA,LOGISTICS,Logistics,TA_CEVA_SHIPMENT,,COMREF,SCBI
PORT_LOCATION,CEVA,LOGISTICS,Logistics,TA_CEVA_SHIPMENT,SNOWFLAKE_CREATEDDTM ,COMREF,SCBI
PORT_LOCATION,CEVA,LOGISTICS,Logistics,TA_PORT_CITIES_XREF,PORT_CITY,COMREF,SCBI
PORT_LOCATION,CEVA,LOGISTICS,Logistics,TA_CEVA_SHIPMENT,ORIGIN_PORT,COMREF,SCBI
PORT_LOCATION,CEVA,LOGISTICS,Logistics,TA_CEVA_SHIPMENT,DESTINATION_PORT,COMREF,SCBI
PORT_LOCATION,CEVA,LOGISTICS,Logistics,TA_CEVA_SHIPMENT,SNOWFLAKE_MODIFIEDDTM,COMREF,SCBI
SHIPPER,CEVA,LOGISTICS,Logistics,TA_SHIPPER_XREF,CORRECT_SHIPPER_CITY,COMREF,SCBI
SHIPPER,CEVA,LOGISTICS,Logistics,TA_CEVA_SHIPMENT,SNOWFLAKE_MODIFIEDDTM,COMREF,SCBI
SHIPPER,CEVA,LOGISTICS,Logistics,TA_CEVA_SHIPMENT,SNOWFLAKE_CREATEDDTM,COMREF,SCBI
SHIPPER,CEVA,LOGISTICS,Logistics,TA_SHIPPER_XREF,SHIPPER_NAME_ADJ,COMREF,SCBI
SHIPPER,CEVA,LOGISTICS,Logistics,TA_CEVA_SHIPMENT,SHPR_NAME,COMREF,SCBI
SHIPPER,CEVA,LOGISTICS,Logistics,TA_CEVA_SHIPMENT,,COMREF,SCBI
SHIPPER,CEVA,LOGISTICS,Logistics,TA_CEVA_SHIPMENT,"SHPR_NAME,SHPR_CITY,SHPR_CTRY,SHPR_ZIP_CD",COMREF,SCBI
SHIPPER,CEVA,LOGISTICS,Logistics,TA_CEVA_SHIPMENT,DSN,COMREF,SCBI
SHIPPER,CEVA,LOGISTICS,Logistics,TA_CEVA_SHIPMENT,SHPR_CTRY,COMREF,SCBI
SHIPPER,CEVA,LOGISTICS,Logistics,TA_SHIPPER_XREF,CORRECT_SHIPPER_COUNTRY,COMREF,SCBI
SHIPPER,CEVA,LOGISTICS,Logistics,TA_SHIPPER_XREF,CORRECT_SHIPPER_ZIP,COMREF,SCBI
SHIPPER,CEVA,LOGISTICS,Logistics,TA_CEVA_SHIPMENT,SHPR_ZIP_CD,COMREF,SCBI
SHIPPER,CEVA,LOGISTICS,Logistics,TA_CEVA_SHIPMENT,SHPR_CITY,COMREF,SCBI
SHIPPER,CEVA,LOGISTICS,Logistics,TA_SHIPPER_XREF,CORRECT_SHIPPER_ADDRESS,COMREF,SCBI
PORT_LOCATION,CHROBINSON,LOGISTICS,Logistics,TA_PORT_CODE_XREF,COUNTRY,COMREF,SCBI
PORT_LOCATION,CHROBINSON,LOGISTICS,Logistics,TA_CH_ROBINSON_SHIPMENT,ORIGIN_PORT_AIRPORT_CITY,COMREF,SCBI
PORT_LOCATION,CHROBINSON,LOGISTICS,Logistics,TA_PORT_CODE_XREF,REGION,COMREF,SCBI
PORT_LOCATION,CHROBINSON,LOGISTICS,Logistics,TA_CH_ROBINSON_SHIPMENT,DSN,COMREF,SCBI
PORT_LOCATION,CHROBINSON,LOGISTICS,Logistics,TA_PORT_CODE_XREF,PORT_CODE,COMREF,SCBI
PORT_LOCATION,CHROBINSON,LOGISTICS,Logistics,TA_PORT_CODE_XREF,PORT_NAME,COMREF,SCBI
PORT_LOCATION,CHROBINSON,LOGISTICS,Logistics,TA_CH_ROBINSON_SHIPMENT,SNOWFLAKE_CREATEDDTM ,COMREF,SCBI
PORT_LOCATION,CHROBINSON,LOGISTICS,Logistics,TA_CH_ROBINSON_SHIPMENT,SNOWFLAKE_MODIFIEDDTM,COMREF,SCBI
PORT_LOCATION,CHROBINSON,LOGISTICS,Logistics,TA_CH_ROBINSON_SHIPMENT,,COMREF,SCBI
PORT_LOCATION,CHROBINSON,LOGISTICS,Logistics,TA_CH_ROBINSON_SHIPMENT,DESTINATION_PORT_AIRPORT_CITY,COMREF,SCBI
PORT_LOCATION,CHROBINSON,LOGISTICS,Logistics,TA_CH_ROBINSON_SHIPMENT,"ORIGIN_PORT_AIRPORT_CITY, DESTINATION_PORT_AIRPORT_CITY",COMREF,SCBI
PORT_LOCATION,CHROBINSON,LOGISTICS,Logistics,TA_CH_ROBINSON_SHIPMENT,CARRIER_NAME,COMREF,SCBI
PROJECT_MILESTONE,CLARITYPPM,ENGINEERING,VPI Project,DWH_INV_PROJECT,CMI_MILESTONE_R_KEY,COMREF,PSBU
PROJECT_MILESTONE,CLARITYPPM,ENGINEERING,VPI Project,DWH_INV_INVESTMENT,SCHEDULE_START,COMREF,PSBU
PROJECT_MILESTONE,CLARITYPPM,ENGINEERING,VPI Project,,,COMREF,PSBU
PROJECT_MILESTONE,CLARITYPPM,ENGINEERING,VPI Project,DWH_INV_INVESTMENT,CLARITY_UPDATED_DATE,COMREF,PSBU
PROJECT_MILESTONE,CLARITYPPM,ENGINEERING,VPI Project,DWH_INV_INVESTMENT,Investment_ID,COMREF,PSBU
PROJECT_MILESTONE,CLARITYPPM,ENGINEERING,VPI Project,DWH_INV_INVESTMENT,SCHEDULE_FINISH,COMREF,PSBU
PROJECT_MILESTONE,CLARITYPPM,ENGINEERING,VPI Project,DWH_INV_INVESTMENT,CLARITY_CREATED_DATE,COMREF,PSBU
PROJECT_MILESTONE,CLARITYPPM,ENGINEERING,VPI Project,DWH_INV_TASK,,COMREF,PSBU
ENGINEERING_BOM_COMPONENT,CPIF,"PRODUCT,ENGINEERING",BOM,CPIF_EXPLODED_DATA,COMP_PART_NO,COMREF,AAI
ENGINEERING_BOM_COMPONENT,CPIF,"PRODUCT,ENGINEERING",BOM,,QTY,COMREF,AAI
ENGINEERING_BOM_COMPONENT,CPIF,"PRODUCT,ENGINEERING",BOM,CPIF_EXPLODED_DATA,,COMREF,AAI
ENGINEERING_BOM_COMPONENT,CPIF,"PRODUCT,ENGINEERING",BOM,CPIF_EXPLODED_DATA,LEVEL,COMREF,AAI
ENGINEERING_BOM_COMPONENT,CPIF,"PRODUCT,ENGINEERING",BOM,,,COMREF,AAI
ENGINEERING_BOM_COMPONENT,CPIF,"PRODUCT,ENGINEERING",BOM,CPIF_EXPLODED_DATA,PARENT_PART_NO,COMREF,AAI
ENGINEERING_BOM_COMPONENT,CPIF,"PRODUCT,ENGINEERING",BOM,CPIF_EXPLODED_DATA,COMP_ID_TYPE_CODE,COMREF,AAI
ENGINEERING_BOM_COMPONENT,CPIF,"PRODUCT,ENGINEERING",BOM,CPIF_EXPLODED_DATA,PATH,COMREF,AAI
ENGINEERING_BOM_COMPONENT,CPIF,"PRODUCT,ENGINEERING",BOM,CPIF_EXPLODED_DATA,PARENT_ID_TYPE_CODE,COMREF,AAI
ENGINEERING_BOM_COMPONENT,CPIF,"PRODUCT,ENGINEERING",BOM,CPIF_EXPLODED_DATA,TOP_LEVEL_PART_NO,COMREF,AAI
ENGINEERING_BOM_COMPONENT,CPIF,"PRODUCT,ENGINEERING",BOM,CPIF_EXPLODED_DATA,COMP_EFF_CODE,COMREF,AAI
ENGINEERING_BOM_COMPONENT,CPIF,"PRODUCT,ENGINEERING",BOM,CPIF_EXPLODED_DATA,PARENT_EFF_CODE,COMREF,AAI
CONSIGNEE,CRANE,LOGISTICS,Logistics,TA_CRANE_SHIPMENT,SNOWFLAKE_CREATEDDTM,COMREF,SCBI
CONSIGNEE,CRANE,LOGISTICS,Logistics,TA_CRANE_SHIPMENT,DSN,COMREF,SCBI
CONSIGNEE,CRANE,LOGISTICS,Logistics,TA_CRANE_SHIPMENT,POD_CTRY,COMREF,SCBI
CONSIGNEE,CRANE,LOGISTICS,Logistics,TA_CRANE_SHIPMENT,CONSIGNEE_NAME,COMREF,SCBI
CONSIGNEE,CRANE,LOGISTICS,Logistics,TA_CONSIGNEE_XREF,CORRECT_CONSIGNEE_COUNTRY,COMREF,SCBI
CONSIGNEE,CRANE,LOGISTICS,Logistics,TA_CRANE_SHIPMENT,"CONSIGNEE_NAME,CONSIGNEE_CITY,CONSIGNEE_CTRY,CONSIGNEE_ZIPCODE",COMREF,SCBI
CONSIGNEE,CRANE,LOGISTICS,Logistics,TA_CRANE_SHIPMENT,CONSIGNEE_CITY,COMREF,SCBI
CONSIGNEE,CRANE,LOGISTICS,Logistics,TA_CONSIGNEE_XREF,CORRECT_CONSIGNEE_CITY,COMREF,SCBI
CONSIGNEE,CRANE,LOGISTICS,Logistics,TA_CONSIGNEE_XREF,CONSIGNEE_ADJ,COMREF,SCBI
CONSIGNEE,CRANE,LOGISTICS,Logistics,TA_CRANE_SHIPMENT,CONSIGNEE_ZIPCODE,COMREF,SCBI
CONSIGNEE,CRANE,LOGISTICS,Logistics,TA_CRANE_SHIPMENT,CONSIGNEE_CTRY,COMREF,SCBI
CONSIGNEE,CRANE,LOGISTICS,Logistics,TA_CRANE_SHIPMENT,SNOWFLAKE_MODIFIEDDTM,COMREF,SCBI
CONSIGNEE,CRANE,LOGISTICS,Logistics,TA_CRANE_SHIPMENT,,COMREF,SCBI
CONSIGNEE,CRANE,LOGISTICS,Logistics,TA_CRANE_SHIPMENT,CONSIGNEE_CODE,COMREF,SCBI
PORT_LOCATION,CRANE,LOGISTICS,Logistics,TA_PORT_CITIES_XREF,PORT_CODE,COMREF,SCBI
PORT_LOCATION,CRANE,LOGISTICS,Logistics,TA_CRANE_SHIPMENT,POL_CTRY,COMREF,SCBI
PORT_LOCATION,CRANE,LOGISTICS,Logistics,TA_PORT_CITIES_XREF,,COMREF,SCBI
PORT_LOCATION,CRANE,LOGISTICS,Logistics,TA_CRANE_SHIPMENT,POD_CTRY,COMREF,SCBI
PORT_LOCATION,CRANE,LOGISTICS,Logistics,TA_CRANE_SHIPMENT,,COMREF,SCBI
PORT_LOCATION,CRANE,LOGISTICS,Logistics,TA_CRANE_SHIPMENT,SNOWFLAKE_MODIFIEDDTM,COMREF,SCBI
PORT_LOCATION,CRANE,LOGISTICS,Logistics,TA_CRANE_SHIPMENT,POL_CITY,COMREF,SCBI
PORT_LOCATION,CRANE,LOGISTICS,Logistics,TA_CRANE_SHIPMENT,"POL_CTRY, POL_CITY, POD_CTRY, POD_CITY",COMREF,SCBI
PORT_LOCATION,CRANE,LOGISTICS,Logistics,TA_CRANE_SHIPMENT,DSN,COMREF,SCBI
PORT_LOCATION,CRANE,LOGISTICS,Logistics,TA_CRANE_SHIPMENT,SNOWFLAKE_CREATEDDTM ,COMREF,SCBI
PORT_LOCATION,CRANE,LOGISTICS,Logistics,TA_CRANE_SHIPMENT,POD_CITY,COMREF,SCBI
PORT_LOCATION,CRANE,LOGISTICS,Logistics,TA_PORT_CITIES_XREF,PORT_CITY,COMREF,SCBI
PORT_LOCATION,CRANE,LOGISTICS,Logistics,TA_PORT_CITIES_XREF,PORT_COUNTRY,COMREF,SCBI
IMPORTER,CSG,LOGISTICS,Logistics,EV_CSG_TARIFF_DETAIL,SNOWFLAKE_CREATEDDTM,COMREF,SCBI
IMPORTER,CSG,LOGISTICS,Logistics,EV_CSG_TARIFF_DETAIL,SNOWFLAKE_MODIFIEDDTM,COMREF,SCBI
IMPORTER,CSG,LOGISTICS,Logistics,EV_CSG_TARIFF_DETAIL,DSN,COMREF,SCBI
IMPORTER,CSG,LOGISTICS,Logistics,EV_CSG_TARIFF_DETAIL,HDISDELETEDRECORD,COMREF,SCBI
IMPORTER,CSG,LOGISTICS,Logistics,EV_CSG_TARIFF_DETAIL,IMPORTING_ENTITY_EORI_NUMBER,COMREF,SCBI
IMPORTER,CSG,LOGISTICS,Logistics,EV_CSG_TARIFF_DETAIL,IMPORTING_ENTITY_NAME,COMREF,SCBI
IMPORTER,CSG,LOGISTICS,Logistics,EV_CSG_TARIFF_DETAIL,REGION,COMREF,SCBI
IMPORTER,CSG,LOGISTICS,Logistics,EV_CSG_TARIFF_DETAIL," ",COMREF,SCBI
IMPORTER,CSG,LOGISTICS,Logistics,EV_CSG_TARIFF_DETAIL,IMPORTING_BRANCH_NAME,COMREF,SCBI
IMPORTER,CSG,LOGISTICS,Logistics,EV_CSG_TARIFF_DETAIL,IMPORTING_BRANCH_CODE,COMREF,SCBI
ADVERTISEMENT,DATORAMA,MARKETING,ADVERTISEMENT,,"Creative Custom Attribute 05, GA External Ad Content",COMREF,DBU
ADVERTISEMENT,DATORAMA,MARKETING,ADVERTISEMENT,,Device Category,COMREF,DBU
ADVERTISEMENT,DATORAMA,MARKETING,ADVERTISEMENT,,Creative Custom Attribute 03,COMREF,DBU
ADVERTISEMENT,DATORAMA,MARKETING,ADVERTISEMENT,,"Creative Key, Media Buy Key",COMREF,DBU
ADVERTISEMENT,DATORAMA,MARKETING,ADVERTISEMENT,,"Creative Name, Media Buy Name",COMREF,DBU
ADVERTISEMENT,DATORAMA,MARKETING,ADVERTISEMENT,,Site Name,COMREF,DBU
ADVERTISEMENT,DATORAMA,MARKETING,ADVERTISEMENT,,Creative Title Name,COMREF,DBU
ADVERTISEMENT,DATORAMA,MARKETING,ADVERTISEMENT,,,COMREF,DBU
ADVERTISEMENT,DATORAMA,MARKETING,ADVERTISEMENT,,Creative Format,COMREF,DBU
ADVERTISEMENT,DATORAMA,MARKETING,ADVERTISEMENT,,Creative Click URL,COMREF,DBU
ADVERTISEMENT,DATORAMA,MARKETING,ADVERTISEMENT,,Media Buy Key,COMREF,DBU
ADVERTISEMENT,DATORAMA,MARKETING,ADVERTISEMENT,,Exchange Name,COMREF,DBU
CAMPAIGN,DATORAMA,MARKETING,ADVERTISEMENT,,Campaign Name,COMREF,DBU
CAMPAIGN,DATORAMA,MARKETING,ADVERTISEMENT,,Media Buy Targeting Audience,COMREF,DBU
CAMPAIGN,DATORAMA,MARKETING,ADVERTISEMENT,,"Campaign Budget, Media Buy Budget",COMREF,DBU
CAMPAIGN,DATORAMA,MARKETING,ADVERTISEMENT,,,COMREF,DBU
CAMPAIGN,DATORAMA,MARKETING,ADVERTISEMENT,,"Campaign Category, Media Buy Section",COMREF,DBU
CAMPAIGN,DATORAMA,MARKETING,ADVERTISEMENT,,Campaign Advertiser ID,COMREF,DBU
CAMPAIGN,DATORAMA,MARKETING,ADVERTISEMENT,,"Campaign Type, Media Buy Type",COMREF,DBU
CAMPAIGN,DATORAMA,MARKETING,ADVERTISEMENT,,"Campaign End Date, Media Buy End Date",COMREF,DBU
CAMPAIGN,DATORAMA,MARKETING,ADVERTISEMENT,,Campaign Billing Code,COMREF,DBU
CAMPAIGN,DATORAMA,MARKETING,ADVERTISEMENT,,Media Buy Targeting Interests,COMREF,DBU
CAMPAIGN,DATORAMA,MARKETING,ADVERTISEMENT,,GA External Campaign Key1,COMREF,DBU
CAMPAIGN,DATORAMA,MARKETING,ADVERTISEMENT,,Media Buy Targeting Gender,COMREF,DBU
CAMPAIGN,DATORAMA,MARKETING,ADVERTISEMENT,,"Campaign Start Date, Media Buy Start Date",COMREF,DBU
CAMPAIGN,DATORAMA,MARKETING,ADVERTISEMENT,,Media Buy Targeting Location,COMREF,DBU
CAMPAIGN,DATORAMA,MARKETING,ADVERTISEMENT,,Currency,COMREF,DBU
CAMPAIGN,DATORAMA,MARKETING,ADVERTISEMENT,,Media Buy Targeting Device,COMREF,DBU
CAMPAIGN,DATORAMA,MARKETING,ADVERTISEMENT,,"Campaign Status, Media Buy Status",COMREF,DBU
CAMPAIGN,DATORAMA,MARKETING,ADVERTISEMENT,,Campaign Advertiser,COMREF,DBU
CAMPAIGN,DATORAMA,MARKETING,ADVERTISEMENT,,Media Buy Targeting Language,COMREF,DBU
CAMPAIGN,DATORAMA,MARKETING,ADVERTISEMENT,,"GA External Campaign Key1, Media Buy Key",COMREF,DBU
CONSIGNEE,DBSCHENKER,LOGISTICS,Logistics,TA_Consignee_XREF,CORRECT_CONSIGNEE_CITY,COMREF,SCBI
CONSIGNEE,DBSCHENKER,LOGISTICS,Logistics,TA_DSV_GLOBAL_SHIPMENT,,COMREF,SCBI
CONSIGNEE,DBSCHENKER,LOGISTICS,Logistics,TA_DB_SCHENKER_SHIPMENT,SNOWFLAKE_CREATEDDTM,COMREF,SCBI
CONSIGNEE,DBSCHENKER,LOGISTICS,Logistics,TA_DB_SCHENKER_SHIPMENT,Postal_Code,COMREF,SCBI
CONSIGNEE,DBSCHENKER,LOGISTICS,Logistics,TA_DB_SCHENKER_SHIPMENT,Country,COMREF,SCBI
CONSIGNEE,DBSCHENKER,LOGISTICS,Logistics,TA_Consignee_XREF,CONSIGNEE_ADJ,COMREF,SCBI
CONSIGNEE,DBSCHENKER,LOGISTICS,Logistics,TA_Consignee_XREF,CORRECT_CONSIGNEE_COUNTRY,COMREF,SCBI
CONSIGNEE,DBSCHENKER,LOGISTICS,Logistics,TA_DSV_GLOBAL_SHIPMENT,DSN,COMREF,SCBI
CONSIGNEE,DBSCHENKER,LOGISTICS,Logistics,TA_DB_SCHENKER_SHIPMENT,SNOWFLAKE_MODIFIEDDTM,COMREF,SCBI
CONSIGNEE,DBSCHENKER,LOGISTICS,Logistics,TA_DB_SCHENKER_SHIPMENT,,COMREF,SCBI
SHIPPER,DBSCHENKER,LOGISTICS,Logistics,TA_DB_SCHENKER_SHIPMENT,SNOWFLAKE_CREATEDDTM,COMREF,SCBI
SHIPPER,DBSCHENKER,LOGISTICS,Logistics,TA_SHIPPER_XREF,CORRECT_SHIPPER_ADDRESS,COMREF,SCBI
SHIPPER,DBSCHENKER,LOGISTICS,Logistics,TA_DB_SCHENKER_SHIPMENT,"SHIPPER_NAME,SHIPPER_CITY,SHIPPER_COUNTRY,SHIPPER_ZIPCODE",COMREF,SCBI
SHIPPER,DBSCHENKER,LOGISTICS,Logistics,TA_SHIPPER_XREF,CORRECT_SHIPPER_CITY,COMREF,SCBI
SHIPPER,DBSCHENKER,LOGISTICS,Logistics,TA_DB_SCHENKER_SHIPMENT,SHIPPER_CITY,COMREF,SCBI
SHIPPER,DBSCHENKER,LOGISTICS,Logistics,TA_DB_SCHENKER_SHIPMENT,SHIPPER_NAME,COMREF,SCBI
SHIPPER,DBSCHENKER,LOGISTICS,Logistics,TA_DB_SCHENKER_SHIPMENT,DSN,COMREF,SCBI
SHIPPER,DBSCHENKER,LOGISTICS,Logistics,TA_SHIPPER_XREF,SHIPPER_NAME_ADJ,COMREF,SCBI
SHIPPER,DBSCHENKER,LOGISTICS,Logistics,TA_SHIPPER_XREF,CORRECT_SHIPPER_COUNTRY,COMREF,SCBI
SHIPPER,DBSCHENKER,LOGISTICS,Logistics,TA_DB_SCHENKER_SHIPMENT,SNOWFLAKE_MODIFIEDDTM,COMREF,SCBI
SHIPPER,DBSCHENKER,LOGISTICS,Logistics,TA_SHIPPER_XREF,CORRECT_SHIPPER_ZIP,COMREF,SCBI
SHIPPER,DBSCHENKER,LOGISTICS,Logistics,TA_DB_SCHENKER_SHIPMENT,SHIPPER_COUNTRY,COMREF,SCBI
SHIPPER,DBSCHENKER,LOGISTICS,Logistics,TA_DB_SCHENKER_SHIPMENT,SHIPPER_ZIPCODE,COMREF,SCBI
SHIPPER,DBSCHENKER,LOGISTICS,Logistics,TA_DB_SCHENKER_SHIPMENT,,COMREF,SCBI
BROKER,DHL,LOGISTICS,Logistics,EV_DHLNA_TARIFF_DETAIL,ADDRESS_LINE_1,COMREF,SCBI
BROKER,DHL,LOGISTICS,Logistics,EV_DHLNA_TARIFF_DETAIL,,COMREF,SCBI
BROKER,DHL,LOGISTICS,Logistics,EV_DHLNA_TARIFF_DETAIL,HDISDELETEDRECORD,COMREF,SCBI
BROKER,DHL,LOGISTICS,Logistics,EV_DHLNA_TARIFF_DETAIL,SNOWFLAKE_CREATEDDTM,COMREF,SCBI
BROKER,DHL,LOGISTICS,Logistics,EV_DHLNA_TARIFF_DETAIL,SNOWFLAKE_MODIFIEDDTM,COMREF,SCBI
BROKER,DHL,LOGISTICS,Logistics,EV_DHLNA_TARIFF_DETAIL,REGION,COMREF,SCBI
BROKER,DHL,LOGISTICS,Logistics,EV_DHLNA_TARIFF_DETAIL,ADDRESS_LINE_2,COMREF,SCBI
BROKER,DHL,LOGISTICS,Logistics,EV_DHLNA_TARIFF_DETAIL,DSN,COMREF,SCBI
BROKER,DHL,LOGISTICS,Logistics,EV_DHLNA_TARIFF_DETAIL,COUNTRY,COMREF,SCBI
BROKER,DHL,LOGISTICS,Logistics,EV_DHLNA_TARIFF_DETAIL,STATE,COMREF,SCBI
BROKER,DHL,LOGISTICS,Logistics,EV_DHLNA_TARIFF_DETAIL,POSTAL_CODE,COMREF,SCBI
BROKER,DHL,LOGISTICS,Logistics,EV_DHLNA_TARIFF_DETAIL,BROKER_NAME,COMREF,SCBI
BROKER,DHL,LOGISTICS,Logistics,EV_DHLNA_TARIFF_DETAIL,CITY,COMREF,SCBI
CONSIGNEE,DHL,LOGISTICS,Logistics,EV_DHL_NA_TARIFF_DETAIL,SNOWFLAKE_MODIFIEDDTM,COMREF,SCBI
CONSIGNEE,DHL,LOGISTICS,Logistics,EV_DHL_NA_TARIFF_DETAIL,REGION,COMREF,SCBI
CONSIGNEE,DHL,LOGISTICS,Logistics,TA_DHL_FINANCE_SHIPMENT,"CONSIGNEE_COMPANY_NAME,CONSIGNEE_CITY,DESTINATION_COUNTRY_TERRITORY_CODE ,CONSIGNEE_ZIP",COMREF,SCBI
CONSIGNEE,DHL,LOGISTICS,Logistics,EV_DHLAUS_TARIFF_DETAIL,SNOWFLAKE_CREATEDDTM,COMREF,SCBI
CONSIGNEE,DHL,LOGISTICS,Logistics,TA_DHL_FINANCE_SHIPMENT,CONSIGNEE_CITY,COMREF,SCBI
CONSIGNEE,DHL,LOGISTICS,Logistics,TA_CONSIGNEE_XREF,CONSIGNEE_ADJ,COMREF,SCBI
CONSIGNEE,DHL,LOGISTICS,Logistics,EV_DHL_NA_TARIFF_DETAIL,DSN,COMREF,SCBI
CONSIGNEE,DHL,LOGISTICS,Logistics,TA_DHL_FINANCE_SHIPMENT,,COMREF,SCBI
CONSIGNEE,DHL,LOGISTICS,Logistics,TA_DHL_FINANCE_SHIPMENT,SNOWFLAKE_MODIFIEDDTM,COMREF,SCBI
CONSIGNEE,DHL,LOGISTICS,Logistics,EV_DHL_NA_TARIFF_DETAIL,CONSIGNEE_STATE_PROVINCE,COMREF,SCBI
CONSIGNEE,DHL,LOGISTICS,Logistics,TA_DHL_FINANCE_SHIPMENT,SNOWFLAKE_CREATEDDTM,COMREF,SCBI
CONSIGNEE,DHL,LOGISTICS,Logistics,EV_DHL_NA_TARIFF_DETAIL,CONSIGNEE_IRS_NO,COMREF,SCBI
CONSIGNEE,DHL,LOGISTICS,Logistics,EV_DHL_NA_TARIFF_DETAIL,SNOWFLAKE_CREATEDDTM,COMREF,SCBI
CONSIGNEE,DHL,LOGISTICS,Logistics,EV_DHLAUS_TARIFF_DETAIL,,COMREF,SCBI
CONSIGNEE,DHL,LOGISTICS,Logistics,TA_CONSIGNEE_XREF,CORRECT_CONSIGNEE_CITY,COMREF,SCBI
CONSIGNEE,DHL,LOGISTICS,Logistics,TA_DHL_FINANCE_SHIPMENT,CONSIGNEE_COMPANY_NAME,COMREF,SCBI
CONSIGNEE,DHL,LOGISTICS,Logistics,EV_DHLAUS_TARIFF_DETAIL,CUSTOMER_NAME,COMREF,SCBI
CONSIGNEE,DHL,LOGISTICS,Logistics,TA_DHL_FINANCE_SHIPMENT,DESTINATION_COUNTRY_TERRITORY_CODE,COMREF,SCBI
CONSIGNEE,DHL,LOGISTICS,Logistics,EV_DHLAUS_TARIFF_DETAIL,DSN,COMREF,SCBI
CONSIGNEE,DHL,LOGISTICS,Logistics,EV_DHL_NA_TARIFF_DETAIL,,COMREF,SCBI
CONSIGNEE,DHL,LOGISTICS,Logistics,TA_DHL_FINANCE_SHIPMENT,DSN,COMREF,SCBI
CONSIGNEE,DHL,LOGISTICS,Logistics,EV_DHL_NA_TARIFF_DETAIL,CONSIGNEE_ADDRESS,COMREF,SCBI
CONSIGNEE,DHL,LOGISTICS,Logistics,EV_DHLAUS_TARIFF_DETAIL,SNOWFLAKE_MODIFIEDDTM,COMREF,SCBI
CONSIGNEE,DHL,LOGISTICS,Logistics,TA_CONSIGNEE_XREF,CORRECT_CONSIGNEE_COUNTRY,COMREF,SCBI
CONSIGNEE,DHL,LOGISTICS,Logistics,EV_DHLAUS_TARIFF_DETAIL,CUSTOMER_NAME_CODE,COMREF,SCBI
CONSIGNEE,DHL,LOGISTICS,Logistics,TA_DHL_FINANCE_SHIPMENT,DESTINATION_REGION_CODE,COMREF,SCBI
CONSIGNEE,DHL,LOGISTICS,Logistics,EV_DHL_NA_TARIFF_DETAIL,CONSIGNEE_CITY,COMREF,SCBI
CONSIGNEE,DHL,LOGISTICS,Logistics,TA_DHL_FINANCE_SHIPMENT,CONSIGNEE_ZIP,COMREF,SCBI
CONSIGNEE,DHL,LOGISTICS,Logistics,EV_DHL_NA_TARIFF_DETAIL,CONSIGNEE_ZIP,COMREF,SCBI
CONSIGNEE,DHL,LOGISTICS,Logistics,EV_DHL_NA_TARIFF_DETAIL,CONSIGNEE_NAME,COMREF,SCBI
IMPORTER,DHL,LOGISTICS,Logistics,EV_DHLNA_TARIFF_DETAIL,IMPORTER_STATE_PROVINCE,COMREF,SCBI
IMPORTER,DHL,LOGISTICS,Logistics,EV_DHLNA_TARIFF_DETAIL,IMPORTER_ZIP,COMREF,SCBI
IMPORTER,DHL,LOGISTICS,Logistics,EV_DHLNA_TARIFF_DETAIL,SNOWFLAKE_MODIFIEDDTM,COMREF,SCBI
IMPORTER,DHL,LOGISTICS,Logistics,EV_DHLNA_TARIFF_DETAIL,REGION,COMREF,SCBI
IMPORTER,DHL,LOGISTICS,Logistics,EV_DHLNA_TARIFF_DETAIL,SNOWFLAKE_CREATEDDTM,COMREF,SCBI
IMPORTER,DHL,LOGISTICS,Logistics,EV_DHLNA_TARIFF_DETAIL,DSN,COMREF,SCBI
IMPORTER,DHL,LOGISTICS,Logistics,EV_DHLNA_TARIFF_DETAIL,CUST_IRS_NO,COMREF,SCBI
IMPORTER,DHL,LOGISTICS,Logistics,EV_DHLNA_TARIFF_DETAIL,CUST_NAME,COMREF,SCBI
IMPORTER,DHL,LOGISTICS,Logistics,EV_DHLNA_TARIFF_DETAIL," ",COMREF,SCBI
IMPORTER,DHL,LOGISTICS,Logistics,EV_DHLNA_TARIFF_DETAIL,HDISDELETEDRECORD,COMREF,SCBI
IMPORTER,DHL,LOGISTICS,Logistics,EV_DHLNA_TARIFF_DETAIL,IMPORTER_CITY,COMREF,SCBI
IMPORTER,DHL,LOGISTICS,Logistics,EV_DHLNA_TARIFF_DETAIL,IMPORTER_ADDRESS,COMREF,SCBI
SHIPPER,DHL,LOGISTICS,Logistics,TA_DHL_FINANCE_SHIPMENT,ORIGIN_COUNTRY_TERRITORY_CODE,COMREF,SCBI
SHIPPER,DHL,LOGISTICS,Logistics,TA_DHL_FINANCE_SHIPMENT,SNOWFLAKE_MODIFIEDDTM,COMREF,SCBI
SHIPPER,DHL,LOGISTICS,Logistics,TA_DHL_FINANCE_SHIPMENT,ORIGIN_REGION_CODE,COMREF,SCBI
SHIPPER,DHL,LOGISTICS,Logistics,TA_SHIPPER_XREF,CORRECT_SHIPPER_ZIP,COMREF,SCBI
SHIPPER,DHL,LOGISTICS,Logistics,TA_DHL_FINANCE_SHIPMENT,SHIPPER_ZIP,COMREF,SCBI
SHIPPER,DHL,LOGISTICS,Logistics,TA_DHL_FINANCE_SHIPMENT,SHIPPER_CITY,COMREF,SCBI
SHIPPER,DHL,LOGISTICS,Logistics,TA_DHL_FINANCE_SHIPMENT,DSN,COMREF,SCBI
SHIPPER,DHL,LOGISTICS,Logistics,TA_DHL_FINANCE_SHIPMENT,"SHIPPER_COMPANY_NAME,SHIPPER_CITY,ORIGIN_COUNTRY_TERRITORY_CODE,SHIPPER_ZIP",COMREF,SCBI
SHIPPER,DHL,LOGISTICS,Logistics,TA_SHIPPER_XREF,CORRECT_SHIPPER_COUNTRY,COMREF,SCBI
SHIPPER,DHL,LOGISTICS,Logistics,TA_SHIPPER_XREF,SHIPPER_NAME_ADJ,COMREF,SCBI
SHIPPER,DHL,LOGISTICS,Logistics,TA_DHL_FINANCE_SHIPMENT,,COMREF,SCBI
SHIPPER,DHL,LOGISTICS,Logistics,TA_DHL_FINANCE_SHIPMENT,SNOWFLAKE_CREATEDDTM,COMREF,SCBI
SHIPPER,DHL,LOGISTICS,Logistics,TA_DHL_FINANCE_SHIPMENT,SHIPPER_COMPANY_NAME,COMREF,SCBI
SHIPPER,DHL,LOGISTICS,Logistics,TA_SHIPPER_XREF,CORRECT_SHIPPER_ADDRESS,COMREF,SCBI
SHIPPER,DHL,LOGISTICS,Logistics,TA_SHIPPER_XREF,CORRECT_SHIPPER_CITY,COMREF,SCBI
CONSIGNEE,DHLGLOBAL,LOGISTICS,Logistics,TA_CONSIGNEE_XREF,CORRECT_CONSIGNEE_COUNTRY,COMREF,SCBI
CONSIGNEE,DHLGLOBAL,LOGISTICS,Logistics,TA_DHL_GLOBAL_FORWARDING_SHIPMENT,CONSIGNEE_COUNTRY,COMREF,SCBI
CONSIGNEE,DHLGLOBAL,LOGISTICS,Logistics,TA_DHL_GLOBAL_FORWARDING_SHIPMENT,SNOWFLAKE_MODIFIEDDTM,COMREF,SCBI
CONSIGNEE,DHLGLOBAL,LOGISTICS,Logistics,TA_DHL_GLOBAL_FORWARDING_SHIPMENT,SNOWFLAKE_CREATEDDTM,COMREF,SCBI
CONSIGNEE,DHLGLOBAL,LOGISTICS,Logistics,TA_DHL_GLOBAL_FORWARDING_SHIPMENT,CONSIGNEE_COMPANY_NAME,COMREF,SCBI
CONSIGNEE,DHLGLOBAL,LOGISTICS,Logistics,TA_CONSIGNEE_XREF,CORRECT_CONSIGNEE_CITY,COMREF,SCBI
CONSIGNEE,DHLGLOBAL,LOGISTICS,Logistics,TA_DHL_GLOBAL_FORWARDING_SHIPMENT,REGION,COMREF,SCBI
CONSIGNEE,DHLGLOBAL,LOGISTICS,Logistics,TA_DHL_GLOBAL_FORWARDING_SHIPMENT,,COMREF,SCBI
CONSIGNEE,DHLGLOBAL,LOGISTICS,Logistics,TA_DHL_GLOBAL_FORWARDING_SHIPMENT,CONSIGNEE_STATE,COMREF,SCBI
CONSIGNEE,DHLGLOBAL,LOGISTICS,Logistics,TA_DHL_GLOBAL_FORWARDING_SHIPMENT,CONSIGNEE_ZIP_CODE,COMREF,SCBI
CONSIGNEE,DHLGLOBAL,LOGISTICS,Logistics,TA_DHL_GLOBAL_FORWARDING_SHIPMENT,"DSN,CONSIGNEE_COMPANY_NAME,CONSIGNEE_CITY,CONSIGNEE_COUNTRY,CONSIGNEE_ZIP_CODE",COMREF,SCBI
CONSIGNEE,DHLGLOBAL,LOGISTICS,Logistics,TA_DHL_GLOBAL_FORWARDING_SHIPMENT,CONSIGNEE_CITY,COMREF,SCBI
CONSIGNEE,DHLGLOBAL,LOGISTICS,Logistics,TA_DHL_GLOBAL_FORWARDING_SHIPMENT,DSN,COMREF,SCBI
CONSIGNEE,DHLGLOBAL,LOGISTICS,Logistics,TA_CONSIGNEE_XREF,CORRECT_CONSIGNEE_NAME,COMREF,SCBI
PORT_LOCATION,DHLGLOBAL,LOGISTICS,Logistics,TA_PORT_CITIES_XREF,PORT_CODE,COMREF,SCBI
PORT_LOCATION,DHLGLOBAL,LOGISTICS,Logistics,TA_DHL_GLOBAL_FORWARDING_SHIPMENT,SNOWFLAKE_CREATEDDTM ,COMREF,SCBI
PORT_LOCATION,DHLGLOBAL,LOGISTICS,Logistics,TA_PORT_CITIES_XREF,PORT_CITY,COMREF,SCBI
PORT_LOCATION,DHLGLOBAL,LOGISTICS,Logistics,TA_DHL_GLOBAL_FORWARDING_SHIPMENT,SNOWFLAKE_MODIFIEDDTM,COMREF,SCBI
PORT_LOCATION,DHLGLOBAL,LOGISTICS,Logistics,TA_DHL_GLOBAL_FORWARDING_SHIPMENT,ORIGIN_PORT,COMREF,SCBI
PORT_LOCATION,DHLGLOBAL,LOGISTICS,Logistics,TA_DHL_GLOBAL_FORWARDING_SHIPMENT,REGION,COMREF,SCBI
PORT_LOCATION,DHLGLOBAL,LOGISTICS,Logistics,TA_DHL_GLOBAL_FORWARDING_SHIPMENT,DESTINATION_PORT,COMREF,SCBI
PORT_LOCATION,DHLGLOBAL,LOGISTICS,Logistics,TA_DHL_GLOBAL_FORWARDING_SHIPMENT,DSN,COMREF,SCBI
PORT_LOCATION,DHLGLOBAL,LOGISTICS,Logistics,TA_DHL_GLOBAL_FORWARDING_SHIPMENT,,COMREF,SCBI
PORT_LOCATION,DHLGLOBAL,LOGISTICS,Logistics,TA_DHL_GLOBAL_FORWARDING_SHIPMENT,"ORIGIN_PORT, DESTINATION_PORT",COMREF,SCBI
PORT_LOCATION,DHLGLOBAL,LOGISTICS,Logistics,TA_PORT_CITIES_XREF,PORT_COUNTRY,COMREF,SCBI
SHIPPER,DHLGLOBAL,LOGISTICS,Logistics,TA_DHL_GLOBAL_FORWARDING_SHIPMENT,REGION,COMREF,SCBI
SHIPPER,DHLGLOBAL,LOGISTICS,Logistics,TA_SHIPPER_XREF,CORRECT_SHIPPER_ADDRESS,COMREF,SCBI
SHIPPER,DHLGLOBAL,LOGISTICS,Logistics,TA_DHL_GLOBAL_FORWARDING_SHIPMENT,SHIPPER_COUNTRY,COMREF,SCBI
SHIPPER,DHLGLOBAL,LOGISTICS,Logistics,TA_DHL_GLOBAL_FORWARDING_SHIPMENT,,COMREF,SCBI
SHIPPER,DHLGLOBAL,LOGISTICS,Logistics,TA_SHIPPER_XREF,CORRECT_SHIPPER_CITY,COMREF,SCBI
SHIPPER,DHLGLOBAL,LOGISTICS,Logistics,TA_SHIPPER_XREF,CORRECT_SHIPPER_COUNTRY,COMREF,SCBI
SHIPPER,DHLGLOBAL,LOGISTICS,Logistics,TA_DHL_GLOBAL_FORWARDING_SHIPMENT,DSN,COMREF,SCBI
SHIPPER,DHLGLOBAL,LOGISTICS,Logistics,TA_DHL_GLOBAL_FORWARDING_SHIPMENT,SHIPPER_COMPANY_NAME,COMREF,SCBI
SHIPPER,DHLGLOBAL,LOGISTICS,Logistics,TA_DHL_GLOBAL_FORWARDING_SHIPMENT,SHIPPER_STATE,COMREF,SCBI
SHIPPER,DHLGLOBAL,LOGISTICS,Logistics,TA_DHL_GLOBAL_FORWARDING_SHIPMENT,SHIPPER_ZIP_CODE,COMREF,SCBI
SHIPPER,DHLGLOBAL,LOGISTICS,Logistics,TA_DHL_GLOBAL_FORWARDING_SHIPMENT,SHIPPER_CITY,COMREF,SCBI
SHIPPER,DHLGLOBAL,LOGISTICS,Logistics,TA_SHIPPER_XREF,CORRECT_SHIPPER_ZIP,COMREF,SCBI
SHIPPER,DHLGLOBAL,LOGISTICS,Logistics,TA_DHL_GLOBAL_FORWARDING_SHIPMENT,"DSN,SHIPPER_COMPANY_NAME,SHIPPER_CITY,SHIPPER_COUNTRY,SHIPPER_ZIP_CODE",COMREF,SCBI
SHIPPER,DHLGLOBAL,LOGISTICS,Logistics,TA_DHL_GLOBAL_FORWARDING_SHIPMENT,SNOWFLAKE_MODIFIEDDTM,COMREF,SCBI
SHIPPER,DHLGLOBAL,LOGISTICS,Logistics,TA_DHL_GLOBAL_FORWARDING_SHIPMENT,SNOWFLAKE_CREATEDDTM,COMREF,SCBI
SHIPPER,DHLGLOBAL,LOGISTICS,Logistics,TA_SHIPPER_XREF,SHIPPER_NAME_ADJ,COMREF,SCBI
BOM_DEPARTMENT,EBS,PRODUCT,BOM_DEPARTMENTS,BOM_DEPARTMENTS,DEPARTMENT_CLASS_CODE,COMREF,AAI
BOM_DEPARTMENT,EBS,PRODUCT,BOM_DEPARTMENTS,BOM_DEPARTMENTS,LOCATION_ID,COMREF,AAI
BOM_DEPARTMENT,EBS,PRODUCT,BOM_DEPARTMENTS,BOM_DEPARTMENTS,ORGANIZATION_ID,COMREF,AAI
BOM_DEPARTMENT,EBS,PRODUCT,BOM_DEPARTMENTS,BOM_DEPARTMENTS,HDISDELETEDRECORD,COMREF,AAI
BOM_DEPARTMENT,EBS,PRODUCT,BOM_DEPARTMENTS,BOM_DEPARTMENTS,CREATED_BY,COMREF,AAI
BOM_DEPARTMENT,EBS,PRODUCT,BOM_DEPARTMENTS,BOM_DEPARTMENTS,LAST_UPDATED_BY,COMREF,AAI
BOM_DEPARTMENT,EBS,PRODUCT,BOM_DEPARTMENTS,BOM_DEPARTMENTS,DSN,COMREF,AAI
BOM_DEPARTMENT,EBS,PRODUCT,BOM_DEPARTMENTS,BOM_DEPARTMENTS,DISABLE_DATE,COMREF,AAI
BOM_DEPARTMENT,EBS,PRODUCT,BOM_DEPARTMENTS,BOM_DEPARTMENTS,DESCRIPTION,COMREF,AAI
BOM_DEPARTMENT,EBS,PRODUCT,BOM_DEPARTMENTS,BOM_DEPARTMENTS,,COMREF,AAI
BOM_DEPARTMENT,EBS,PRODUCT,BOM_DEPARTMENTS,BOM_DEPARTMENTS,DEPARTMENT_CODE,COMREF,AAI
BOM_DEPARTMENT,EBS,PRODUCT,BOM_DEPARTMENTS,BOM_DEPARTMENTS,DEPARTMENT_ID,COMREF,AAI
BOM_DEPARTMENT,EBS,PRODUCT,BOM_DEPARTMENTS,BOM_DEPARTMENTS,CREATION_DATE,COMREF,AAI
BOM_DEPARTMENT,EBS,PRODUCT,BOM_DEPARTMENTS,BOM_DEPARTMENTS,LAST_UPDATE_DATE,COMREF,AAI
CALENDER_DATE,EBS,ALL,,BOM_CALENDAR_DATES,CALENDAR_CODE,COMREF,AAI
CALENDER_DATE,EBS,ALL,,BOM_CALENDAR_DATES,PRIOR_DATE,COMREF,AAI
CALENDER_DATE,EBS,ALL,,,,COMREF,AAI
CALENDER_DATE,EBS,ALL,,BOM_CALENDAR_DATES,NEXT_DATE,COMREF,AAI
CALENDER_DATE,EBS,ALL,,BOM_CALENDAR_DATES,EXCEPTION_SET_ID,COMREF,AAI
CALENDER_DATE,EBS,ALL,,BOM_CALENDAR_DATES,SEQ_NUM,COMREF,AAI
CALENDER_DATE,EBS,ALL,,BOM_CALENDAR_DATES,LAST_UPDATE_DATE,COMREF,AAI
CALENDER_DATE,EBS,ALL,,BOM_CALENDAR_DATES,CREATION_DATE,COMREF,AAI
CALENDER_DATE,EBS,ALL,,BOM_CALENDAR_DATES,,COMREF,AAI
CALENDER_DATE,EBS,ALL,,BOM_CALENDAR_DATES,PRIOR_SEQ_NUM,COMREF,AAI
CALENDER_DATE,EBS,ALL,,FND_USER,USER_NAME,COMREF,AAI
CALENDER_DATE,EBS,ALL,,BOM_CALENDAR_DATES,NEXT_SEQ_NUM,COMREF,AAI
CURRENCY,EBS,ALL,,FND_CURRENCIES,ENABLED_FLAG,COMREF,AAI
CURRENCY,EBS,ALL,,FND_CURRENCIES,LAST_UPDATE_DATE,COMREF,AAI
CURRENCY,EBS,ALL,,FND_CURRENCIES,SYMBOL,COMREF,AAI
CURRENCY,EBS,ALL,,FND_CURRENCIES,HDISDELETEDRECORD,COMREF,AAI
CURRENCY,EBS,ALL,,FND_CURRENCIES,ISSUING_TERRITORY_CODE,COMREF,AAI
CURRENCY,EBS,ALL,,FND_CURRENCIES,,COMREF,AAI
CURRENCY,EBS,ALL,,FND_CURRENCIES,START_DATE_ACTIVE,COMREF,AAI
CURRENCY,EBS,ALL,,FND_CURRENCIES,CURRENCY_FLAG,COMREF,AAI
CURRENCY,EBS,ALL,,FND_CURRENCIES,DESCRIPTION,COMREF,AAI
CURRENCY,EBS,ALL,,FND_CURRENCIES,ISO_FLAG,COMREF,AAI
CURRENCY,EBS,ALL,,FND_CURRENCIES,CREATION_DATE,COMREF,AAI
CURRENCY,EBS,ALL,,FND_CURRENCIES,DSN,COMREF,AAI
CURRENCY,EBS,ALL,,FND_CURRENCIES,CURRENCY_CODE,COMREF,AAI
CURRENCY,EBS,ALL,,,,COMREF,AAI
CURRENCY,EBS,ALL,,FND_CURRENCIES,END_DATE_ACTIVE,COMREF,AAI
CURRENCY,EBS,ALL,,FND_USER,USER_NAME,COMREF,AAI
CUSTOMER,EBS,CUSTOMER,Customer,FND_USER,USER_NAME,COMREF,AAI
CUSTOMER,EBS,CUSTOMER,Customer,,,COMREF,AAI
CUSTOMER,EBS,CUSTOMER,Customer,HZ_CUST_ACCOUNTS,STATUS,COMREF,AAI
CUSTOMER,EBS,CUSTOMER,Customer,HZ_PARTIES,ADDRESS1,COMREF,AAI
CUSTOMER,EBS,CUSTOMER,Customer,HZ_CUST_ACCOUNTS,ACCOUNT_NUMBER,COMREF,AAI
CUSTOMER,EBS,CUSTOMER,Customer,HZ_CUST_ACCOUNTS,CUSTOMER_TYPE,COMREF,AAI
CUSTOMER,EBS,CUSTOMER,Customer,HZ_CUST_ACCOUNTS,CUST_ACCOUNT_ID,COMREF,AAI
CUSTOMER,EBS,CUSTOMER,Customer,FND_LOOKUP_VALUES,"CUSTOMER_TYPE, MEANING",COMREF,AAI
CUSTOMER,EBS,CUSTOMER,Customer,HZ_PARTIES,CITY,COMREF,AAI
CUSTOMER,EBS,CUSTOMER,Customer,HZ_PARTIES,PROVINCE,COMREF,AAI
CUSTOMER,EBS,CUSTOMER,Customer,HZ_PARTIES,ADDRESS3,COMREF,AAI
CUSTOMER,EBS,CUSTOMER,Customer,HZ_CUST_ACCOUNTS,LAST_UPDATE_DATE,COMREF,AAI
CUSTOMER,EBS,CUSTOMER,Customer,HZ_PARTIES,ADDRESS2,COMREF,AAI
CUSTOMER,EBS,CUSTOMER,Customer,FND_LOOKUP_VALUES,"CUSTOMER_STATUS,MEANING",COMREF,AAI
CUSTOMER,EBS,CUSTOMER,Customer,HZ_PARTIES,COUNTY,COMREF,AAI
CUSTOMER,EBS,CUSTOMER,Customer,HZ_PARTIES,POSTAL_CODE,COMREF,AAI
CUSTOMER,EBS,CUSTOMER,Customer,HZ_CUST_ACCOUNTS,ATTRIBUTE9,COMREF,AAI
CUSTOMER,EBS,CUSTOMER,Customer,,CBZ-EBS' Hardcode,COMREF,AAI
CUSTOMER,EBS,CUSTOMER,Customer,HZ_PARTIES,STATE,COMREF,AAI
CUSTOMER,EBS,CUSTOMER,Customer,HZ_CUST_ACCOUNTS,ACCOUNT_NAME,COMREF,AAI
CUSTOMER,EBS,CUSTOMER,Customer,HZ_PARTIES,PARTY_ID,COMREF,AAI
CUSTOMER,EBS,CUSTOMER,Customer,HZ_PARTIES,ADDRESS4,COMREF,AAI
CUSTOMER,EBS,CUSTOMER,Customer,HZ_PARTIES,COUNTRY,COMREF,AAI
CUSTOMER,EBS,CUSTOMER,Customer,HZ_CUST_ACCOUNTS,CREATION_DATE,COMREF,AAI
CUSTOMER,EBS,CUSTOMER,Customer,HZ_CUST_ACCOUNTS,"concat('CPS-EBS','^~',hca.CUST_ACCOUNT_ID)",COMREF,AAI
CUSTOMER,EBS,CUSTOMER,Customer,HZ_CUST_ACCOUNTS,CUSTOMER_CLASS_CODE,COMREF,AAI
CUSTOMER_BILL_TO_LOCATION,EBS,CUSTOMER,CUSTOMER,HZ_LOCATIONS,PROVINCE,COMREF,AAI
CUSTOMER_BILL_TO_LOCATION,EBS,CUSTOMER,CUSTOMER,,,COMREF,AAI
CUSTOMER_BILL_TO_LOCATION,EBS,CUSTOMER,Customer,HZ_CUST_SITE_USES_ALL,ATTRIBUTE10,COMREF,AAI
CUSTOMER_BILL_TO_LOCATION,EBS,CUSTOMER,CUSTOMER,HZ_LOCATIONS,ADDRESS2,COMREF,AAI
CUSTOMER_BILL_TO_LOCATION,EBS,CUSTOMER,CUSTOMER,HZ_CUST_ACCOUNTS,CUST_ACCOUNT_ID,COMREF,AAI
CUSTOMER_BILL_TO_LOCATION,EBS,CUSTOMER,CUSTOMER,HZ_CUST_SITE_USES_ALL,LOCATION,COMREF,AAI
CUSTOMER_BILL_TO_LOCATION,EBS,CUSTOMER,CUSTOMER,HZ_CUST_ACCOUNTS,ACCOUNT_NUMBER,COMREF,AAI
CUSTOMER_BILL_TO_LOCATION,EBS,CUSTOMER,Customer,HZ_PARTY_SITES,PARTY_SITE_ID,COMREF,AAI
CUSTOMER_BILL_TO_LOCATION,EBS,CUSTOMER,Customer,,,COMREF,AAI
CUSTOMER_BILL_TO_LOCATION,EBS,CUSTOMER,CUSTOMER,HZ_CUST_SITE_USES_ALL,STATUS,COMREF,AAI
CUSTOMER_BILL_TO_LOCATION,EBS,CUSTOMER,CUSTOMER,HZ_CUST_SITE_USES_ALL,DSN,COMREF,AAI
CUSTOMER_BILL_TO_LOCATION,EBS,CUSTOMER,Customer,RA_TERMS_VL,DESCRIPTION,COMREF,AAI
CUSTOMER_BILL_TO_LOCATION,EBS,CUSTOMER,CUSTOMER,FND_LOOKUP_VALUES,DESCRIPTION,COMREF,AAI
CUSTOMER_BILL_TO_LOCATION,EBS,CUSTOMER,CUSTOMER,HZ_LOCATIONS,DESCRIPTION,COMREF,AAI
CUSTOMER_BILL_TO_LOCATION,EBS,CUSTOMER,CUSTOMER,FND_USER,USER_NAME,COMREF,AAI
CUSTOMER_BILL_TO_LOCATION,EBS,CUSTOMER,CUSTOMER,HZ_CUST_SITE_USES_ALL,"CUST_ACCOUNT_ID, SITE_USE_ID",COMREF,AAI
CUSTOMER_BILL_TO_LOCATION,EBS,CUSTOMER,CUSTOMER,HZ_CUST_ACCOUNTS,HDISDELETEDRECORD,COMREF,AAI
CUSTOMER_BILL_TO_LOCATION,EBS,CUSTOMER,CUSTOMER,HZ_LOCATIONS,POSTAL_CODE,COMREF,AAI
CUSTOMER_BILL_TO_LOCATION,EBS,CUSTOMER,CUSTOMER,HZ_CUST_SITE_USES_ALL,CUST_ACCT_SITE_ID,COMREF,AAI
CUSTOMER_BILL_TO_LOCATION,EBS,CUSTOMER,Customer,HZ_PARTY_SITES,PARTY_ID,COMREF,AAI
CUSTOMER_BILL_TO_LOCATION,EBS,CUSTOMER,CUSTOMER,HZ_CUST_SITE_USES_ALL,SOURCE_UPDATED_DATE,COMREF,AAI
CUSTOMER_BILL_TO_LOCATION,EBS,CUSTOMER,CUSTOMER,HZ_LOCATIONS,COUNTY,COMREF,AAI
CUSTOMER_BILL_TO_LOCATION,EBS,CUSTOMER,Customer,HZ_CUST_SITE_USES_ALL,ORG_ID,COMREF,AAI
CUSTOMER_BILL_TO_LOCATION,EBS,CUSTOMER,CUSTOMER,HZ_LOCATIONS,COUNTRY,COMREF,AAI
CUSTOMER_BILL_TO_LOCATION,EBS,CUSTOMER,CUSTOMER,HZ_LOCATIONS,ADDRESS3,COMREF,AAI
CUSTOMER_BILL_TO_LOCATION,EBS,CUSTOMER,Customer,RA_TERMS_VL,NAME,COMREF,AAI
CUSTOMER_BILL_TO_LOCATION,EBS,CUSTOMER,CUSTOMER,HZ_LOCATIONS,STATE,COMREF,AAI
CUSTOMER_BILL_TO_LOCATION,EBS,CUSTOMER,Customer,HZ_LOCATIONS,LOCATION_ID,COMREF,AAI
CUSTOMER_BILL_TO_LOCATION,EBS,CUSTOMER,CUSTOMER,HZ_CUST_SITE_USES_ALL,SITE_USE_ID,COMREF,AAI
CUSTOMER_BILL_TO_LOCATION,EBS,CUSTOMER,CUSTOMER,HZ_CUST_SITE_USES_ALL,SOURCE_CREATED_DATE,COMREF,AAI
CUSTOMER_BILL_TO_LOCATION,EBS,CUSTOMER,CUSTOMER,HZ_LOCATIONS,CITY,COMREF,AAI
CUSTOMER_BILL_TO_LOCATION,EBS,CUSTOMER,Customer,HZ_CUST_SITE_USES_ALL,SITE_USE_CODE,COMREF,AAI
CUSTOMER_BILL_TO_LOCATION,EBS,CUSTOMER,CUSTOMER,HZ_CUST_ACCT_SITES_ALL,ORG_ID,COMREF,AAI
CUSTOMER_BILL_TO_LOCATION,EBS,CUSTOMER,CUSTOMER,HZ_LOCATIONS,ADDRESS4,COMREF,AAI
CUSTOMER_BILL_TO_LOCATION,EBS,CUSTOMER,CUSTOMER,HZ_LOCATIONS,ADDRESS1,COMREF,AAI
CUSTOMER_CONTACT,EBS,CUSTOMER,CUSTOMER,HZ_CONTACT_POINTS,LAST_UPDATED_BY,COMREF,IRA
CUSTOMER_CONTACT,EBS,CUSTOMER,CUSTOMER,HZ_CONTACT_POINTS,LAST_UPDATE_DATE,COMREF,IRA
CUSTOMER_CONTACT,EBS,CUSTOMER,CUSTOMER,HZ_CONTACT_POINTS,TRANSPOSED_PHONE_NUMBER,COMREF,IRA
CUSTOMER_CONTACT,EBS,CUSTOMER,CUSTOMER,HZ_CONTACT_POINTS,PHONE_LINE_TYPE,COMREF,IRA
CUSTOMER_CONTACT,EBS,CUSTOMER,CUSTOMER,HZ_CONTACT_POINTS,PHONE_AREA_CODE,COMREF,IRA
CUSTOMER_CONTACT,EBS,CUSTOMER,CUSTOMER,HZ_CONTACT_POINTS,EMAIL_FORMAT,COMREF,IRA
CUSTOMER_CONTACT,EBS,CUSTOMER,CUSTOMER,HZ_CONTACT_POINTS,STATUS,COMREF,IRA
CUSTOMER_CONTACT,EBS,CUSTOMER,CUSTOMER,HZ_CONTACT_POINTS,HDISDELETEDRECORD,COMREF,IRA
CUSTOMER_CONTACT,EBS,CUSTOMER,CUSTOMER,,,COMREF,IRA
CUSTOMER_CONTACT,EBS,CUSTOMER,CUSTOMER,HZ_CONTACT_POINTS,WEB_TYPE,COMREF,IRA
CUSTOMER_CONTACT,EBS,CUSTOMER,CUSTOMER,HZ_CONTACT_POINTS,CONTACT_POINT_ID,COMREF,IRA
CUSTOMER_CONTACT,EBS,CUSTOMER,CUSTOMER,HZ_CONTACT_POINTS,RAW_PHONE_NUMBER,COMREF,IRA
CUSTOMER_CONTACT,EBS,CUSTOMER,CUSTOMER,HZ_CONTACT_POINTS,CREATED_BY,COMREF,IRA
CUSTOMER_CONTACT,EBS,CUSTOMER,CUSTOMER,HZ_CONTACT_POINTS,OWNER_TABLE_ID,COMREF,IRA
CUSTOMER_CONTACT,EBS,CUSTOMER,CUSTOMER,HZ_CONTACT_POINTS,DSN,COMREF,IRA
CUSTOMER_CONTACT,EBS,CUSTOMER,CUSTOMER,HZ_CONTACT_POINTS,PRIMARY_FLAG,COMREF,IRA
CUSTOMER_CONTACT,EBS,CUSTOMER,CUSTOMER,HZ_CONTACT_POINTS,PHONE_NUMBER,COMREF,IRA
CUSTOMER_CONTACT,EBS,CUSTOMER,CUSTOMER,HZ_CONTACT_POINTS,OWNER_TABLE_NAME,COMREF,IRA
CUSTOMER_CONTACT,EBS,CUSTOMER,CUSTOMER,HZ_CONTACT_POINTS,CONTACT_POINT_PURPOSE,COMREF,IRA
CUSTOMER_CONTACT,EBS,CUSTOMER,CUSTOMER,HZ_CONTACT_POINTS,PHONE_COUNTRY_CODE,COMREF,IRA
CUSTOMER_CONTACT,EBS,CUSTOMER,CUSTOMER,HZ_CONTACT_POINTS,PHONE_EXTENSION,COMREF,IRA
CUSTOMER_CONTACT,EBS,CUSTOMER,CUSTOMER,HZ_CONTACT_POINTS,EMAIL_ADDRESS,COMREF,IRA
CUSTOMER_CONTACT,EBS,CUSTOMER,CUSTOMER,HZ_CONTACT_POINTS,TELEX_NUMBER,COMREF,IRA
CUSTOMER_CONTACT,EBS,CUSTOMER,CUSTOMER,HZ_CONTACT_POINTS,URL,COMREF,IRA
CUSTOMER_CONTACT,EBS,CUSTOMER,CUSTOMER,HZ_CONTACT_POINTS,CONTACT_POINT_TYPE,COMREF,IRA
CUSTOMER_CONTACT,EBS,CUSTOMER,CUSTOMER,HZ_CONTACT_POINTS,CREATION_DATE,COMREF,IRA
CUSTOMER_SHIP_TO_DESTINATION_LOCATION,EBS,CUSTOMER,CUSTOMER,RA_TERMS_VL,NAME,COMREF,AAI
CUSTOMER_SHIP_TO_DESTINATION_LOCATION,EBS,CUSTOMER,CUSTOMER,HZ_CUST_SITE_USES_ALL,SITE_USE_ID,COMREF,AAI
CUSTOMER_SHIP_TO_DESTINATION_LOCATION,EBS,CUSTOMER,CUSTOMER,HZ_CUST_SITE_USES_ALL,ORG_ID,COMREF,AAI
CUSTOMER_SHIP_TO_DESTINATION_LOCATION,EBS,CUSTOMER,CUSTOMER,HZ_LOCATIONS,DESCRIPTION,COMREF,AAI
CUSTOMER_SHIP_TO_DESTINATION_LOCATION,EBS,CUSTOMER,CUSTOMER,HZ_LOCATIONS,PROVINCE,COMREF,AAI
CUSTOMER_SHIP_TO_DESTINATION_LOCATION,EBS,CUSTOMER,CUSTOMER,HZ_CUST_ACCOUNTS,CUST_ACCOUNT_ID,COMREF,AAI
CUSTOMER_SHIP_TO_DESTINATION_LOCATION,EBS,CUSTOMER,CUSTOMER,HZ_LOCATIONS,COUNTRY,COMREF,AAI
CUSTOMER_SHIP_TO_DESTINATION_LOCATION,EBS,CUSTOMER,CUSTOMER,"HZ_CUST_ACCOUNTS,HZ_CUST_SITE_USES_ALL","CUST_ACCOUNT_ID, SITE_USE_ID",COMREF,AAI
CUSTOMER_SHIP_TO_DESTINATION_LOCATION,EBS,CUSTOMER,CUSTOMER,HZ_CUST_SITE_USES_ALL,SITE_USE_CODE,COMREF,AAI
CUSTOMER_SHIP_TO_DESTINATION_LOCATION,EBS,CUSTOMER,Customer,HZ_LOCATIONS,LOCATION_ID,COMREF,AAI
CUSTOMER_SHIP_TO_DESTINATION_LOCATION,EBS,CUSTOMER,CUSTOMER,HZ_LOCATIONS,ADDRESS4,COMREF,AAI
CUSTOMER_SHIP_TO_DESTINATION_LOCATION,EBS,CUSTOMER,CUSTOMER,HZ_LOCATIONS,ADDRESS2,COMREF,AAI
CUSTOMER_SHIP_TO_DESTINATION_LOCATION,EBS,CUSTOMER,CUSTOMER,HZ_CUST_ACCOUNTS,ACCOUNT_NUMBER,COMREF,AAI
CUSTOMER_SHIP_TO_DESTINATION_LOCATION,EBS,CUSTOMER,CUSTOMER,HZ_CUST_SITE_USES_ALL,STATUS,COMREF,AAI
CUSTOMER_SHIP_TO_DESTINATION_LOCATION,EBS,CUSTOMER,CUSTOMER,HZ_CUST_SITE_USES_ALL,LOCATION,COMREF,AAI
CUSTOMER_SHIP_TO_DESTINATION_LOCATION,EBS,CUSTOMER,CUSTOMER,HZ_CUST_ACCT_SITES_ALL,ORG_ID,COMREF,AAI
CUSTOMER_SHIP_TO_DESTINATION_LOCATION,EBS,CUSTOMER,CUSTOMER,HZ_CUST_SITE_USES_ALL,CUST_ACCT_SITE_ID,COMREF,AAI
CUSTOMER_SHIP_TO_DESTINATION_LOCATION,EBS,CUSTOMER,CUSTOMER,HZ_PARTY_SITES,PARTY_SITE_ID,COMREF,AAI
CUSTOMER_SHIP_TO_DESTINATION_LOCATION,EBS,CUSTOMER,CUSTOMER,HZ_LOCATIONS,ADDRESS3,COMREF,AAI
CUSTOMER_SHIP_TO_DESTINATION_LOCATION,EBS,CUSTOMER,CUSTOMER,,,COMREF,AAI
CUSTOMER_SHIP_TO_DESTINATION_LOCATION,EBS,CUSTOMER,CUSTOMER,HZ_LOCATIONS,POSTAL_CODE,COMREF,AAI
CUSTOMER_SHIP_TO_DESTINATION_LOCATION,EBS,CUSTOMER,CUSTOMER,FND_LOOKUP_VALUES,DESCRIPTION,COMREF,AAI
CUSTOMER_SHIP_TO_DESTINATION_LOCATION,EBS,CUSTOMER,CUSTOMER,RA_TERMS_VL,DESCRIPTION,COMREF,AAI
CUSTOMER_SHIP_TO_DESTINATION_LOCATION,EBS,CUSTOMER,CUSTOMER,HZ_LOCATIONS,STATE,COMREF,AAI
CUSTOMER_SHIP_TO_DESTINATION_LOCATION,EBS,CUSTOMER,CUSTOMER,HZ_CUST_SITE_USES_ALL,DSN,COMREF,AAI
CUSTOMER_SHIP_TO_DESTINATION_LOCATION,EBS,CUSTOMER,Customer,HZ_CUST_SITE_USES_ALL,ATTRIBUTE10,COMREF,AAI
CUSTOMER_SHIP_TO_DESTINATION_LOCATION,EBS,CUSTOMER,CUSTOMER,HZ_LOCATIONS,COUNTY,COMREF,AAI
CUSTOMER_SHIP_TO_DESTINATION_LOCATION,EBS,CUSTOMER,CUSTOMER,HZ_LOCATIONS,ADDRESS1,COMREF,AAI
CUSTOMER_SHIP_TO_DESTINATION_LOCATION,EBS,CUSTOMER,CUSTOMER,HZ_PARTY_SITES,PARTY_ID,COMREF,AAI
CUSTOMER_SHIP_TO_DESTINATION_LOCATION,EBS,CUSTOMER,CUSTOMER,HZ_LOCATIONS,CITY,COMREF,AAI
CUSTOMER_SHIP_TO_LOCATION,EBS,CUSTOMER,Customer,HZ_LOCATIONS,POSTAL_CODE,COMREF,AAI
CUSTOMER_SHIP_TO_LOCATION,EBS,CUSTOMER,Customer,HZ_CUST_ACCOUNTS,CUST_ACCOUNT_ID,COMREF,AAI
CUSTOMER_SHIP_TO_LOCATION,EBS,CUSTOMER,Customer,HZ_LOCATIONS,STATE,COMREF,AAI
CUSTOMER_SHIP_TO_LOCATION,EBS,CUSTOMER,Customer,HZ_LOCATIONS,COUNTRY,COMREF,AAI
CUSTOMER_SHIP_TO_LOCATION,EBS,CUSTOMER,Customer,HZ_CUST_ACCT_SITES_ALL,ORG_ID,COMREF,AAI
CUSTOMER_SHIP_TO_LOCATION,EBS,CUSTOMER,Customer,HZ_PARTY_SITES,PARTY_ID,COMREF,AAI
CUSTOMER_SHIP_TO_LOCATION,EBS,CUSTOMER,Customer,HZ_LOCATIONS,DESCRIPTION,COMREF,AAI
CUSTOMER_SHIP_TO_LOCATION,EBS,CUSTOMER,Customer,HZ_CUST_SITE_USES_ALL,CUST_ACCOUNT_ID,COMREF,AAI
CUSTOMER_SHIP_TO_LOCATION,EBS,CUSTOMER,CUSTOMER,HZ_CUST_SITE_USES_ALL,CUST_ACCT_SITE_ID,COMREF,AAI
CUSTOMER_SHIP_TO_LOCATION,EBS,CUSTOMER,Customer,HZ_CUST_SITE_USES_ALL,SITE_USE_CODE,COMREF,AAI
CUSTOMER_SHIP_TO_LOCATION,EBS,CUSTOMER,Customer,HZ_LOCATIONS,ADDRESS1,COMREF,AAI
CUSTOMER_SHIP_TO_LOCATION,EBS,CUSTOMER,Customer,HZ_CUST_SITE_USES_ALL,SITE_USE_ID,COMREF,AAI
CUSTOMER_SHIP_TO_LOCATION,EBS,CUSTOMER,Customer,HZ_PARTY_SITES,PARTY_SITE_ID,COMREF,AAI
CUSTOMER_SHIP_TO_LOCATION,EBS,CUSTOMER,Customer,HZ_PARTIES,PARTY_NAME,COMREF,AAI
CUSTOMER_SHIP_TO_LOCATION,EBS,CUSTOMER,Customer,HZ_PARTY_SITES,PARTY_SITE_NUMBER,COMREF,AAI
CUSTOMER_SHIP_TO_LOCATION,EBS,CUSTOMER,Customer,HZ_LOCATIONS,PROVINCE,COMREF,AAI
CUSTOMER_SHIP_TO_LOCATION,EBS,CUSTOMER,Customer,HZ_CUST_SITE_USES_ALL,LOCATION,COMREF,AAI
CUSTOMER_SHIP_TO_LOCATION,EBS,CUSTOMER,Customer,HZ_LOCATIONS,HDISDELETEDRECORD,COMREF,AAI
CUSTOMER_SHIP_TO_LOCATION,EBS,CUSTOMER,Customer,HZ_LOCATIONS,ADDRESS_LINES_PHONETIC,COMREF,AAI
CUSTOMER_SHIP_TO_LOCATION,EBS,CUSTOMER,Customer,HZ_PARTIES,PRIMARY_PHONE_AREA_CODE,COMREF,AAI
CUSTOMER_SHIP_TO_LOCATION,EBS,CUSTOMER,Customer,RA_TERMS_VL,DESCRIPTION,COMREF,AAI
CUSTOMER_SHIP_TO_LOCATION,EBS,CUSTOMER,Customer,HZ_LOCATIONS,ADDRESS4,COMREF,AAI
CUSTOMER_SHIP_TO_LOCATION,EBS,CUSTOMER,Customer,HZ_LOCATIONS,COUNTY,COMREF,AAI
CUSTOMER_SHIP_TO_LOCATION,EBS,CUSTOMER,Customer,HZ_CUST_SITE_USES_ALL,STATUS,COMREF,AAI
CUSTOMER_SHIP_TO_LOCATION,EBS,CUSTOMER,Customer,HZ_LOCATIONS,ADDRESS3,COMREF,AAI
CUSTOMER_SHIP_TO_LOCATION,EBS,CUSTOMER,Customer,HZ_CUST_SITE_USES_ALL,"CUST_ACCOUNT_ID,SITE_USE_ID",COMREF,AAI
CUSTOMER_SHIP_TO_LOCATION,EBS,CUSTOMER,Customer,HZ_PARTY_SITES,SOURCE_UPDATED_DATE,COMREF,AAI
CUSTOMER_SHIP_TO_LOCATION,EBS,CUSTOMER,Customer,HZ_LOCATIONS,ADDRESS2,COMREF,AAI
CUSTOMER_SHIP_TO_LOCATION,EBS,CUSTOMER,Customer,HZ_LOCATIONS,LOCATION_ID,COMREF,AAI
CUSTOMER_SHIP_TO_LOCATION,EBS,CUSTOMER,Customer,HZ_LOCATIONS,CITY,COMREF,AAI
CUSTOMER_SHIP_TO_LOCATION,EBS,CUSTOMER,Customer,HZ_PARTY_SITES,PARTY_SITE_NAME,COMREF,AAI
CUSTOMER_SHIP_TO_LOCATION,EBS,CUSTOMER,Customer,HZ_PARTY_SITES,SOURCE_CREATED_DATE,COMREF,AAI
CUSTOMER_SHIP_TO_LOCATION,EBS,CUSTOMER,Customer,FND_USER,USER_NAME,COMREF,AAI
CUSTOMER_SHIP_TO_LOCATION,EBS,CUSTOMER,Customer,HZ_CUST_SITE_USES_ALL,ORG_ID,COMREF,AAI
CUSTOMER_SHIP_TO_LOCATION,EBS,CUSTOMER,Customer,HZ_PARTIES,PRIMARY_PHONE_NUMBER,COMREF,AAI
CUSTOMER_SHIP_TO_LOCATION,EBS,CUSTOMER,Customer,HZ_CUST_SITE_USES_ALL,BILL_TO_SITE_USE_ID,COMREF,AAI
CUSTOMER_SHIP_TO_LOCATION,EBS,CUSTOMER,Customer,RA_TERMS_VL,NAME,COMREF,AAI
CUSTOMER_SHIP_TO_LOCATION,EBS,CUSTOMER,Customer,FND_LOOKUP_VALUES,DESCRIPTION,COMREF,AAI
CUSTOMER_SHIP_TO_LOCATION,EBS,CUSTOMER,Customer,,,COMREF,AAI
CUSTOMER_SHIP_TO_LOCATION,EBS,CUSTOMER,Customer,HZ_CUST_SITE_USES_ALL,ATTRIBUTE10,COMREF,AAI
CUSTOMER_TRANSACTION_TYPE,EBS,CUSTOMER," ",RA_CUST_TRX_TYPES_ALL,"ORG_ID ,CUST_TRX_TYPE_ID",COMREF,AAI
CUSTOMER_TRANSACTION_TYPE,EBS,CUSTOMER," ",RA_CUST_TRX_TYPES_ALL,"DSN,ORG_ID ,CUST_TRX_TYPE_ID",COMREF,AAI
CUSTOMER_TRANSACTION_TYPE,EBS,CUSTOMER," ",,,COMREF,AAI
CUSTOMER_TRANSACTION_TYPE,EBS,CUSTOMER," ",RA_CUST_TRX_TYPES_ALL,TYPE,COMREF,AAI
CUSTOMER_TRANSACTION_TYPE,EBS,CUSTOMER," ",RA_CUST_TRX_TYPES_ALL,CREATION_DATE,COMREF,AAI
CUSTOMER_TRANSACTION_TYPE,EBS,CUSTOMER," ",RA_CUST_TRX_TYPES_ALL,NAME,COMREF,AAI
CUSTOMER_TRANSACTION_TYPE,EBS,CUSTOMER,,RA_CUST_TRX_TYPES_ALL,ALLOW_FREIGHT_FLAG,COMREF,AAI
CUSTOMER_TRANSACTION_TYPE,EBS,CUSTOMER,,RA_CUST_TRX_TYPES_ALL,START_DATE,COMREF,AAI
CUSTOMER_TRANSACTION_TYPE,EBS,CUSTOMER," ",FND_USER,USER_NAME,COMREF,AAI
CUSTOMER_TRANSACTION_TYPE,EBS,CUSTOMER," ",RA_CUST_TRX_TYPES_ALL,DESCRIPTION,COMREF,AAI
CUSTOMER_TRANSACTION_TYPE,EBS,CUSTOMER,,RA_CUST_TRX_TYPES_ALL,DEFAULT_PRINTING_OPTION,COMREF,AAI
CUSTOMER_TRANSACTION_TYPE,EBS,CUSTOMER," "," "," ",COMREF,AAI
CUSTOMER_TRANSACTION_TYPE,EBS,CUSTOMER,,RA_CUST_TRX_TYPES_ALL,ACCOUNTING_AFFECT_FLAG,COMREF,AAI
CUSTOMER_TRANSACTION_TYPE,EBS,CUSTOMER," ",RA_CUST_TRX_TYPES_ALL,LAST_UPDATE_DATE,COMREF,AAI
CUSTOMER_TRANSACTION_TYPE,EBS,CUSTOMER,,RA_CUST_TRX_TYPES_ALL,STATUS,COMREF,AAI
CUSTOMER_TRANSACTION_TYPE,EBS,CUSTOMER," ",RA_CUST_TRX_TYPES_ALL,HDISDELETEDRECORD,COMREF,AAI
CUSTOMER_TRANSACTION_TYPE,EBS,CUSTOMER,,RA_CUST_TRX_TYPES_ALL,ALLOW_OVERAPPLICATION_FLAG,COMREF,AAI
EMPLOYEE,EBS,ALL,EMPLOYEE,PER_ALL_PEOPLE_F,FULL_NAME,COMREF,AAI
EMPLOYEE,EBS,ALL,EMPLOYEE,PER_ALL_PEOPLE_F,CURRENT_EMPLOYEE_FLAG,COMREF,AAI
EMPLOYEE,EBS,ALL,EMPLOYEE,PER_ALL_PEOPLE_F,PERSON_ID,COMREF,AAI
EMPLOYEE,EBS,ALL,EMPLOYEE,PER_ALL_PEOPLE_F,BUSINESS_GROUP_ID,COMREF,AAI
EMPLOYEE,EBS,ALL,EMPLOYEE,PER_ALL_PEOPLE_F,CURRENT_NPW_FLAG,COMREF,AAI
EMPLOYEE,EBS,ALL,EMPLOYEE,PER_ALL_PEOPLE_F,TITLE,COMREF,AAI
EMPLOYEE,EBS,ALL,EMPLOYEE,PER_ALL_PEOPLE_F,FIRST_NAME,COMREF,AAI
EMPLOYEE,EBS,ALL,EMPLOYEE,PER_ALL_PEOPLE_F,PARTY_ID,COMREF,AAI
EMPLOYEE,EBS,ALL,EMPLOYEE,PER_ALL_PEOPLE_F,,COMREF,AAI
EMPLOYEE,EBS,ALL,EMPLOYEE,PER_ALL_PEOPLE_F,LAST_UPDATE_DATE,COMREF,AAI
EMPLOYEE,EBS,ALL,EMPLOYEE,PER_ALL_PEOPLE_F,MIDDLE_NAMES,COMREF,AAI
EMPLOYEE,EBS,ALL,EMPLOYEE,PER_ALL_PEOPLE_F,DATA_SOURCE_NAME,COMREF,AAI
EMPLOYEE,EBS,ALL,EMPLOYEE,PER_ALL_PEOPLE_F,EMPLOYEE_NUMBER,COMREF,AAI
EMPLOYEE,EBS,ALL,EMPLOYEE,PER_ALL_PEOPLE_F,EMAIL_ADDRESS,COMREF,AAI
EMPLOYEE,EBS,ALL,EMPLOYEE,PER_ALL_PEOPLE_F,EFFECTIVE_START_DATE,COMREF,AAI
EMPLOYEE,EBS,ALL,EMPLOYEE,PER_ALL_PEOPLE_F,HDISDELETEDRECORD,COMREF,AAI
EMPLOYEE,EBS,ALL,EMPLOYEE,PER_ALL_PEOPLE_F,LAST_NAME,COMREF,AAI
EMPLOYEE,EBS,ALL,EMPLOYEE,FND_USER,USER_NAME,COMREF,AAI
EMPLOYEE,EBS,ALL,EMPLOYEE,PER_ALL_PEOPLE_F,"PERSON_ID,EFFECTIVE_START_DATE ,EFFECTIVE_END_DATE",COMREF,AAI
EMPLOYEE,EBS,ALL,EMPLOYEE,PER_ALL_PEOPLE_F,CREATION_DATE,COMREF,AAI
EMPLOYEE,EBS,ALL,EMPLOYEE,PER_ALL_PEOPLE_F,EFFECTIVE_END_DATE,COMREF,AAI
ENGINEERING_BOM_COMPONENT,EBS,"PRODUCT,ENGINEERING",BOM,BOM_COMPONENTS_B,IMPLEMENTATION_DATE,COMREF,AAI
ENGINEERING_BOM_COMPONENT,EBS,"PRODUCT,ENGINEERING",BOM,BOM_COMPONENTS_B,COMPONENT_ITEM_REVISION_ID,COMREF,AAI
ENGINEERING_BOM_COMPONENT,EBS,"PRODUCT,ENGINEERING",BOM,BOM_COMPONENTS_B,BASIS_TYPE,COMREF,AAI
ENGINEERING_BOM_COMPONENT,EBS,"PRODUCT,ENGINEERING",BOM,BOM_COMPONENTS_B,WIP_SUPPLY_TYPE,COMREF,AAI
ENGINEERING_BOM_COMPONENT,EBS,"PRODUCT,ENGINEERING",BOM,BOM_COMPONENTS_B,PK2_VALUE,COMREF,AAI
ENGINEERING_BOM_COMPONENT,EBS,"PRODUCT,ENGINEERING",BOM,BOM_COMPONENTS_B,ACD_TYPE,COMREF,AAI
ENGINEERING_BOM_COMPONENT,EBS,"PRODUCT,ENGINEERING",BOM,BOM_COMPONENTS_B,COMPONENT_ITEM_ID,COMREF,AAI
ENGINEERING_BOM_COMPONENT,EBS,"PRODUCT,ENGINEERING",BOM,BOM_COMPONENTS_B,LAST_UPDATE_DATE,COMREF,AAI
ENGINEERING_BOM_COMPONENT,EBS,"PRODUCT,ENGINEERING",BOM,BOM_COMPONENTS_B,CHANGE_NOTICE,COMREF,AAI
ENGINEERING_BOM_COMPONENT,EBS,"PRODUCT,ENGINEERING",BOM,BOM_COMPONENTS_B,CHECK_ATP,COMREF,AAI
ENGINEERING_BOM_COMPONENT,EBS,"PRODUCT,ENGINEERING",BOM,FND_LOOKUP_VALUES,MEANING,COMREF,AAI
ENGINEERING_BOM_COMPONENT,EBS,"PRODUCT,ENGINEERING",BOM,BOM_COMPONENTS_B,AUTO_REQUEST_MATERIAL,COMREF,AAI
ENGINEERING_BOM_COMPONENT,EBS,"PRODUCT,ENGINEERING",BOM,BOM_COMPONENTS_B,COMPONENT_YIELD_FACTOR,COMREF,AAI
ENGINEERING_BOM_COMPONENT,EBS,"PRODUCT,ENGINEERING",BOM,BOM_COMPONENTS_B,ENFORCE_INT_REQUIREMENTS,COMREF,AAI
ENGINEERING_BOM_COMPONENT,EBS,"PRODUCT,ENGINEERING",BOM,BOM_COMPONENTS_B,COMPONENT_QUANTITY,COMREF,AAI
ENGINEERING_BOM_COMPONENT,EBS,"PRODUCT,ENGINEERING",BOM,BOM_COMPONENTS_B,REVISED_ITEM_SEQUENCE_ID,COMREF,AAI
ENGINEERING_BOM_COMPONENT,EBS,"PRODUCT,ENGINEERING",BOM,BOM_COMPONENTS_B,PLANNING_FACTOR,COMREF,AAI
ENGINEERING_BOM_COMPONENT,EBS,"PRODUCT,ENGINEERING",BOM,BOM_COMPONENTS_B,BILL_SEQUENCE_ID,COMREF,AAI
ENGINEERING_BOM_COMPONENT,EBS,"PRODUCT,ENGINEERING",BOM,BOM_COMPONENTS_B,ITEM_NUM,COMREF,AAI
ENGINEERING_BOM_COMPONENT,EBS,"PRODUCT,ENGINEERING",BOM,FND_LOOKUP_VALUES,DESCRIPTION,COMREF,AAI
ENGINEERING_BOM_COMPONENT,EBS,"PRODUCT,ENGINEERING",BOM,BOM_COMPONENTS_B,DISABLE_DATE,COMREF,AAI
ENGINEERING_BOM_COMPONENT,EBS,"PRODUCT,ENGINEERING",BOM,BOM_COMPONENTS_B,HDISDELETEDRECORD,COMREF,AAI
ENGINEERING_BOM_COMPONENT,EBS,"PRODUCT,ENGINEERING",BOM,BOM_COMPONENTS_B,CREATION_DATE,COMREF,AAI
ENGINEERING_BOM_COMPONENT,EBS,"PRODUCT,ENGINEERING",BOM,BOM_COMPONENTS_B,COMPONENT_SEQUENCE_ID,COMREF,AAI
ENGINEERING_BOM_COMPONENT,EBS,"PRODUCT,ENGINEERING",BOM,BOM_COMPONENTS_B,OBJ_NAME,COMREF,AAI
ENGINEERING_BOM_COMPONENT,EBS,"PRODUCT,ENGINEERING",BOM,,,COMREF,AAI
ENGINEERING_BOM_COMPONENT,EBS,"PRODUCT,ENGINEERING",BOM,BOM_COMPONENTS_B,INCLUDE_IN_COST_ROLLUP,COMREF,AAI
ENGINEERING_BOM_COMPONENT,EBS,"PRODUCT,ENGINEERING",BOM,FND_USER,USER_NAME,COMREF,AAI
ENGINEERING_BOM_COMPONENT,EBS,"PRODUCT,ENGINEERING",BOM,BOM_COMPONENTS_B,EFFECTIVITY_DATE,COMREF,AAI
ENGINEERING_BOM_OPERATIONAL_ROUTING,EBS,ENGINEERING,BOM,BOM_OPERATIONAL_ROUTING,ORGANIZATION_ID,COMREF,PSBU
ENGINEERING_BOM_OPERATIONAL_ROUTING,EBS,ENGINEERING,BOM,BOM_OPERATIONAL_ROUTING,COMPLETION_SUBINVENTORY,COMREF,PSBU
ENGINEERING_BOM_OPERATIONAL_ROUTING,EBS,ENGINEERING,BOM,BOM_OPERATIONAL_ROUTING,ALTERNATE_ROUTING_DESIGNATOR,COMREF,PSBU
ENGINEERING_BOM_OPERATIONAL_ROUTING,EBS,ENGINEERING,BOM,BOM_OPERATIONAL_ROUTING,LAST_UPDATE_DATE,COMREF,PSBU
ENGINEERING_BOM_OPERATIONAL_ROUTING,EBS,ENGINEERING,BOM,BOM_OPERATIONAL_ROUTING,,COMREF,PSBU
ENGINEERING_BOM_OPERATIONAL_ROUTING,EBS,ENGINEERING,BOM,BOM_OPERATIONAL_ROUTING,MIXED_MODEL_MAP_FLAG,COMREF,PSBU
ENGINEERING_BOM_OPERATIONAL_ROUTING,EBS,ENGINEERING,BOM,FND_USER,USER_NAME,COMREF,PSBU
ENGINEERING_BOM_OPERATIONAL_ROUTING,EBS,ENGINEERING,BOM,BOM_OPERATIONAL_ROUTING," ",COMREF,PSBU
ENGINEERING_BOM_OPERATIONAL_ROUTING,EBS,ENGINEERING,BOM,BOM_OPERATIONAL_ROUTING,CFM_ROUTING_FLAG,COMREF,PSBU
ENGINEERING_BOM_OPERATIONAL_ROUTING,EBS,ENGINEERING,BOM,BOM_OPERATIONAL_ROUTING,ATTRIBUTE ,COMREF,PSBU
ENGINEERING_BOM_OPERATIONAL_ROUTING,EBS,ENGINEERING,BOM,BOM_OPERATIONAL_ROUTING,COMMON_ROUTING_SEQUENCE_ID,COMREF,PSBU
ENGINEERING_BOM_OPERATIONAL_ROUTING,EBS,ENGINEERING,BOM,BOM_OPERATIONAL_ROUTING,CREATION_DATE,COMREF,PSBU
ENGINEERING_BOM_OPERATIONAL_ROUTING,EBS,ENGINEERING,BOM,BOM_OPERATIONAL_ROUTING,ASSEMBLY_ITEM_ID,COMREF,PSBU
ENGINEERING_BOM_OPERATIONAL_ROUTING,EBS,ENGINEERING,BOM,BOM_OPERATIONAL_ROUTING,ROUTING_SEQUENCE_ID,COMREF,PSBU
ENGINEERING_BOM_STRUCTURE,EBS,"PRODUCT,ENGINEERING",BOM,BOM_STRUCTURES_B,ALTERNATE_BOM_DESIGNATOR,COMREF,AAI
ENGINEERING_BOM_STRUCTURE,EBS,"PRODUCT,ENGINEERING",BOM,FND_LOOKUP_VALUES,MEANING,COMREF,AAI
ENGINEERING_BOM_STRUCTURE,EBS,"PRODUCT,ENGINEERING",BOM,," ",COMREF,AAI
ENGINEERING_BOM_STRUCTURE,EBS,"PRODUCT,ENGINEERING",BOM,BOM_STRUCTURES_B,LAST_UPDATE_DATE,COMREF,AAI
ENGINEERING_BOM_STRUCTURE,EBS,"PRODUCT,ENGINEERING",BOM,BOM_STRUCTURES_B,EFFECTIVITY_CONTROL,COMREF,AAI
ENGINEERING_BOM_STRUCTURE,EBS,"PRODUCT,ENGINEERING",BOM,BOM_STRUCTURES_B,BILL_SEQUENCE_ID,COMREF,AAI
ENGINEERING_BOM_STRUCTURE,EBS,"PRODUCT,ENGINEERING",BOM,BOM_STRUCTURES_B,CREATION_DATE,COMREF,AAI
ENGINEERING_BOM_STRUCTURE,EBS,"PRODUCT,ENGINEERING",BOM,BOM_STRUCTURES_B,ORGANIZATION_ID,COMREF,AAI
ENGINEERING_BOM_STRUCTURE,EBS,"PRODUCT,ENGINEERING",BOM,BOM_STRUCTURES_B,HDISDELETEDRECORD,COMREF,AAI
ENGINEERING_BOM_STRUCTURE,EBS,"PRODUCT,ENGINEERING",BOM,FND_USER,USER_NAME,COMREF,AAI
ENGINEERING_BOM_STRUCTURE,EBS,"PRODUCT,ENGINEERING",BOM,BOM_STRUCTURES_B,PENDING_FROM_ECN,COMREF,AAI
ENGINEERING_BOM_STRUCTURE,EBS,"PRODUCT,ENGINEERING",BOM,BOM_STRUCTURES_B,STRUCTURE_TYPE_ID,COMREF,AAI
ENGINEERING_BOM_STRUCTURE,EBS,"PRODUCT,ENGINEERING",BOM,BOM_STRUCTURES_B,OBJ_NAME,COMREF,AAI
ENGINEERING_BOM_STRUCTURE,EBS,"PRODUCT,ENGINEERING",BOM,BOM_STRUCTURES_B,IMPLEMENTATION_DATE,COMREF,AAI
ENGINEERING_BOM_STRUCTURE,EBS,"PRODUCT,ENGINEERING",BOM,,,COMREF,AAI
ENGINEERING_BOM_STRUCTURE,EBS,"PRODUCT,ENGINEERING",BOM,BOM_STRUCTURES_B,ASSEMBLY_ITEM_ID,COMREF,AAI
EXCHANGE_RATE,EBS,FINANCE,General Ledger,GL_DAILY_RATES,STATUS_CODE,COMREF,AAI
EXCHANGE_RATE,EBS,FINANCE,General Ledger,GL_DAILY_RATES,FROM_CURRENCY,COMREF,AAI
EXCHANGE_RATE,EBS,FINANCE,General Ledger,GL_DAILY_RATES,CONVERSION_TYPE,COMREF,AAI
EXCHANGE_RATE,EBS,FINANCE,General Ledger,FND_USER,USER_NAME,COMREF,AAI
EXCHANGE_RATE,EBS,FINANCE,General Ledger,GL_DAILY_RATES,HDISDELETEDRECORD,COMREF,AAI
EXCHANGE_RATE,EBS,FINANCE,General Ledger,GL_DAILY_RATES,CONVERSION_DATE,COMREF,AAI
EXCHANGE_RATE,EBS,FINANCE,General Ledger,GL_DAILY_RATES,CONVERSION_RATE,COMREF,AAI
EXCHANGE_RATE,EBS,FINANCE,General Ledger,GL_DAILY_RATES,LAST_UPDATED_DATE,COMREF,AAI
EXCHANGE_RATE,EBS,FINANCE,General Ledger,GL_DAILY_RATES,DSN,COMREF,AAI
EXCHANGE_RATE,EBS,FINANCE,General Ledger,GL_DAILY_RATES,,COMREF,AAI
EXCHANGE_RATE,EBS,FINANCE,General Ledger,GL_DAILY_RATES,CREATION_DATE,COMREF,AAI
EXCHANGE_RATE,EBS,FINANCE,General Ledger,GL_DAILY_RATES,TO_CURRENCY,COMREF,AAI
EXCHANGE_RATE,EBS,FINANCE,General Ledger,,,COMREF,AAI
GENERAL_LEDGER,EBS,FINANCE,General Ledger,,,COMREF,EBU
GENERAL_LEDGER,EBS,FINANCE,General Ledger,GL_LEDGERS,DESCRIPTION,COMREF,EBU
GENERAL_LEDGER,EBS,FINANCE,General Ledger,GL_LEDGERS,CREATION_DATE,COMREF,EBU
GENERAL_LEDGER,EBS,FINANCE,General Ledger,GL_LEDGERS,SHORT_NAME,COMREF,EBU
GENERAL_LEDGER,EBS,FINANCE,General Ledger,GL_LEDGERS,LEDGER_ID,COMREF,EBU
GENERAL_LEDGER,EBS,FINANCE,General Ledger,GL_LEDGERS,LAST_UPDATE_DATE,COMREF,EBU
GENERAL_LEDGER,EBS,FINANCE,General Ledger,GL_LEDGERS,,COMREF,EBU
GENERAL_LEDGER,EBS,FINANCE,General Ledger,GL_LEDGERS,DSN,COMREF,EBU
GENERAL_LEDGER,EBS,FINANCE,General Ledger,FND_USER,USER_NAME,COMREF,EBU
GENERAL_LEDGER,EBS,FINANCE,General Ledger,GL_LEDGERS,CURRENCY_CODE,COMREF,EBU
GENERAL_LEDGER,EBS,FINANCE,General Ledger,GL_LEDGERS,LEDGER_CATEGORY_CODE,COMREF,EBU
GENERAL_LEDGER,EBS,FINANCE,General Ledger,GL_LEDGERS,NAME,COMREF,EBU
GENERAL_LEDGER,EBS,FINANCE,General Ledger,GL_LEDGERS,HDISDELETEDRECORD,COMREF,EBU
GENERAL_LEDGER_PERIOD,EBS,FINANCE,GENERAL_LEDGER,GL_PERIODS,DSN,COMREF,SCBI
GENERAL_LEDGER_PERIOD,EBS,FINANCE,GENERAL_LEDGER,GL_PERIODS,START_DATE,COMREF,SCBI
GENERAL_LEDGER_PERIOD,EBS,FINANCE,GENERAL_LEDGER,GL_PERIODS,"PERIOD_SET_NAME,PERIOD_NAME",COMREF,SCBI
GENERAL_LEDGER_PERIOD,EBS,FINANCE,GENERAL_LEDGER,GL_PERIODS,END_DATE,COMREF,SCBI
GENERAL_LEDGER_PERIOD,EBS,FINANCE,GENERAL_LEDGER,GL_PERIODS,PERIOD_NUM,COMREF,SCBI
GENERAL_LEDGER_PERIOD,EBS,FINANCE,GENERAL_LEDGER,GL_PERIODS,QUARTER_START_DATE,COMREF,SCBI
GENERAL_LEDGER_PERIOD,EBS,FINANCE,GENERAL_LEDGER,GL_PERIODS,HDISDELETEDRECORD,COMREF,SCBI
GENERAL_LEDGER_PERIOD,EBS,FINANCE,GENERAL_LEDGER,GL_PERIODS,ENTERED_PERIOD_NAME,COMREF,SCBI
GENERAL_LEDGER_PERIOD,EBS,FINANCE,GENERAL_LEDGER,GL_PERIODS,YEAR_START_DATE,COMREF,SCBI
GENERAL_LEDGER_PERIOD,EBS,FINANCE,GENERAL_LEDGER,GL_PERIODS,PERIOD_YEAR,COMREF,SCBI
GENERAL_LEDGER_PERIOD,EBS,FINANCE,GENERAL_LEDGER,GL_PERIODS,CONTEXT,COMREF,SCBI
GENERAL_LEDGER_PERIOD,EBS,FINANCE,GENERAL_LEDGER,GL_PERIODS,ADJUSTMENT_PERIOD_FLAG,COMREF,SCBI
GENERAL_LEDGER_PERIOD,EBS,FINANCE,GENERAL_LEDGER,GL_PERIODS,CREATED_BY,COMREF,SCBI
GENERAL_LEDGER_PERIOD,EBS,FINANCE,GENERAL_LEDGER,GL_PERIODS,QUARTER_NUM,COMREF,SCBI
GENERAL_LEDGER_PERIOD,EBS,FINANCE,GENERAL_LEDGER,GL_PERIODS,CREATION_DATE,COMREF,SCBI
GENERAL_LEDGER_PERIOD,EBS,FINANCE,GENERAL_LEDGER,GL_PERIODS,LAST_UPDATE_DATE,COMREF,SCBI
GENERAL_LEDGER_PERIOD,EBS,FINANCE,GENERAL_LEDGER,GL_PERIODS,PERIOD_TYPE,COMREF,SCBI
GENERAL_LEDGER_PERIOD,EBS,FINANCE,GENERAL_LEDGER,,,COMREF,SCBI
GENERAL_LEDGER_PERIOD,EBS,FINANCE,GENERAL_LEDGER,GL_PERIODS,LAST_UPDATED_BY,COMREF,SCBI
GENERAL_LEDGER_PERIOD,EBS,FINANCE,GENERAL_LEDGER,GL_PERIODS,DESCRIPTION,COMREF,SCBI
GL_CODE_COMBINATIONS,EBS,FINANCE,General Ledger,GL_CODE_COMBINATIONS,SEGMENT6,COMREF,AAI
GL_CODE_COMBINATIONS,EBS,FINANCE,General Ledger,GL_CODE_COMBINATIONS,CHART_OF_ACCOUNTS_ID,COMREF,AAI
GL_CODE_COMBINATIONS,EBS,FINANCE,General Ledger,GL_CODE_COMBINATIONS,ALTERNATE_CODE_COMBINATION_ID,COMREF,AAI
GL_CODE_COMBINATIONS,EBS,FINANCE,General Ledger,GL_CODE_COMBINATIONS,HDISDELETEDRECORD,COMREF,AAI
GL_CODE_COMBINATIONS,EBS,FINANCE,General Ledger,GL_CODE_COMBINATIONS,SEGMENT3,COMREF,AAI
GL_CODE_COMBINATIONS,EBS,FINANCE,General Ledger,GL_CODE_COMBINATIONS,DESCRIPTION,COMREF,AAI
GL_CODE_COMBINATIONS,EBS,FINANCE,General Ledger,GL_CODE_COMBINATIONS,START_DATE_ACTIVE,COMREF,AAI
GL_CODE_COMBINATIONS,EBS,FINANCE,General Ledger,FND_USER,USER_NAME,COMREF,AAI
GL_CODE_COMBINATIONS,EBS,FINANCE,General Ledger,GL_CODE_COMBINATIONS,END_DATE_ACTIVE,COMREF,AAI
GL_CODE_COMBINATIONS,EBS,FINANCE,General Ledger,GL_CODE_COMBINATIONS,SEGMENT4,COMREF,AAI
GL_CODE_COMBINATIONS,EBS,FINANCE,General Ledger,GL_CODE_COMBINATIONS,SEGMENT7,COMREF,AAI
GL_CODE_COMBINATIONS,EBS,FINANCE,General Ledger,GL_CODE_COMBINATIONS,,COMREF,AAI
GL_CODE_COMBINATIONS,EBS,FINANCE,General Ledger,GL_CODE_COMBINATIONS,LAST_UPDATE_DATE,COMREF,AAI
GL_CODE_COMBINATIONS,EBS,FINANCE,General Ledger,GL_CODE_COMBINATIONS,DSN,COMREF,AAI
GL_CODE_COMBINATIONS,EBS,FINANCE,General Ledger,,,COMREF,AAI
GL_CODE_COMBINATIONS,EBS,FINANCE,General Ledger,GL_CODE_COMBINATIONS,SEGMENT5,COMREF,AAI
GL_CODE_COMBINATIONS,EBS,FINANCE,General Ledger,GL_CODE_COMBINATIONS,CODE_COMBINATION_ID,COMREF,AAI
GL_CODE_COMBINATIONS,EBS,FINANCE,General Ledger,GL_CODE_COMBINATIONS,SEGMENT2,COMREF,AAI
GL_CODE_COMBINATIONS,EBS,FINANCE,General Ledger,GL_CODE_COMBINATIONS,SEGMENT1,COMREF,AAI
LEGAL_ENTITY_PROFILE,EBS,ALL,Legal Entity,XLE_ENTITY_PROFILES,LAST_UPDATE_DATE,COMREF,SCBI
LEGAL_ENTITY_PROFILE,EBS,ALL,Legal Entity,XLE_ENTITY_PROFILES,GEOGRAPHY_ID,COMREF,SCBI
LEGAL_ENTITY_PROFILE,EBS,ALL,Legal Entity,XLE_ENTITY_PROFILES,LEGAL_ENTITY_IDENTIFIER,COMREF,SCBI
LEGAL_ENTITY_PROFILE,EBS,ALL,Legal Entity,XLE_ENTITY_PROFILES,EFFECTIVE_TO,COMREF,SCBI
LEGAL_ENTITY_PROFILE,EBS,ALL,Legal Entity,XLE_ENTITY_PROFILES,NAME,COMREF,SCBI
LEGAL_ENTITY_PROFILE,EBS,ALL,Legal Entity,XLE_ENTITY_PROFILES,DSN,COMREF,SCBI
LEGAL_ENTITY_PROFILE,EBS,ALL,Legal Entity,XLE_ENTITY_PROFILES,TRANSACTING_ENTITY_FLAG,COMREF,SCBI
LEGAL_ENTITY_PROFILE,EBS,ALL,Legal Entity,XLE_ENTITY_PROFILES,LEGAL_ENTITY_ID,COMREF,SCBI
LEGAL_ENTITY_PROFILE,EBS,ALL,Legal Entity,XLE_ENTITY_PROFILES,CREATION_DATE,COMREF,SCBI
LEGAL_ENTITY_PROFILE,EBS,ALL,Legal Entity,,,COMREF,SCBI
LEGAL_ENTITY_PROFILE,EBS,ALL,Legal Entity,FND_USER,USER_NAME,COMREF,SCBI
LEGAL_ENTITY_PROFILE,EBS,ALL,Legal Entity,XLE_ENTITY_PROFILES,HDISDELETEDRECORD,COMREF,SCBI
LEGAL_ENTITY_PROFILE,EBS,ALL,Legal Entity,XLE_ENTITY_PROFILES,EFFECTIVE_FROM,COMREF,SCBI
LEGAL_ENTITY_PROFILE,EBS,ALL,Legal Entity,XLE_ENTITY_PROFILES,PARTY_ID,COMREF,SCBI
LEGAL_REGISTRATION,EBS,ALL,Legal Entity,XLE_REGISTRATIONS,LOCATION_ID,COMREF,AAI
LEGAL_REGISTRATION,EBS,ALL,Legal Entity,XLE_REGISTRATIONS,LAST_UPDATED_BY,COMREF,AAI
LEGAL_REGISTRATION,EBS,ALL,Legal Entity,XLE_REGISTRATIONS,REGISTRATION_NUMBER,COMREF,AAI
LEGAL_REGISTRATION,EBS,ALL,Legal Entity,XLE_REGISTRATIONS,CREATED_BY,COMREF,AAI
LEGAL_REGISTRATION,EBS,ALL,Legal Entity,XLE_REGISTRATIONS,LAST_UPDATE_DATE,COMREF,AAI
LEGAL_REGISTRATION,EBS,ALL,Legal Entity,XLE_REGISTRATIONS,JURISDICTION_ID,COMREF,AAI
LEGAL_REGISTRATION,EBS,ALL,Legal Entity,XLE_REGISTRATIONS,SOURCE_TABLE,COMREF,AAI
LEGAL_REGISTRATION,EBS,ALL,Legal Entity,XLE_REGISTRATIONS,CREATION_DATE,COMREF,AAI
LEGAL_REGISTRATION,EBS,ALL,Legal Entity,XLE_REGISTRATIONS,DSN,COMREF,AAI
LEGAL_REGISTRATION,EBS,ALL,Legal Entity,XLE_REGISTRATIONS,EFFECTIVE_TO,COMREF,AAI
LEGAL_REGISTRATION,EBS,ALL,Legal Entity,XLE_REGISTRATIONS,ISSUING_AUTHORITY_SITE_ID,COMREF,AAI
LEGAL_REGISTRATION,EBS,ALL,Legal Entity,XLE_REGISTRATIONS,HDISDELETEDRECORD,COMREF,AAI
LEGAL_REGISTRATION,EBS,ALL,Legal Entity,XLE_REGISTRATIONS,ISSUING_AUTHORITY_ID,COMREF,AAI
LEGAL_REGISTRATION,EBS,ALL,Legal Entity,XLE_REGISTRATIONS,PLACE_OF_REGISTRATION,COMREF,AAI
LEGAL_REGISTRATION,EBS,ALL,Legal Entity,XLE_REGISTRATIONS,REGISTERED_NAME,COMREF,AAI
LEGAL_REGISTRATION,EBS,ALL,Legal Entity,XLE_REGISTRATIONS,,COMREF,AAI
LEGAL_REGISTRATION,EBS,ALL,Legal Entity,XLE_REGISTRATIONS,EFFECTIVE_FROM,COMREF,AAI
LEGAL_REGISTRATION,EBS,ALL,Legal Entity,XLE_REGISTRATIONS,REGISTRATION_ID,COMREF,AAI
LEGAL_REGISTRATION,EBS,ALL,Legal Entity,XLE_REGISTRATIONS,SOURCE_ID,COMREF,AAI
LOCATION,EBS,LOCATION,Location,HR_LOCATIONS_ALL,BUSINESS_GROUP_ID,COMREF,AAI
LOCATION,EBS,LOCATION,Location,,,COMREF,AAI
LOCATION,EBS,LOCATION,Location,HR_LOCATIONS_ALL,DESIGNATED_RECEIVER_ID,COMREF,AAI
LOCATION,EBS,LOCATION,Location,HR_LOCATIONS_ALL,LAST_UPDATE_DATE,COMREF,AAI
LOCATION,EBS,LOCATION,Location,HR_LOCATIONS_ALL,TOWN_OR_CITY,COMREF,AAI
LOCATION,EBS,LOCATION,Location,HR_LOCATIONS_ALL,TELEPHONE_NUMBER_3,COMREF,AAI
LOCATION,EBS,LOCATION,Location,HR_LOCATIONS_ALL,SHIP_TO_SITE_FLAG,COMREF,AAI
LOCATION,EBS,LOCATION,Location,HR_LOCATIONS_ALL,TIMEZONE_CODE,COMREF,AAI
LOCATION,EBS,LOCATION,Location,HR_LOCATIONS_ALL,LEGAL_ADDRESS_FLAG,COMREF,AAI
LOCATION,EBS,LOCATION,Location,HR_LOCATIONS_ALL,TELEPHONE_NUMBER_2,COMREF,AAI
LOCATION,EBS,LOCATION,Location,HR_LOCATIONS_ALL,LOCATION_ID,COMREF,AAI
LOCATION,EBS,LOCATION,Location,HR_LOCATIONS_ALL,REGION_1,COMREF,AAI
LOCATION,EBS,LOCATION,Location,HR_LOCATIONS_ALL,TELEPHONE_NUMBER_1,COMREF,AAI
LOCATION,EBS,LOCATION,Location,HR_LOCATIONS_ALL,HDISDELETEDRECORD,COMREF,AAI
LOCATION,EBS,LOCATION,Location,HR_LOCATIONS_ALL,ADDRESS_LINE_1,COMREF,AAI
LOCATION,EBS,LOCATION,Location,HR_LOCATIONS_ALL,COUNTRY,COMREF,AAI
LOCATION,EBS,LOCATION,Location,HR_LOCATIONS_ALL,OFFICE_SITE_FLAG,COMREF,AAI
LOCATION,EBS,LOCATION,Location,HR_LOCATIONS_ALL,TAX_NAME,COMREF,AAI
LOCATION,EBS,LOCATION,Location,HR_LOCATIONS_ALL,INVENTORY_ORGANIZATION_ID,COMREF,AAI
LOCATION,EBS,LOCATION,Location,HR_LOCATIONS_ALL,CREATION_DATE,COMREF,AAI
LOCATION,EBS,LOCATION,Location,HR_LOCATIONS_ALL,REGION_2,COMREF,AAI
LOCATION,EBS,LOCATION,Location,HR_LOCATIONS_ALL,ADDRESS_LINE_2,COMREF,AAI
LOCATION,EBS,LOCATION,Location,HR_LOCATIONS_ALL,,COMREF,AAI
LOCATION,EBS,LOCATION,Location,HR_LOCATIONS_ALL,ADDRESS_LINE_3,COMREF,AAI
LOCATION,EBS,LOCATION,Location,HR_LOCATIONS_ALL,INACTIVE_DATE,COMREF,AAI
LOCATION,EBS,LOCATION,Location,FND_USER,USER_NAME,COMREF,AAI
LOCATION,EBS,LOCATION,Location,HR_LOCATIONS_ALL,POSTAL_CODE,COMREF,AAI
LOCATION,EBS,LOCATION,Location,HR_LOCATIONS_ALL,STYLE,COMREF,AAI
LOCATION,EBS,LOCATION,Location,HR_LOCATIONS_ALL,REGION_3,COMREF,AAI
LOCATION,EBS,LOCATION,Location,HR_LOCATIONS_ALL,RECEIVING_SITE_FLAG,COMREF,AAI
LOCATION,EBS,LOCATION,Location,HR_LOCATIONS_ALL,BILL_TO_SITE_FLAG,COMREF,AAI
LOCATION,EBS,LOCATION,Location,HR_LOCATIONS_ALL,LOCATION_CODE,COMREF,AAI
LOCATION,EBS,LOCATION,Location,HR_LOCATIONS_ALL,IN_ORGANIZATION_FLAG,COMREF,AAI
LOCATION,EBS,LOCATION,Location,HR_LOCATIONS_ALL,DESCRIPTION,COMREF,AAI
LOCATION,EBS,LOCATION,Location,HR_LOCATIONS_ALL,DERIVED_LOCALE,COMREF,AAI
LOCATION,EBS,LOCATION,Location,HR_LOCATIONS_ALL,SHIP_TO_LOCATION_ID,COMREF,AAI
LOOKUP_VALUES,EBS,ALL,,CST_COST_ELEMENTS,CREATION_DATE,COMREF,AAI
LOOKUP_VALUES,EBS,ALL,JAI_ITEM_HDR_REPORTING_TYPE,JAI_REPORTING_TYPES,REPORTING_TYPE_CODE,COMREF,AAI
LOOKUP_VALUES,EBS,ALL,ITEM_CATALOG_GROUP_TRANSLATION,MTL_ITEM_CATALOG_GROUPS_TL,CREATION_DATE,COMREF,AAI
LOOKUP_VALUES,EBS,ALL,PRODUCT_CATEGORY_TRANSLATION,MTL_CATEGORY_SETS_TL,LANGUAGE,COMREF,AAI
LOOKUP_VALUES,EBS,ALL,FND_LOOKUP,FND_LOOKUP_VALUES,HDISDELETEDRECORD,COMREF,AAI
LOOKUP_VALUES,EBS,ALL,,RA_TERRITORIES,TERRITORY_ID,COMREF,AAI
LOOKUP_VALUES,EBS,ALL,,RA_TERRITORIES,CREATION_DATE,COMREF,AAI
LOOKUP_VALUES,EBS,ALL,COST_TYPES,CST_COST_TYPES,COST_TYPE_ID,COMREF,AAI
LOOKUP_VALUES,EBS,ALL,ORGANIZATION TRANSLATION,HR_ALL_ORGANIZATION_UNITS_TL,LANGUAGE,COMREF,AAI
LOOKUP_VALUES,EBS,ALL,PAYMENT_TERMS_TRANSLATION,AP_TERMS_TL,TERM_ID,COMREF,AAI
LOOKUP_VALUES,EBS,ALL,PO_LINE_TYPES_TRANSLATION,FND_USER,USER_NAME,COMREF,AAI
LOOKUP_VALUES,EBS,ALL,EBS_LOCATION,FND_FLEX_VALUES,LAST_UPDATE_DATE,COMREF,AAI
LOOKUP_VALUES,EBS,ALL,EBS_LOCATION_TRANSLATION,,,COMREF,AAI
LOOKUP_VALUES,EBS,ALL,PRODUCT,MTL_SYSTEM_ITEMS_TL,,COMREF,AAI
LOOKUP_VALUES,EBS,ALL,PRODUCT,MTL_SYSTEM_ITEMS_TL,SOURCE_LANG,COMREF,AAI
LOOKUP_VALUES,EBS,ALL,PRODUCT_CATEGORY_TRANSLATION,MTL_CATEGORY_SETS_TL,LAST_UPDATE_DATE ,COMREF,AAI
LOOKUP_VALUES,EBS,ALL,Â  ENGINEERING_CHANGE_ORDER_TRANSLATION,ENG_CHANGE_ORDER_TYPES_TL,CHANGE_ORDER_TYPE_ID,COMREF,AAI
LOOKUP_VALUES,EBS,ALL,ENGINE_APPLICATION_CODE,FND_LOOKUP_VALUES,SOURCE_LANG,COMREF,AAI
LOOKUP_VALUES,EBS,ALL,ENGINE_APPLICATION_CODE,FND_LOOKUP_VALUES,SECURITY_GROUP_ID,COMREF,AAI
LOOKUP_VALUES,EBS,ALL,ENGINE_APPLICATION_CODE,FND_LOOKUP_VALUES,HDISDELETEDRECORD,COMREF,AAI
LOOKUP_VALUES,EBS,ALL,FND_LOOKUP,FND_LOOKUP_VALUES,SOURCE_LANG,COMREF,AAI
LOOKUP_VALUES,EBS,ALL,,RA_TERMS_TL,TERM_ID,COMREF,AAI
LOOKUP_VALUES,EBS,ALL,,ORG_FREIGHT_TL,CREATION_DATE,COMREF,AAI
LOOKUP_VALUES,EBS,ALL,,CST_COST_ELEMENTS,HDISDELETEDRECORD,COMREF,AAI
LOOKUP_VALUES,EBS,ALL,,CST_ACTIVITIES,,COMREF,AAI
LOOKUP_VALUES,EBS,ALL,Â ,CST_ACTIVITIES,,COMREF,AAI
LOOKUP_VALUES,EBS,ALL,,RA_TERRITORIES,LAST_UPDATE_DATE,COMREF,AAI
LOOKUP_VALUES,EBS,ALL,JAI_TAX_TYPE_LOOKUP,JAI_TAX_TYPE,EFFECTIVE_FROM,COMREF,AAI
LOOKUP_VALUES,EBS,ALL,JAI_TAX_TYPE_LOOKUP,FND_USER,USER_NAME,COMREF,AAI
LOOKUP_VALUES,EBS,ALL,ITEM_CATALOG_GROUP_TRANSLATION,MTL_ITEM_CATALOG_GROUPS_TL,ITEM_CATALOG_GROUP_ID,COMREF,AAI
LOOKUP_VALUES,EBS,ALL,COST_TYPES,CST_COST_TYPES,DEFAULT_COST_TYPE_ID,COMREF,AAI
LOOKUP_VALUES,EBS,ALL,LOCATION TRANSLATION,FND_USER,USER_NAME,COMREF,AAI
LOOKUP_VALUES,EBS,ALL,SALES ORDER TYPE TRANSLATION,FND_USER,USER_NAME,COMREF,AAI
LOOKUP_VALUES,EBS,ALL,EBS_LOCATION,FND_FLEX_VALUES,FLEX_VALUE,COMREF,AAI
LOOKUP_VALUES,EBS,ALL,EBS_LOCATION_TRANSLATION,FND_FLEX_VALUES_TL,LANGUAGE,COMREF,AAI
LOOKUP_VALUES,EBS,ALL,PAYMENT_TERMS_TRANSLATION,,,COMREF,AAI
LOOKUP_VALUES,EBS,ALL,Â ,FND_LOOKUP_VALUES,VIEW_APPLICATION_ID,COMREF,AAI
LOOKUP_VALUES,EBS,ALL,PURCHASE_ORDER_DOCUMENT_TYPE,PO_DOCUMENT_TYPES_ALL_TL,ORG_ID,COMREF,AAI
LOOKUP_VALUES,EBS,ALL,,FND_LOOKUP_VALUES,SOURCE_LANG,COMREF,AAI
LOOKUP_VALUES,EBS,ALL,,FND_USER,USER_NAME,COMREF,AAI
LOOKUP_VALUES,EBS,ALL,PRODUCT,MTL_SYSTEM_ITEMS_TL,ORGANIZATION_ID,COMREF,AAI
LOOKUP_VALUES,EBS,ALL,DESTINATION_TYPE,FND_LOOKUP_VALUES,HDISDELETEDRECORD,COMREF,AAI
LOOKUP_VALUES,EBS,ALL,WORK_ORDER_JOB_STATUS,FND_LOOKUP_VALUES,LOOKUP_CODE,COMREF,AAI
LOOKUP_VALUES,EBS,ALL,WORK_ORDER_JOB_STATUS,FND_LOOKUP_VALUES,DESCRIPTION,COMREF,AAI
LOOKUP_VALUES,EBS,ALL,PRODUCT_CATEGORY_TRANSLATION,MTL_CATEGORY_SETS_TL,CREATION_DATE,COMREF,AAI
LOOKUP_VALUES,EBS,ALL,ENGINE_APPLICATION_CODE,FND_LOOKUP_VALUES,LANGUAGE,COMREF,AAI
LOOKUP_VALUES,EBS,ALL,SALES ORDER TYPE TRANSLATION,OE_TRANSACTION_TYPES_TL,CREATION_DATE,COMREF,AAI
LOOKUP_VALUES,EBS,ALL,PAYMENT_TERMS_TRANSLATION,AP_TERMS_TL,LANGUAGE,COMREF,AAI
LOOKUP_VALUES,EBS,ALL,APPLSYS/FND_LOOKUP,FND_LOOKUP_VALUES,LANGUAGE,COMREF,AAI
LOOKUP_VALUES,EBS,ALL,APPLSYS/FND_LOOKUP,FND_LOOKUP_VALUES,,COMREF,AAI
LOOKUP_VALUES,EBS,ALL,APPLSYS/FND_LOOKUP,,Â ,COMREF,AAI
LOOKUP_VALUES,EBS,ALL,LOCATION TRANSLATION,HR_LOCATIONS_ALL_TL,DESCRIPTION,COMREF,AAI
LOOKUP_VALUES,EBS,ALL,LOCATION TRANSLATION,HR_LOCATIONS_ALL_TL,LANGUAGE,COMREF,AAI
LOOKUP_VALUES,EBS,ALL,SALES ORDER TYPE TRANSLATION,OE_TRANSACTION_TYPES_TL,,COMREF,AAI
LOOKUP_VALUES,EBS,ALL,SALES ORDER TYPE TRANSLATION,OE_TRANSACTION_TYPES_TL,DESCRIPTION,COMREF,AAI
LOOKUP_VALUES,EBS,ALL,PAYMENT_TERMS_TRANSLATION,AP_TERMS_TL,LAST_UPDATE_DATE ,COMREF,AAI
LOOKUP_VALUES,EBS,ALL,TERRITORY_TRANSLATION,FND_USER,USER_NAME,COMREF,AAI
LOOKUP_VALUES,EBS,ALL,EBS_LOCATION,FND_FLEX_VALUE_SETS,FLEX_VALUE_SET_NAME,COMREF,AAI
LOOKUP_VALUES,EBS,ALL,EBS_LOCATION,FND_USER,USER_NAME,COMREF,AAI
LOOKUP_VALUES,EBS,ALL,TERRITORY_TRANSLATION,FND_TERRITORIES_TL,,COMREF,AAI
LOOKUP_VALUES,EBS,ALL,PURCHASE_ORDER_DOCUMENT_TYPE,PO_DOCUMENT_TYPES_ALL_TL,SOURCE_LANG,COMREF,AAI
LOOKUP_VALUES,EBS,ALL,PURCHASE_ORDER_DOCUMENT_TYPE,PO_DOCUMENT_TYPES_ALL_TL,CREATION_DATE,COMREF,AAI
LOOKUP_VALUES,EBS,ALL,APPLSYS/FND_LOOKUP,FND_LOOKUP_VALUES,SECURITY_GROUP_ID,COMREF,AAI
LOOKUP_VALUES,EBS,ALL,,FND_LOOKUP_VALUES,LANGUAGE,COMREF,AAI
LOOKUP_VALUES,EBS,ALL,Â ENGINEERING_CHANGE_TRANSLATION,ENG_CHANGE_STATUSES_TL,DSN,COMREF,AAI
LOOKUP_VALUES,EBS,ALL,PRODUCT,MTL_SYSTEM_ITEMS_TL,INVENTORY_ITEM_ID,COMREF,AAI
LOOKUP_VALUES,EBS,ALL,PRODUCT REVISION,MTL_ITEM_REVISIONS_TL,,COMREF,AAI
LOOKUP_VALUES,EBS,ALL,DESTINATION_TYPE,FND_LOOKUP_VALUES,DESCRIPTION,COMREF,AAI
LOOKUP_VALUES,EBS,ALL,WORK_ORDER_JOB_STATUS,FND_LOOKUP_VALUES,LOOKUP_TYPE,COMREF,AAI
LOOKUP_VALUES,EBS,ALL,WORK_ORDER_JOB_STATUS,FND_LOOKUP_VALUES,SECURITY_GROUP_ID,COMREF,AAI
LOOKUP_VALUES,EBS,ALL,ENGINE_APPLICATION_CODE,FND_LOOKUP_VALUES,START_DATE_ACTIVE,COMREF,AAI
LOOKUP_VALUES,EBS,ALL,FND_LOOKUP,FND_LOOKUP_VALUES,DESCRIPTION,COMREF,AAI
LOOKUP_VALUES,EBS,ALL,,RA_TERMS_TL,,COMREF,AAI
LOOKUP_VALUES,EBS,ALL,,ORG_FREIGHT_TL,DESCRIPTION,COMREF,AAI
LOOKUP_VALUES,EBS,ALL,,ORG_FREIGHT_TL,HDISDELETEDRECORD,COMREF,AAI
LOOKUP_VALUES,EBS,ALL,,FND_LOOKUP_VALUES,START_DATE_ACTIVE,COMREF,AAI
LOOKUP_VALUES,EBS,ALL,JAI_ITEM_HDR_REPORTING_TYPE,JAI_REPORTING_TYPES,REPORTING_TYPE_ID,COMREF,AAI
LOOKUP_VALUES,EBS,ALL,JAI_ITEM_HDR_REPORTING_TYPE,JAI_REPORTING_TYPES,REPORTING_TYPE_NAME,COMREF,AAI
LOOKUP_VALUES,EBS,ALL,PAYMENT_TERMS_TRANSLATION,AP_TERMS_TL,SOURCE_LANG,COMREF,AAI
LOOKUP_VALUES,EBS,ALL,,FND_LOOKUP_VALUES,DESCRIPTION,COMREF,AAI
LOOKUP_VALUES,EBS,ALL,PRODUCT,,,COMREF,AAI
LOOKUP_VALUES,EBS,ALL,PRODUCT REVISION,MTL_ITEM_REVISIONS_TL,SOURCE_LANG,COMREF,AAI
LOOKUP_VALUES,EBS,ALL,DESTINATION_TYPE,FND_LOOKUP_VALUES,MEANING,COMREF,AAI
LOOKUP_VALUES,EBS,ALL,PO_LINE_TYPES_TRANSLATION,PO_LINE_TYPES_TL,HDISDELETEDRECORD,COMREF,AAI
LOOKUP_VALUES,EBS,ALL,TERRITORY_TRANSLATION,FND_TERRITORIES_TL,TERRITORY_CODE,COMREF,AAI
LOOKUP_VALUES,EBS,ALL,EBS_LOCATION,,,COMREF,AAI
LOOKUP_VALUES,EBS,ALL,Â ,Â ,Â ,COMREF,AAI
LOOKUP_VALUES,EBS,ALL,,FND_LOOKUP_VALUES,MEANING,COMREF,AAI
LOOKUP_VALUES,EBS,ALL,,FND_LOOKUP_VALUES,SECURITY_GROUP_ID,COMREF,AAI
LOOKUP_VALUES,EBS,ALL,Â ENGINEERING_CHANGE_TRANSLATION,ENG_CHANGE_STATUSES_TL,NA ,COMREF,AAI
LOOKUP_VALUES,EBS,ALL,PRODUCT REVISION,FND_USER,CREATION_DATE,COMREF,AAI
LOOKUP_VALUES,EBS,ALL,DESTINATION_TYPE,FND_LOOKUP_VALUES,LOOKUP_TYPE,COMREF,AAI
LOOKUP_VALUES,EBS,ALL,Â ,FND_LOOKUP_VALUES,DESCRIPTION,COMREF,AAI
LOOKUP_VALUES,EBS,ALL,PRODUCT_CATEGORY_TRANSLATION,MTL_CATEGORY_SETS_TL,CATEGORY_SET_ID,COMREF,AAI
LOOKUP_VALUES,EBS,ALL,FND_LOOKUP,FND_LOOKUP_VALUES,CREATION_DATE,COMREF,AAI
LOOKUP_VALUES,EBS,ALL,FND_LOOKUP,MTL_TRANSACTION_REASONS,Â ,COMREF,AAI
LOOKUP_VALUES,EBS,ALL,,FND_LOOKUP_VALUES,ENABLED_FLAG,COMREF,AAI
LOOKUP_VALUES,EBS,ALL,,RA_TERRITORIES,DSN,COMREF,AAI
LOOKUP_VALUES,EBS,ALL,JAI_ITEM_HDR_REPORTING_TYPE,JAI_REPORTING_TYPES,ENTITY_CODE,COMREF,AAI
LOOKUP_VALUES,EBS,ALL,ITEM_TYPE,FND_LOOKUP_VALUES,LAST_UPDATE_DATE,COMREF,AAI
LOOKUP_VALUES,EBS,ALL,PO_LINE_TYPES_TRANSLATION,PO_LINE_TYPES_TL,"LINE_TYPE_ID, LANGUAGE",COMREF,AAI
LOOKUP_VALUES,EBS,ALL,APPLSYS/FND_LOOKUP,FND_USER,LAST_UPDATE_DATE,COMREF,AAI
LOOKUP_VALUES,EBS,ALL,FND_LOOKUP,MTL_TRANSACTION_REASONS,CREATION_DATE,COMREF,AAI
LOOKUP_VALUES,EBS,ALL,,FND_USER,CREATION_DATE,COMREF,AAI
LOOKUP_VALUES,EBS,ALL,,RA_TERRITORIES,START_DATE_ACTIVE,COMREF,AAI
LOOKUP_VALUES,EBS,ALL,JAI_ITEM_HDR_REPORTING_TYPE,JAI_REPORTING_TYPES,ALLOW_OVERRIDE_ON_TRANSACTION,COMREF,AAI
LOOKUP_VALUES,EBS,ALL,JAI_TAX_TYPE_LOOKUP,JAI_TAX_TYPE,LAST_UPDATE_DATE,COMREF,AAI
LOOKUP_VALUES,EBS,ALL,ITEM_TYPE,FND_LOOKUP_VALUES,END_DATE_ACTIVE,COMREF,AAI
LOOKUP_VALUES,EBS,ALL,PO_LINE_TYPES_TRANSLATION,PO_LINE_TYPES_TL,DESCRIPTION,COMREF,AAI
LOOKUP_VALUES,EBS,ALL,TERRITORY_TRANSLATION,FND_TERRITORIES_TL,CREATION_DATE,COMREF,AAI
LOOKUP_VALUES,EBS,ALL,Â ,FND_LOOKUP_VALUES,LANGUAGE,COMREF,AAI
LOOKUP_VALUES,EBS,ALL,PURCHASE_ORDER_DOCUMENT_TYPE,,,COMREF,AAI
LOOKUP_VALUES,EBS,ALL,RESOURCE_TRANSLATION,JTF_RS_RESOURCE_EXTNS_TL,HDISDELETEDRECORD,COMREF,AAI
LOOKUP_VALUES,EBS,ALL,PRODUCT_CATEGORY_TRANSLATION,MTL_CATEGORY_SETS_TL,DESCRIPTION,COMREF,AAI
LOOKUP_VALUES,EBS,ALL,LOCATION TRANSLATION,HR_LOCATIONS_ALL_TL,,COMREF,AAI
LOOKUP_VALUES,EBS,ALL,SALES ORDER TYPE TRANSLATION,OE_TRANSACTION_TYPES_TL,NAME,COMREF,AAI
LOOKUP_VALUES,EBS,ALL,PAYMENT_TERMS_TRANSLATION,AP_TERMS_TL,CREATION_DATE,COMREF,AAI
LOOKUP_VALUES,EBS,ALL,EBS_LOCATION,FND_FLEX_VALUES,,COMREF,AAI
LOOKUP_VALUES,EBS,ALL,Â ,FND_LOOKUP_VALUES,DSN,COMREF,AAI
LOOKUP_VALUES,EBS,ALL,Â ,FND_LOOKUP_VALUES,SECURITY_GROUP_ID,COMREF,AAI
LOOKUP_VALUES,EBS,ALL,PURCHASE_ORDER_DOCUMENT_TYPE,PO_DOCUMENT_TYPES_ALL_TL,TYPE_NAME,COMREF,AAI
LOOKUP_VALUES,EBS,ALL,Â ENGINEERING_CHANGE_TRANSLATION,ENG_CHANGE_STATUSES_TL,LAST_UPDATE_DATE ,COMREF,AAI
LOOKUP_VALUES,EBS,ALL,PRODUCT REVISION,MTL_ITEM_REVISIONS_TL,REVISION_ID,COMREF,AAI
LOOKUP_VALUES,EBS,ALL,DESTINATION_TYPE,FND_LOOKUP_VALUES,VIEW_APPLICATION_ID,COMREF,AAI
LOOKUP_VALUES,EBS,ALL,WORK_ORDER_JOB_STATUS,FND_LOOKUP_VALUES,MEANING,COMREF,AAI
LOOKUP_VALUES,EBS,ALL,PRODUCT_CATEGORY_TRANSLATION,MTL_CATEGORY_SETS_TL,Â ,COMREF,AAI
LOOKUP_VALUES,EBS,ALL,FND_LOOKUP,FND_LOOKUP_VALUES,VIEW_APPLICATION_ID,COMREF,AAI
LOOKUP_VALUES,EBS,ALL,FND_LOOKUP,MTL_TRANSACTION_REASONS,DESCRIPTION,COMREF,AAI
LOOKUP_VALUES,EBS,ALL,,ORG_FREIGHT_TL,LANGUAGE,COMREF,AAI
LOOKUP_VALUES,EBS,ALL,,ORG_FREIGHT_TL,SOURCE_LANG,COMREF,AAI
LOOKUP_VALUES,EBS,ALL,,FND_LOOKUP_VALUES,DSN,COMREF,AAI
LOOKUP_VALUES,EBS,ALL,,GL_DAILY_CONVERSION_TYPES,HDISDELETEDRECORD,COMREF,AAI
LOOKUP_VALUES,EBS,ALL,JAI_ITEM_HDR_REPORTING_TYPE,JAI_REPORTING_TYPES,LAST_UPDATED_BY,COMREF,AAI
LOOKUP_VALUES,EBS,ALL,JAI_TAX_TYPE_LOOKUP,JAI_TAX_TYPE,EFFECTIVE_TO,COMREF,AAI
LOOKUP_VALUES,EBS,ALL,COST_TYPES,CST_COST_TYPES,"DSN,COST_TYPE",COMREF,AAI
LOOKUP_VALUES,EBS,ALL,PAYMENT_TERMS_TRANSLATION,AP_TERMS_TL,NAME,COMREF,AAI
LOOKUP_VALUES,EBS,ALL,PRODUCT,MTL_SYSTEM_ITEMS_TL,Â ,COMREF,AAI
LOOKUP_VALUES,EBS,ALL,DESTINATION_TYPE,FND_LOOKUP_VALUES,LANGUAGE,COMREF,AAI
LOOKUP_VALUES,EBS,ALL,JAI_TAX_TYPE_LOOKUP,JAI_TAX_TYPE,,COMREF,AAI
LOOKUP_VALUES,EBS,ALL,ITEM_TYPE,FND_USER,USER_NAME,COMREF,AAI
LOOKUP_VALUES,EBS,ALL,JAI_TAX_TYPE_LOOKUP,,,COMREF,AAI
LOOKUP_VALUES,EBS,ALL,Â ,FND_LOOKUP_VALUES,HDISDELETEDRECORD,COMREF,AAI
LOOKUP_VALUES,EBS,ALL,ENGINE_APPLICATION_CODE,FND_LOOKUP_VALUES,,COMREF,AAI
LOOKUP_VALUES,EBS,ALL,PRODUCT_CATEGORY_TRANSLATION,MTL_CATEGORY_SETS_TL,HDISDELETEDRECORD,COMREF,AAI
LOOKUP_VALUES,EBS,ALL,FND_LOOKUP,MTL_TRANSACTION_REASONS,,COMREF,AAI
LOOKUP_VALUES,EBS,ALL,ORGANIZATION TRANSLATION,,,COMREF,AAI
LOOKUP_VALUES,EBS,ALL,FND_LOOKUP,MTL_TRANSACTION_REASONS,REASON_NAME,COMREF,AAI
LOOKUP_VALUES,EBS,ALL,ITEM_TYPE,FND_LOOKUP_VALUES,LOOKUP_CODE,COMREF,AAI
LOOKUP_VALUES,EBS,ALL,ITEM_TYPE,FND_LOOKUP_VALUES,"LOOKUP_TYPE, VIEW_APPLICATION_ID, LOOKUP_CODE, SECURITY_GROUP_ID, LANGUAGE,ZD_EDITION_NAME",COMREF,AAI
LOOKUP_VALUES,EBS,ALL,APPLSYS/FND_LOOKUP,FND_LOOKUP_VALUES,DSN,COMREF,AAI
LOOKUP_VALUES,EBS,ALL,APPLSYS/FND_LOOKUP,FND_LOOKUP_VALUES,LOOKUP_TYPE,COMREF,AAI
LOOKUP_VALUES,EBS,ALL,COST_TYPES,CST_COST_TYPES,CREATE_USER,COMREF,AAI
LOOKUP_VALUES,EBS,ALL,PRODUCT REVISION,,,COMREF,AAI
LOOKUP_VALUES,EBS,ALL,Â ENGINEERING_CHANGE_TRANSLATION,ENG_CHANGE_STATUSES_TL,STATUS_NAME ,COMREF,AAI
LOOKUP_VALUES,EBS,ALL,Â  ENGINEERING_CHANGE_ORDER_TRANSLATION,ENG_CHANGE_ORDER_TYPES_TL,DSN,COMREF,AAI
LOOKUP_VALUES,EBS,ALL,Â  ENGINEERING_CHANGE_ORDER_TRANSLATION,ENG_CHANGE_ORDER_TYPES_TL,TYPE_NAME ,COMREF,AAI
LOOKUP_VALUES,EBS,ALL,ITEM_TYPE,FND_LOOKUP_VALUES,CREATION_DATE,COMREF,AAI
LOOKUP_VALUES,EBS,ALL,APPLSYS/FND_LOOKUP,FND_LOOKUP_VALUES,LOOKUP_CODE,COMREF,AAI
LOOKUP_VALUES,EBS,ALL,PRODUCT,MTL_SYSTEM_ITEMS_TL,DESCRIPTION,COMREF,AAI
LOOKUP_VALUES,EBS,ALL,PRODUCT REVISION,MTL_ITEM_REVISIONS_TL,DSN,COMREF,AAI
LOOKUP_VALUES,EBS,ALL,RESOURCE_TRANSLATION,JTF_RS_RESOURCE_EXTNS_TL,SOURCE_LANG,COMREF,AAI
LOOKUP_VALUES,EBS,ALL,APPLSYS/FND_LOOKUP,FND_LOOKUP_VALUES,VIEW_APPLICATION_ID,COMREF,AAI
LOOKUP_VALUES,EBS,ALL,ENGINE_APPLICATION_CODE,FND_LOOKUP_VALUES,MEANING,COMREF,AAI
LOOKUP_VALUES,EBS,ALL,EBS_LOCATION,FND_FLEX_VALUES,CREATION_DATE,COMREF,AAI
LOOKUP_VALUES,EBS,ALL,EBS_LOCATION_TRANSLATION,FND_FLEX_VALUES_TL,HDISDELETEDRECORD,COMREF,AAI
LOOKUP_VALUES,EBS,ALL,APPLSYS/FND_LOOKUP,FND_LOOKUP_VALUES,MEANING,COMREF,AAI
LOOKUP_VALUES,EBS,ALL,APPLSYS/FND_LOOKUP,FND_USER,CREATION_DATE,COMREF,AAI
LOOKUP_VALUES,EBS,ALL,,FND_LOOKUP_VALUES,,COMREF,AAI
LOOKUP_VALUES,EBS,ALL,,FND_LOOKUP_VALUES,VIEW_APPLICATION_ID,COMREF,AAI
LOOKUP_VALUES,EBS,ALL,Â ENGINEERING_CHANGE_TRANSLATION,ENG_CHANGE_STATUSES_TL,status_code,COMREF,AAI
LOOKUP_VALUES,EBS,ALL,PRODUCT,FND_USER,LAST_UPDATE_DATE ,COMREF,AAI
LOOKUP_VALUES,EBS,ALL,WORK_ORDER_JOB_STATUS,FND_LOOKUP_VALUES,VIEW_APPLICATION_ID,COMREF,AAI
LOOKUP_VALUES,EBS,ALL,FND_LOOKUP,FND_LOOKUP_VALUES,LOOKUP_TYPE,COMREF,AAI
LOOKUP_VALUES,EBS,ALL,,CST_ACTIVITIES,DESCRIPTION,COMREF,AAI
LOOKUP_VALUES,EBS,ALL,ENGINE_APPLICATION_CODE,FND_LOOKUP_VALUES,LOOKUP_CODE,COMREF,AAI
LOOKUP_VALUES,EBS,ALL,ENGINE_APPLICATION_CODE,FND_LOOKUP_VALUES,CREATION_DATE,COMREF,AAI
LOOKUP_VALUES,EBS,ALL,FND_LOOKUP,FND_USER,USER_NAME,COMREF,AAI
LOOKUP_VALUES,EBS,ALL,,ORG_FREIGHT_TL,DSN,COMREF,AAI
LOOKUP_VALUES,EBS,ALL,,FND_LOOKUP_VALUES,LOOKUP_TYPE,COMREF,AAI
LOOKUP_VALUES,EBS,ALL,DESTINATION_TYPE,FND_LOOKUP_VALUES,LOOKUP_CODE,COMREF,AAI
LOOKUP_VALUES,EBS,ALL,JAI_ITEM_HDR_REPORTING_TYPE,JAI_REPORTING_TYPES,REPORTING_TYPE_ID+REPORTING_TYPE_CODE,COMREF,AAI
LOOKUP_VALUES,EBS,ALL,WORK_ORDER_JOB_STATUS,FND_LOOKUP_VALUES,SOURCE_LANG,COMREF,AAI
LOOKUP_VALUES,EBS,ALL,RESOURCE_TRANSLATION,JTF_RS_RESOURCE_EXTNS_TL,CATEGORY,COMREF,AAI
LOOKUP_VALUES,EBS,ALL,RESOURCE_TRANSLATION,JTF_RS_RESOURCE_EXTNS_TL,SECURITY_GROUP_ID,COMREF,AAI
LOOKUP_VALUES,EBS,ALL,APPLSYS/FND_LOOKUP,FND_LOOKUP_VALUES,Â ,COMREF,AAI
LOOKUP_VALUES,EBS,ALL,,GL_DAILY_CONVERSION_TYPES,USER_CONVERSION_TYPE,COMREF,AAI
LOOKUP_VALUES,EBS,ALL,LOCATION TRANSLATION,HR_LOCATIONS_ALL_TL,LOCATION_ID,COMREF,AAI
LOOKUP_VALUES,EBS,ALL,LOCATION TRANSLATION,,,COMREF,AAI
LOOKUP_VALUES,EBS,ALL,SALES ORDER TYPE TRANSLATION,OE_TRANSACTION_TYPES_TL,TRANSACTION_TYPE_ID,COMREF,AAI
LOOKUP_VALUES,EBS,ALL,ORGANIZATION TRANSLATION,HR_ALL_ORGANIZATION_UNITS_TL,,COMREF,AAI
LOOKUP_VALUES,EBS,ALL,ORGANIZATION TRANSLATION,HR_ALL_ORGANIZATION_UNITS_TL,LAST_UPDATE_DATE ,COMREF,AAI
LOOKUP_VALUES,EBS,ALL,PO_LINE_TYPES_TRANSLATION,PO_LINE_TYPES_TL,LINE_TYPE_ID,COMREF,AAI
LOOKUP_VALUES,EBS,ALL,PO_LINE_TYPES_TRANSLATION,PO_LINE_TYPES_TL,LAST_UPDATE_DATE ,COMREF,AAI
LOOKUP_VALUES,EBS,ALL,ITEM_CATALOG_GROUP_TRANSLATION,MTL_ITEM_CATALOG_GROUPS_TL,HDISDELETEDRECORD,COMREF,AAI
LOOKUP_VALUES,EBS,ALL,ENGINE_APPLICATION_CODE,FND_LOOKUP_VALUES,DESCRIPTION,COMREF,AAI
LOOKUP_VALUES,EBS,ALL,ITEM_TYPE,FND_LOOKUP_VALUES,LOOKUP_TYPE,COMREF,AAI
LOOKUP_VALUES,EBS,ALL,,FND_USER,DESCRIPTION,COMREF,AAI
LOOKUP_VALUES,EBS,ALL,,CST_ACTIVITIES,CREATION_DATE,COMREF,AAI
LOOKUP_VALUES,EBS,ALL,,CST_ACTIVITIES,HDISDELETEDRECORD,COMREF,AAI
LOOKUP_VALUES,EBS,ALL,JAI_TAX_TYPE_LOOKUP,JAI_TAX_TYPE,TAX_TYPE_NAME,COMREF,AAI
LOOKUP_VALUES,EBS,ALL,PRODUCT,MTL_SYSTEM_ITEMS_TL,HDISDELETEDRECORD,COMREF,AAI
LOOKUP_VALUES,EBS,ALL,,FND_USER,HDISDELETEDRECORD,COMREF,AAI
LOOKUP_VALUES,EBS,ALL,,CST_COST_ELEMENTS,DSN,COMREF,AAI
LOOKUP_VALUES,EBS,ALL,,CST_COST_ELEMENTS,LAST_UPDATE_DATE,COMREF,AAI
LOOKUP_VALUES,EBS,ALL,,CST_ACTIVITIES,ACTIVITY,COMREF,AAI
LOOKUP_VALUES,EBS,ALL,,GL_DAILY_CONVERSION_TYPES,,COMREF,AAI
LOOKUP_VALUES,EBS,ALL,Â ,RA_TERRITORIES,,COMREF,AAI
LOOKUP_VALUES,EBS,ALL,JAI_TAX_TYPE_LOOKUP,JAI_TAX_TYPE,DSN,COMREF,AAI
LOOKUP_VALUES,EBS,ALL,ITEM_TYPE,FND_LOOKUP_VALUES,LANGUAGE,COMREF,AAI
LOOKUP_VALUES,EBS,ALL,TERRITORY_TRANSLATION,FND_TERRITORIES_TL,DESCRIPTION,COMREF,AAI
LOOKUP_VALUES,EBS,ALL,ENGINE_APPLICATION_CODE,FND_LOOKUP_VALUES,VIEW_APPLICATION_ID,COMREF,AAI
LOOKUP_VALUES,EBS,ALL,JAI_TAX_TYPE_LOOKUP,JAI_TAX_TYPE,TAX_TYPE_ID,COMREF,AAI
LOOKUP_VALUES,EBS,ALL,Â ,GL_DAILY_CONVERSION_TYPES,,COMREF,AAI
LOOKUP_VALUES,EBS,ALL,,GL_DAILY_CONVERSION_TYPES,CREATION_DATE,COMREF,AAI
LOOKUP_VALUES,EBS,ALL,PURCHASE_ORDER_DOCUMENT_TYPE,PO_DOCUMENT_TYPES_ALL_TL,DSN,COMREF,AAI
LOOKUP_VALUES,EBS,ALL,ITEM_TYPE,FND_LOOKUP_VALUES,MEANING,COMREF,AAI
LOOKUP_VALUES,EBS,ALL,PRODUCT,MTL_SYSTEM_ITEMS_TL,DSN,COMREF,AAI
LOOKUP_VALUES,EBS,ALL,PRODUCT REVISION,MTL_ITEM_REVISIONS_TL,ORGANIZATION_ID,COMREF,AAI
LOOKUP_VALUES,EBS,ALL,EBS_LOCATION,FND_FLEX_VALUES,HDISDELETEDRECORD,COMREF,AAI
LOOKUP_VALUES,EBS,ALL,Â ,FND_LOOKUP_VALUES,CREATION_DATE,COMREF,AAI
LOOKUP_VALUES,EBS,ALL,DESTINATION_TYPE,FND_LOOKUP_VALUES,,COMREF,AAI
LOOKUP_VALUES,EBS,ALL,PRODUCT REVISION,MTL_ITEM_REVISIONS_TL,HDISDELETEDRECORD,COMREF,AAI
LOOKUP_VALUES,EBS,ALL,PRODUCT,MTL_SYSTEM_ITEMS_TL,LANGUAGE,COMREF,AAI
LOOKUP_VALUES,EBS,ALL,EBS_LOCATION_TRANSLATION,FND_FLEX_VALUES_TL,FLEX_VALUE_ID,COMREF,AAI
LOOKUP_VALUES,EBS,ALL,PRODUCT REVISION,MTL_ITEM_REVISIONS_TL,INVENTORY_ITEM_ID,COMREF,AAI
LOOKUP_VALUES,EBS,ALL,LOCATION TRANSLATION,HR_LOCATIONS_ALL_TL,LAST_UPDATE_DATE ,COMREF,AAI
LOOKUP_VALUES,EBS,ALL,EBS_LOCATION_TRANSLATION,FND_FLEX_VALUES_TL,DESCRIPTION,COMREF,AAI
LOOKUP_VALUES,EBS,ALL,JAI_TAX_TYPE_LOOKUP,JAI_TAX_TYPE,REGIME_ID,COMREF,AAI
LOOKUP_VALUES,EBS,ALL,PRODUCT REVISION,MTL_ITEM_REVISIONS_TL,DESCRIPTION,COMREF,AAI
LOOKUP_VALUES,EBS,ALL,JAI_TAX_TYPE_LOOKUP,JAI_TAX_TYPE,CREDIT_BASIS_SELF_ASSESSED,COMREF,AAI
LOOKUP_VALUES,EBS,ALL,ITEM_CATALOG_GROUP_TRANSLATION,,,COMREF,AAI
LOOKUP_VALUES,EBS,ALL,DESTINATION_TYPE,FND_LOOKUP_VALUES,CREATION_DATE,COMREF,AAI
LOOKUP_VALUES,EBS,ALL,ORGANIZATION TRANSLATION,HR_ALL_ORGANIZATION_UNITS_TL,CREATION_DATE,COMREF,AAI
LOOKUP_VALUES,EBS,ALL,ITEM_CATALOG_GROUP_TRANSLATION,MTL_ITEM_CATALOG_GROUPS_TL,DSN,COMREF,AAI
LOOKUP_VALUES,EBS,ALL,WORK_ORDER_JOB_STATUS,FND_LOOKUP_VALUES,LANGUAGE,COMREF,AAI
LOOKUP_VALUES,EBS,ALL,,FND_USER,DSN,COMREF,AAI
LOOKUP_VALUES,EBS,ALL,ENGINE_APPLICATION_CODE,FND_LOOKUP_VALUES,END_DATE_ACTIVE,COMREF,AAI
LOOKUP_VALUES,EBS,ALL,Â ,FND_LOOKUP_VALUES,,COMREF,AAI
LOOKUP_VALUES,EBS,ALL,,ORG_FREIGHT_TL,LAST_UPDATE_DATE,COMREF,AAI
LOOKUP_VALUES,EBS,ALL,LOCATION TRANSLATION,HR_LOCATIONS_ALL_TL,CREATION_DATE,COMREF,AAI
LOOKUP_VALUES,EBS,ALL,PRODUCT_CATEGORY_TRANSLATION,FND_USER,USER_NAME,COMREF,AAI
LOOKUP_VALUES,EBS,ALL,DESTINATION_TYPE,FND_LOOKUP_VALUES,SOURCE_LANG,COMREF,AAI
LOOKUP_VALUES,EBS,ALL,ITEM_TYPE,FND_LOOKUP_VALUES,VIEW_APPLICATION_ID,COMREF,AAI
LOOKUP_VALUES,EBS,ALL,COST_TYPES,CST_COST_TYPES,,COMREF,AAI
LOOKUP_VALUES,EBS,ALL,FND_LOOKUP,FND_LOOKUP_VALUES,LAST_UPDATE_DATE,COMREF,AAI
LOOKUP_VALUES,EBS,ALL,PURCHASE_ORDER_DOCUMENT_TYPE,PO_DOCUMENT_TYPES_ALL_TL,LANGUAGE,COMREF,AAI
LOOKUP_VALUES,EBS,ALL,Â  ENGINEERING_CHANGE_ORDER_TRANSLATION,ENG_CHANGE_ORDER_TYPES_TL,NA ,COMREF,AAI
LOOKUP_VALUES,EBS,ALL,,RA_TERMS_TL,DESCRIPTION,COMREF,AAI
LOOKUP_VALUES,EBS,ALL,EBS_LOCATION_TRANSLATION,FND_FLEX_VALUES_TL,CREATION_DATE,COMREF,AAI
LOOKUP_VALUES,EBS,ALL,JAI_ITEM_HDR_REPORTING_TYPE,JAI_REPORTING_TYPES,REPORTING_USAGE,COMREF,AAI
LOOKUP_VALUES,EBS,ALL,Â  ENGINEERING_CHANGE_ORDER_TRANSLATION,ENG_CHANGE_ORDER_TYPES_TL,HDISDELETEDRECORD,COMREF,AAI
LOOKUP_VALUES,EBS,ALL,ITEM_CATALOG_GROUP_TRANSLATION,MTL_ITEM_CATALOG_GROUPS_TL,LANGUAGE,COMREF,AAI
LOOKUP_VALUES,EBS,ALL,TERRITORY_TRANSLATION,FND_TERRITORIES_TL,LANGUAGE,COMREF,AAI
LOOKUP_VALUES,EBS,ALL,DESTINATION_TYPE,FND_LOOKUP_VALUES,SECURITY_GROUP_ID,COMREF,AAI
LOOKUP_VALUES,EBS,ALL,,FND_LOOKUP_VALUES,CREATION_DATE,COMREF,AAI
LOOKUP_VALUES,EBS,ALL,,RA_TERRITORIES,END_DATE_ACTIVE,COMREF,AAI
LOOKUP_VALUES,EBS,ALL,FND_LOOKUP,FND_LOOKUP_VALUES,MEANING,COMREF,AAI
LOOKUP_VALUES,EBS,ALL,WORK_ORDER_JOB_STATUS,FND_LOOKUP_VALUES,HDISDELETEDRECORD,COMREF,AAI
LOOKUP_VALUES,EBS,ALL,PO_LINE_TYPES_TRANSLATION,PO_LINE_TYPES_TL,CREATION_DATE,COMREF,AAI
LOOKUP_VALUES,EBS,ALL,WORK_ORDER_JOB_STATUS,FND_LOOKUP_VALUES,,COMREF,AAI
LOOKUP_VALUES,EBS,ALL,,GL_DAILY_CONVERSION_TYPES,LAST_UPDATE_DATE,COMREF,AAI
LOOKUP_VALUES,EBS,ALL,LOCATION TRANSLATION,HR_LOCATIONS_ALL_TL,HDISDELETEDRECORD,COMREF,AAI
LOOKUP_VALUES,EBS,ALL,ORGANIZATION TRANSLATION,HR_ALL_ORGANIZATION_UNITS_TL,ORGANIZATION_ID,COMREF,AAI
LOOKUP_VALUES,EBS,ALL,TERRITORY_TRANSLATION,FND_TERRITORIES_TL,TERRITORY_SHORT_NAME,COMREF,AAI
LOOKUP_VALUES,EBS,ALL,Â ,FND_LOOKUP_VALUES,Â ,COMREF,AAI
LOOKUP_VALUES,EBS,ALL,Â ,FND_LOOKUP_VALUES,MEANING,COMREF,AAI
LOOKUP_VALUES,EBS,ALL,PURCHASE_ORDER_DOCUMENT_TYPE,PO_DOCUMENT_TYPES_ALL_TL,DOCUMENT_TYPE_CODE,COMREF,AAI
LOOKUP_VALUES,EBS,ALL,,FND_LOOKUP_VALUES,LOOKUP_CODE,COMREF,AAI
LOOKUP_VALUES,EBS,ALL,,FND_LOOKUP_VALUES,LAST_UPDATE_DATE,COMREF,AAI
LOOKUP_VALUES,EBS,ALL,Â  ENGINEERING_CHANGE_ORDER_TRANSLATION,ENG_CHANGE_ORDER_TYPES_TL,Â ,COMREF,AAI
LOOKUP_VALUES,EBS,ALL,WORK_ORDER_JOB_STATUS,FND_LOOKUP_VALUES,DSN,COMREF,AAI
LOOKUP_VALUES,EBS,ALL,WORK_ORDER_JOB_STATUS,FND_LOOKUP_VALUES,LAST_UPDATE_DATE,COMREF,AAI
LOOKUP_VALUES,EBS,ALL,ITEM_CATALOG_GROUP_TRANSLATION,MTL_ITEM_CATALOG_GROUPS_TL,LAST_UPDATE_DATE,COMREF,AAI
LOOKUP_VALUES,EBS,ALL,,RA_TERMS_TL,LANGUAGE,COMREF,AAI
LOOKUP_VALUES,EBS,ALL,ORGANIZATION TRANSLATION,HR_ALL_ORGANIZATION_UNITS_TL,NAME,COMREF,AAI
LOOKUP_VALUES,EBS,ALL,RESOURCE_TRANSLATION,JTF_RS_RESOURCE_EXTNS_TL,LANGUAGE,COMREF,AAI
LOOKUP_VALUES,EBS,ALL,RESOURCE_TRANSLATION,JTF_RS_RESOURCE_EXTNS_TL,Â ,COMREF,AAI
LOOKUP_VALUES,EBS,ALL,Â ENGINEERING_CHANGE_TRANSLATION,ENG_CHANGE_STATUSES_TL,,COMREF,AAI
LOOKUP_VALUES,EBS,ALL,ITEM_CATALOG_GROUP_TRANSLATION,MTL_ITEM_CATALOG_GROUPS_TL,DESCRIPTION,COMREF,AAI
LOOKUP_VALUES,EBS,ALL,RESOURCE_TRANSLATION,FND_USER,USER_NAME,COMREF,AAI
LOOKUP_VALUES,EBS,ALL,RESOURCE_TRANSLATION,JTF_RS_RESOURCE_EXTNS_TL,CREATION_DATE,COMREF,AAI
LOOKUP_VALUES,EBS,ALL,PRODUCT_CATEGORY_TRANSLATION,MTL_CATEGORY_SETS_TL,SOURCE_LANG,COMREF,AAI
LOOKUP_VALUES,EBS,ALL,,RA_TERMS_TL,SOURCE_LANG,COMREF,AAI
LOOKUP_VALUES,EBS,ALL,JAI_ITEM_HDR_REPORTING_TYPE,JAI_REPORTING_TYPES,DSN,COMREF,AAI
LOOKUP_VALUES,EBS,ALL,SALES ORDER TYPE TRANSLATION,OE_TRANSACTION_TYPES_TL,HDISDELETEDRECORD,COMREF,AAI
LOOKUP_VALUES,EBS,ALL,PO_LINE_TYPES_TRANSLATION,,,COMREF,AAI
LOOKUP_VALUES,EBS,ALL,TERRITORY_TRANSLATION,FND_TERRITORIES_TL,HDISDELETEDRECORD,COMREF,AAI
LOOKUP_VALUES,EBS,ALL,ITEM_TYPE,FND_LOOKUP_VALUES,DESCRIPTION,COMREF,AAI
LOOKUP_VALUES,EBS,ALL,Â ,CST_COST_ELEMENTS,,COMREF,AAI
LOOKUP_VALUES,EBS,ALL,EBS_LOCATION_TRANSLATION,FND_FLEX_VALUES_TL,LAST_UPDATE_DATE,COMREF,AAI
LOOKUP_VALUES,EBS,ALL,,ORG_FREIGHT_TL,FREIGHT_CODE,COMREF,AAI
LOOKUP_VALUES,EBS,ALL,FND_LOOKUP,MTL_TRANSACTION_REASONS,HDISDELETEDRECORD,COMREF,AAI
LOOKUP_VALUES,EBS,ALL,EBS_LOCATION_TRANSLATION,FND_FLEX_VALUES,FLEX_VALUE,COMREF,AAI
LOOKUP_VALUES,EBS,ALL,,ORG_FREIGHT_TL,DISABLE_DATE,COMREF,AAI
LOOKUP_VALUES,EBS,ALL,SALES ORDER TYPE TRANSLATION,OE_TRANSACTION_TYPES_TL,LANGUAGE,COMREF,AAI
LOOKUP_VALUES,EBS,ALL,FND_LOOKUP,MTL_TRANSACTION_REASONS,LAST_UPDATE_DATE,COMREF,AAI
LOOKUP_VALUES,EBS,ALL,,RA_TERMS_TL,NAME,COMREF,AAI
LOOKUP_VALUES,EBS,ALL,,RA_TERMS_TL,LAST_UPDATE_DATE,COMREF,AAI
LOOKUP_VALUES,EBS,ALL,EBS_LOCATION_TRANSLATION,FND_FLEX_VALUES_TL,,COMREF,AAI
LOOKUP_VALUES,EBS,ALL,,FND_USER,LAST_UPDATE_DATE,COMREF,AAI
LOOKUP_VALUES,EBS,ALL,FND_LOOKUP,FND_LOOKUP_VALUES,LOOKUP_CODE,COMREF,AAI
LOOKUP_VALUES,EBS,ALL,EBS_LOCATION,FND_FLEX_VALUES,FLEX_VALUE_ID,COMREF,AAI
LOOKUP_VALUES,EBS,ALL,,RA_TERMS_TL,HDISDELETEDRECORD,COMREF,AAI
LOOKUP_VALUES,EBS,ALL,,CST_ACTIVITIES,DSN,COMREF,AAI
LOOKUP_VALUES,EBS,ALL,RESOURCE_TRANSLATION,Â ,,COMREF,AAI
LOOKUP_VALUES,EBS,ALL,FND_LOOKUP,FND_LOOKUP_VALUES,SECURITY_GROUP_ID,COMREF,AAI
LOOKUP_VALUES,EBS,ALL,,ORG_FREIGHT_TL,,COMREF,AAI
LOOKUP_VALUES,EBS,ALL,,FND_USER,,COMREF,AAI
LOOKUP_VALUES,EBS,ALL,,CST_ACTIVITIES,ACTIVITY_ID,COMREF,AAI
LOOKUP_VALUES,EBS,ALL,,CST_COST_ELEMENTS,COST_ELEMENT_ID,COMREF,AAI
LOOKUP_VALUES,EBS,ALL,,CST_ACTIVITIES,LAST_UPDATE_DATE,COMREF,AAI
LOOKUP_VALUES,EBS,ALL,,RA_TERRITORIES,HDISDELETEDRECORD,COMREF,AAI
LOOKUP_VALUES,EBS,ALL,JAI_ITEM_HDR_REPORTING_TYPE,JAI_REPORTING_TYPES,EFFECTIVE_FROM,COMREF,AAI
LOOKUP_VALUES,EBS,ALL,,FND_USER,USER_ID,COMREF,AAI
LOOKUP_VALUES,EBS,ALL,,CST_COST_ELEMENTS,,COMREF,AAI
LOOKUP_VALUES,EBS,ALL,,CST_COST_ELEMENTS,DESCRIPTION,COMREF,AAI
LOOKUP_VALUES,EBS,ALL,JAI_ITEM_HDR_REPORTING_TYPE,JAI_REPORTING_TYPES,,COMREF,AAI
LOOKUP_VALUES,EBS,ALL,JAI_ITEM_HDR_REPORTING_TYPE,JAI_REPORTING_TYPES,CREATION_DATE,COMREF,AAI
LOOKUP_VALUES,EBS,ALL,JAI_ITEM_HDR_REPORTING_TYPE,JAI_REPORTING_TYPES,LAST_UPDATE_DATE,COMREF,AAI
LOOKUP_VALUES,EBS,ALL,JAI_TAX_TYPE_LOOKUP,JAI_TAX_TYPE,CREATION_DATE,COMREF,AAI
LOOKUP_VALUES,EBS,ALL,JAI_TAX_TYPE_LOOKUP,JAI_TAX_TYPE,HDISDELETEDRECORD,COMREF,AAI
LOOKUP_VALUES,EBS,ALL,COST_TYPES,CST_COST_TYPES,CREATE_DATE,COMREF,AAI
LOOKUP_VALUES,EBS,ALL,JAI_ITEM_HDR_REPORTING_TYPE,JAI_REPORTING_TYPES,EFFECTIVE_TO,COMREF,AAI
LOOKUP_VALUES,EBS,ALL,JAI_ITEM_HDR_REPORTING_TYPE,JAI_REPORTING_TYPES,CREATED_BY,COMREF,AAI
LOOKUP_VALUES,EBS,ALL,JAI_TAX_TYPE_LOOKUP,JAI_TAX_TYPE,TAX_TYPE_ID+TAX_TYPE_CODE,COMREF,AAI
LOOKUP_VALUES,EBS,ALL,JAI_TAX_TYPE_LOOKUP,JAI_TAX_TYPE,TAX_TYPE_CODE,COMREF,AAI
LOOKUP_VALUES,EBS,ALL,APPLSYS/FND_LOOKUP,FND_LOOKUP_VALUES,DESCRIPTION,COMREF,AAI
LOOKUP_VALUES,EBS,ALL,PURCHASE_ORDER_DOCUMENT_TYPE,FND_USER,USER_NAME,COMREF,AAI
LOOKUP_VALUES,EBS,ALL,JAI_ITEM_HDR_REPORTING_TYPE,,,COMREF,AAI
LOOKUP_VALUES,EBS,ALL,PO_LINE_TYPES_TRANSLATION,PO_LINE_TYPES_TL,,COMREF,AAI
LOOKUP_VALUES,EBS,ALL,Â ,FND_LOOKUP_VALUES,LAST_UPDATE_DATE,COMREF,AAI
LOOKUP_VALUES,EBS,ALL,,FND_USER,LAST_UPDATED_BY,COMREF,AAI
LOOKUP_VALUES,EBS,ALL,EBS_LOCATION_TRANSLATION,FND_FLEX_VALUES_TL,DSN,COMREF,AAI
LOOKUP_VALUES,EBS,ALL,EBS_LOCATION_TRANSLATION,FND_FLEX_VALUES_TL,SOURCE_LANG,COMREF,AAI
LOOKUP_VALUES,EBS,ALL,Â  ENGINEERING_CHANGE_ORDER_TRANSLATION,ENG_CHANGE_ORDER_TYPES_TL,DESCRIPTION,COMREF,AAI
LOOKUP_VALUES,EBS,ALL,Â ENGINEERING_CHANGE_TRANSLATION,ENG_CHANGE_STATUSES_TL,HDISDELETEDRECORD,COMREF,AAI
LOOKUP_VALUES,EBS,ALL,Â ,FND_LOOKUP_VALUES,LOOKUP_TYPE,COMREF,AAI
LOOKUP_VALUES,EBS,ALL,Â ENGINEERING_CHANGE_TRANSLATION,ENG_CHANGE_STATUSES_TL,Â ,COMREF,AAI
LOOKUP_VALUES,EBS,ALL,PURCHASE_ORDER_DOCUMENT_TYPE,PO_DOCUMENT_TYPES_ALL_TL,,COMREF,AAI
LOOKUP_VALUES,EBS,ALL,PURCHASE_ORDER_DOCUMENT_TYPE,PO_DOCUMENT_TYPES_ALL_TL,LAST_UPDATE_DATE,COMREF,AAI
LOOKUP_VALUES,EBS,ALL,Â ENGINEERING_CHANGE_TRANSLATION,ENG_CHANGE_STATUSES_TL,LANGUAGE,COMREF,AAI
LOOKUP_VALUES,EBS,ALL,Â  ENGINEERING_CHANGE_ORDER_TRANSLATION,ENG_CHANGE_ORDER_TYPES_TL,LAST_UPDATE_DATE ,COMREF,AAI
LOOKUP_VALUES,EBS,ALL,RESOURCE_TRANSLATION,JTF_RS_RESOURCE_EXTNS_TL,LAST_UPDATE_DATE ,COMREF,AAI
LOOKUP_VALUES,EBS,ALL,ITEM_TYPE,FND_LOOKUP_VALUES,START_DATE_ACTIVE,COMREF,AAI
LOOKUP_VALUES,EBS,ALL,ITEM_TYPE,FND_LOOKUP_VALUES,,COMREF,AAI
LOOKUP_VALUES,EBS,ALL,COST_TYPES,CST_COST_TYPES,COST_TYPE,COMREF,AAI
LOOKUP_VALUES,EBS,ALL,JAI_ITEM_HDR_REPORTING_TYPE,JAI_REPORTING_TYPES,HDISDELETEDRECORD,COMREF,AAI
LOOKUP_VALUES,EBS,ALL,COST_TYPES,CST_COST_TYPES,DSN,COMREF,AAI
LOOKUP_VALUES,EBS,ALL,ITEM_CATALOG_GROUP_TRANSLATION,MTL_ITEM_CATALOG_GROUPS_TL,,COMREF,AAI
LOOKUP_VALUES,EBS,ALL,PAYMENT_TERMS_TRANSLATION,FND_USER,USER_NAME,COMREF,AAI
LOOKUP_VALUES,EBS,ALL,ENGINE_APPLICATION_CODE,FND_USER,USER_NAME,COMREF,AAI
LOOKUP_VALUES,EBS,ALL,SALES ORDER TYPE TRANSLATION,OE_TRANSACTION_TYPES_TL,SOURCE_LANG,COMREF,AAI
LOOKUP_VALUES,EBS,ALL,SALES ORDER TYPE TRANSLATION,OE_TRANSACTION_TYPES_TL,LAST_UPDATE_DATE ,COMREF,AAI
LOOKUP_VALUES,EBS,ALL,,RA_TERMS_TL,DSN,COMREF,AAI
LOOKUP_VALUES,EBS,ALL,FND_LOOKUP,MTL_TRANSACTION_REASONS,DSN,COMREF,AAI
LOOKUP_VALUES,EBS,ALL,ENGINE_APPLICATION_CODE,FND_LOOKUP_VALUES,ENABLED_FLAG,COMREF,AAI
LOOKUP_VALUES,EBS,ALL,Â ,ORG_FREIGHT_TL,,COMREF,AAI
LOOKUP_VALUES,EBS,ALL,,FND_USER,CREATED_BY,COMREF,AAI
LOOKUP_VALUES,EBS,ALL,FND_LOOKUP,FND_LOOKUP_VALUES,Â ,COMREF,AAI
LOOKUP_VALUES,EBS,ALL,,CST_COST_ELEMENTS,COST_ELEMENT,COMREF,AAI
LOOKUP_VALUES,EBS,ALL,,GL_DAILY_CONVERSION_TYPES,DESCRIPTION,COMREF,AAI
LOOKUP_VALUES,EBS,ALL,,ORG_FREIGHT_TL,ORGANIZATION_ID,COMREF,AAI
LOOKUP_VALUES,EBS,ALL,PRODUCT,FND_USER,CREATION_DATE,COMREF,AAI
LOOKUP_VALUES,EBS,ALL,Â  ENGINEERING_CHANGE_ORDER_TRANSLATION,ENG_CHANGE_ORDER_TYPES_TL,CREATION_DATE,COMREF,AAI
LOOKUP_VALUES,EBS,ALL,,RA_TERRITORIES,SEGMENT1,COMREF,AAI
LOOKUP_VALUES,EBS,ALL,,RA_TERMS_TL,CREATION_DATE,COMREF,AAI
LOOKUP_VALUES,EBS,ALL,PO_LINE_TYPES_TRANSLATION,PO_LINE_TYPES_TL,SOURCE_LANG,COMREF,AAI
LOOKUP_VALUES,EBS,ALL,TERRITORY_TRANSLATION,FND_TERRITORIES_TL,SOURCE_LANG,COMREF,AAI
LOOKUP_VALUES,EBS,ALL,WORK_ORDER_JOB_STATUS,FND_USER,USER_NAME,COMREF,AAI
LOOKUP_VALUES,EBS,ALL,WORK_ORDER_JOB_STATUS,FND_LOOKUP_VALUES,CREATION_DATE,COMREF,AAI
LOOKUP_VALUES,EBS,ALL,FND_LOOKUP,FND_LOOKUP_VALUES,LANGUAGE,COMREF,AAI
LOOKUP_VALUES,EBS,ALL,APPLSYS/FND_LOOKUP,FND_LOOKUP_VALUES,HDISDELETEDRECORD,COMREF,AAI
LOOKUP_VALUES,EBS,ALL,,FND_LOOKUP_VALUES,HDISDELETEDRECORD,COMREF,AAI
LOOKUP_VALUES,EBS,ALL,,GL_DAILY_CONVERSION_TYPES,CONVERSION_TYPE,COMREF,AAI
LOOKUP_VALUES,EBS,ALL,TERRITORY_TRANSLATION,FND_TERRITORIES_TL,LAST_UPDATE_DATE ,COMREF,AAI
LOOKUP_VALUES,EBS,ALL,FND_LOOKUP,FND_LOOKUP_VALUES,DSN,COMREF,AAI
LOOKUP_VALUES,EBS,ALL,RESOURCE_TRANSLATION,JTF_RS_RESOURCE_EXTNS_TL,RESOURCE_ID,COMREF,AAI
LOOKUP_VALUES,EBS,ALL,Â ,FND_USER,USER_NAME,COMREF,AAI
LOOKUP_VALUES,EBS,ALL,PURCHASE_ORDER_DOCUMENT_TYPE,,HDISDELETEDRECORD,COMREF,AAI
LOOKUP_VALUES,EBS,ALL,ENGINE_APPLICATION_CODE,FND_LOOKUP_VALUES,LOOKUP_TYPE,COMREF,AAI
LOOKUP_VALUES,EBS,ALL,FND_LOOKUP,MTL_TRANSACTION_REASONS,REASON_ID,COMREF,AAI
LOOKUP_VALUES,EBS,ALL,Â ,FND_LOOKUP_VALUES,LOOKUP_CODE,COMREF,AAI
LOOKUP_VALUES,EBS,ALL,EBS_LOCATION_TRANSLATION,FND_USER,USER_NAME,COMREF,AAI
LOOKUP_VALUES,EBS,ALL,,RA_TERRITORIES,DESCRIPTION,COMREF,AAI
LOOKUP_VALUES,EBS,ALL,ITEM_TYPE,FND_LOOKUP_VALUES,TAG,COMREF,AAI
LOOKUP_VALUES,EBS,ALL,ORGANIZATION TRANSLATION,HR_ALL_ORGANIZATION_UNITS_TL,SOURCE_LANG,COMREF,AAI
LOOKUP_VALUES,EBS,ALL,PURCHASE_ORDER_DOCUMENT_TYPE,PO_DOCUMENT_TYPES_ALL_TL,DOCUMENT_SUBTYPE,COMREF,AAI
LOOKUP_VALUES,EBS,ALL,,RA_TERRITORIES,STATUS,COMREF,AAI
LOOKUP_VALUES,EBS,ALL,,RA_TERRITORIES,NAME,COMREF,AAI
LOOKUP_VALUES,EBS,ALL,APPLSYS/FND_LOOKUP,Â ,Â ,COMREF,AAI
LOOKUP_VALUES,EBS,ALL,ITEM_TYPE,FND_LOOKUP_VALUES,HDISDELETEDRECORD,COMREF,AAI
LOOKUP_VALUES,EBS,ALL,RESOURCE_TRANSLATION,JTF_RS_RESOURCE_EXTNS_TL,RESOURCE_NAME,COMREF,AAI
LOOKUP_VALUES,EBS,ALL,,RA_TERRITORIES,,COMREF,AAI
LOOKUP_VALUES,EBS,ALL,ENGINE_APPLICATION_CODE,FND_LOOKUP_VALUES,LAST_UPDATE_DATE,COMREF,AAI
LOOKUP_VALUES,EBS,ALL,LOCATION TRANSLATION,HR_LOCATIONS_ALL_TL,SOURCE_LANG,COMREF,AAI
LOOKUP_VALUES,EBS,ALL,COST_TYPES,CST_COST_TYPES,DESCRIPTION,COMREF,AAI
LOOKUP_VALUES,EBS,ALL,EBS_LOCATION,FND_FLEX_VALUES,DSN,COMREF,AAI
LOOKUP_VALUES,EBS,ALL,PO_LINE_TYPES_TRANSLATION,PO_LINE_TYPES_TL,LANGUAGE,COMREF,AAI
LOOKUP_VALUES,EBS,ALL,DESTINATION_TYPE,FND_USER,USER_NAME,COMREF,AAI
LOOKUP_VALUES,EBS,ALL,PAYMENT_TERMS_TRANSLATION,AP_TERMS_TL,DESCRIPTION,COMREF,AAI
LOOKUP_VALUES,EBS,ALL,DESTINATION_TYPE,FND_LOOKUP_VALUES,LAST_UPDATE_DATE,COMREF,AAI
LOOKUP_VALUES,EBS,ALL,,GL_DAILY_CONVERSION_TYPES,DSN,COMREF,AAI
LOOKUP_VALUES,EBS,ALL,PRODUCT_CATEGORY_TRANSLATION,MTL_CATEGORY_SETS_TL,CATEGORY_SET_NAME,COMREF,AAI
LOOKUP_VALUES,EBS,ALL,Â ,FND_LOOKUP_VALUES,SOURCE_LANG,COMREF,AAI
LOOKUP_VALUES,EBS,ALL,Â ,FND_USER,,COMREF,AAI
LOOKUP_VALUES,EBS,ALL,ITEM_CATALOG_GROUP_TRANSLATION,FND_USER,USER_NAME,COMREF,AAI
LOOKUP_VALUES,EBS,ALL,ORGANIZATION TRANSLATION,FND_USER,USER_NAME,COMREF,AAI
LOOKUP_VALUES,EBS,ALL,PRODUCT REVISION,FND_USER,LAST_UPDATE_DATE ,COMREF,AAI
LOOKUP_VALUES,EBS,ALL,EBS_LOCATION,FND_FLEX_VALUES_TL,DESCRIPTION,COMREF,AAI
LOOKUP_VALUES,EBS,ALL,ORGANIZATION TRANSLATION,HR_ALL_ORGANIZATION_UNITS_TL,HDISDELETEDRECORD,COMREF,AAI
LOOKUP_VALUES,EBS,ALL,JAI_TAX_TYPE_LOOKUP,JAI_TAX_TYPE,TAX_POINT_BASIS,COMREF,AAI
LOOKUP_VALUES,EBS,ALL,Â ENGINEERING_CHANGE_TRANSLATION,ENG_CHANGE_STATUSES_TL,CREATION_DATE,COMREF,AAI
LOOKUP_VALUES,EBS,ALL,,FND_LOOKUP_VALUES,END_DATE_ACTIVE,COMREF,AAI
MANUFACTURING_BOM_COMPONENT,EBS,"PRODUCT,MANUFACTURING",BOM,BOM_COMPONENTS_B,CHECK_ATP,COMREF,AAI
MANUFACTURING_BOM_COMPONENT,EBS,"PRODUCT,MANUFACTURING",BOM,BOM_COMPONENTS_B,COMPONENT_ITEM_REVISION_ID,COMREF,AAI
MANUFACTURING_BOM_COMPONENT,EBS,"PRODUCT,MANUFACTURING",SHOP_ORDER,xxinv5861_shop_order_pbom,FIXED_LEAD_TIME,COMREF,AAI
MANUFACTURING_BOM_COMPONENT,EBS,"PRODUCT,MANUFACTURING",SHOP_ORDER,xxinv5861_shop_order_pbom,ENGINE_CAPACITY,COMREF,AAI
MANUFACTURING_BOM_COMPONENT,EBS,"PRODUCT,MANUFACTURING",SHOP_ORDER,xxinv5861_shop_order_pbom,COMMON_ROUTING_DESC,COMREF,AAI
MANUFACTURING_BOM_COMPONENT,EBS,"PRODUCT,MANUFACTURING",SHOP_ORDER,xxinv5861_shop_order_pbom,MODEL_NAME,COMREF,AAI
MANUFACTURING_BOM_COMPONENT,EBS,"PRODUCT,MANUFACTURING",BOM,BOM_COMPONENTS_B,INCLUDE_IN_COST_ROLLUP,COMREF,AAI
MANUFACTURING_BOM_COMPONENT,EBS,"PRODUCT,MANUFACTURING",SHOP_ORDER,xxinv5861_shop_order_pbom,PLANNER_CODE,COMREF,AAI
MANUFACTURING_BOM_COMPONENT,EBS,"PRODUCT,MANUFACTURING",BOM,BOM_COMPONENTS_B,COMPONENT_SEQUENCE_ID,COMREF,AAI
MANUFACTURING_BOM_COMPONENT,EBS,"PRODUCT,MANUFACTURING",BOM,BOM_COMPONENTS_B,DISABLE_DATE,COMREF,AAI
MANUFACTURING_BOM_COMPONENT,EBS,"PRODUCT,MANUFACTURING",BOM,BOM_COMPONENTS_B,COMPONENT_YIELD_FACTOR,COMREF,AAI
MANUFACTURING_BOM_COMPONENT,EBS,"PRODUCT,MANUFACTURING",SHOP_ORDER,xxinv5861_shop_order_pbom,,COMREF,AAI
MANUFACTURING_BOM_COMPONENT,EBS,"PRODUCT,MANUFACTURING",SHOP_ORDER,xxinv5861_shop_order_pbom,ITEM_TYPE_CODE,COMREF,AAI
MANUFACTURING_BOM_COMPONENT,EBS,"PRODUCT,MANUFACTURING",SHOP_ORDER,xxinv5861_shop_order_pbom,ITEM_STATUS,COMREF,AAI
MANUFACTURING_BOM_COMPONENT,EBS,"PRODUCT,MANUFACTURING",SHOP_ORDER,xxinv5861_shop_order_pbom,CONFIGURATION,COMREF,AAI
MANUFACTURING_BOM_COMPONENT,EBS,"PRODUCT,MANUFACTURING",BOM,,,COMREF,AAI
MANUFACTURING_BOM_COMPONENT,EBS,"PRODUCT,MANUFACTURING",SHOP_ORDER,xxinv5861_shop_order_pbom,DSN,COMREF,AAI
MANUFACTURING_BOM_COMPONENT,EBS,"PRODUCT,MANUFACTURING",SHOP_ORDER,xxinv5861_shop_order_pbom,HDISDELETEDRECORD,COMREF,AAI
MANUFACTURING_BOM_COMPONENT,EBS,"PRODUCT,MANUFACTURING",BOM,BOM_COMPONENTS_B,IMPLEMENTATION_DATE,COMREF,AAI
MANUFACTURING_BOM_COMPONENT,EBS,"PRODUCT,MANUFACTURING",BOM,BOM_COMPONENTS_B,AUTO_REQUEST_MATERIAL,COMREF,AAI
MANUFACTURING_BOM_COMPONENT,EBS,"PRODUCT,MANUFACTURING",BOM,BOM_COMPONENTS_B,BILL_SEQUENCE_ID,COMREF,AAI
MANUFACTURING_BOM_COMPONENT,EBS,"PRODUCT,MANUFACTURING",BOM,BOM_COMPONENTS_B,ACD_TYPE,COMREF,AAI
MANUFACTURING_BOM_COMPONENT,EBS,"PRODUCT,MANUFACTURING",BOM,FND_LOOKUP_VALUES,MEANING,COMREF,AAI
MANUFACTURING_BOM_COMPONENT,EBS,"PRODUCT,MANUFACTURING",BOM,BOM_COMPONENTS_B,PK2_VALUE,COMREF,AAI
MANUFACTURING_BOM_COMPONENT,EBS,"PRODUCT,MANUFACTURING",SHOP_ORDER,xxinv5861_shop_order_pbom,MASTER_ORGANIZATION_CODE,COMREF,AAI
MANUFACTURING_BOM_COMPONENT,EBS,"PRODUCT,MANUFACTURING",SHOP_ORDER,xxinv5861_shop_order_pbom,PROCESSING_LEAD_TIME,COMREF,AAI
MANUFACTURING_BOM_COMPONENT,EBS,"PRODUCT,MANUFACTURING",SHOP_ORDER,xxinv5861_shop_order_pbom,CREATION_DATE,COMREF,AAI
MANUFACTURING_BOM_COMPONENT,EBS,"PRODUCT,MANUFACTURING",BOM,BOM_COMPONENTS_B,HDISDELETEDRECORD,COMREF,AAI
MANUFACTURING_BOM_COMPONENT,EBS,"PRODUCT,MANUFACTURING",BOM,BOM_COMPONENTS_B,ITEM_NUM,COMREF,AAI
MANUFACTURING_BOM_COMPONENT,EBS,"PRODUCT,MANUFACTURING",BOM,BOM_COMPONENTS_B,CHANGE_NOTICE,COMREF,AAI
MANUFACTURING_BOM_COMPONENT,EBS,"PRODUCT,MANUFACTURING",SHOP_ORDER,xxinv5861_shop_order_pbom,ATO_FLAG_ORG_LEVEL,COMREF,AAI
MANUFACTURING_BOM_COMPONENT,EBS,"PRODUCT,MANUFACTURING",SHOP_ORDER,xxinv5861_shop_order_pbom,ATO_FLAG_MASTER_ORG_LEVEL,COMREF,AAI
MANUFACTURING_BOM_COMPONENT,EBS,"PRODUCT,MANUFACTURING",SHOP_ORDER,xxinv5861_shop_order_pbom,SALES_TYPE,COMREF,AAI
MANUFACTURING_BOM_COMPONENT,EBS,"PRODUCT,MANUFACTURING",BOM,BOM_COMPONENTS_B,WIP_SUPPLY_TYPE,COMREF,AAI
MANUFACTURING_BOM_COMPONENT,EBS,"PRODUCT,MANUFACTURING",SHOP_ORDER,xxinv5861_shop_order_pbom,SOURCE_PLANT,COMREF,AAI
MANUFACTURING_BOM_COMPONENT,EBS,"PRODUCT,MANUFACTURING",BOM,BOM_COMPONENTS_B,OBJ_NAME,COMREF,AAI
MANUFACTURING_BOM_COMPONENT,EBS,"PRODUCT,MANUFACTURING",SHOP_ORDER,xxinv5861_shop_order_pbom,PBOM_IN_SHOP_ORDER_BOM,COMREF,AAI
MANUFACTURING_BOM_COMPONENT,EBS,"PRODUCT,MANUFACTURING",SHOP_ORDER,,,COMREF,AAI
MANUFACTURING_BOM_COMPONENT,EBS,"PRODUCT,MANUFACTURING",SHOP_ORDER,xxinv5861_shop_order_pbom,ORGANIZATION_ID,COMREF,AAI
MANUFACTURING_BOM_COMPONENT,EBS,"PRODUCT,MANUFACTURING",BOM,BOM_COMPONENTS_B,ENFORCE_INT_REQUIREMENTS,COMREF,AAI
MANUFACTURING_BOM_COMPONENT,EBS,"PRODUCT,MANUFACTURING",SHOP_ORDER,xxinv5861_shop_order_pbom,INVENTORY_ITEM_ID,COMREF,AAI
MANUFACTURING_BOM_COMPONENT,EBS,"PRODUCT,MANUFACTURING",BOM,BOM_COMPONENTS_B,BASIS_TYPE,COMREF,AAI
MANUFACTURING_BOM_COMPONENT,EBS,"PRODUCT,MANUFACTURING",SHOP_ORDER,xxinv5861_shop_order_pbom,BASE_MODEL_PBOM,COMREF,AAI
MANUFACTURING_BOM_COMPONENT,EBS,"PRODUCT,MANUFACTURING",SHOP_ORDER,xxinv5861_shop_order_pbom,COMMON_ROUTING,COMREF,AAI
MANUFACTURING_BOM_COMPONENT,EBS,"PRODUCT,MANUFACTURING",SHOP_ORDER,FND_USER,USER_NAME,COMREF,AAI
MANUFACTURING_BOM_COMPONENT,EBS,"PRODUCT,MANUFACTURING",SHOP_ORDER,xxinv5861_shop_order_pbom,ENGINE_TYPE,COMREF,AAI
MANUFACTURING_BOM_COMPONENT,EBS,"PRODUCT,MANUFACTURING",SHOP_ORDER,xxinv5861_shop_order_pbom,ITEM_DESCRIPTION,COMREF,AAI
MANUFACTURING_BOM_COMPONENT,EBS,"PRODUCT,MANUFACTURING",SHOP_ORDER,xxinv5861_shop_order_pbom,ITEM_TYPE_DESCRIPTION,COMREF,AAI
MANUFACTURING_BOM_COMPONENT,EBS,"PRODUCT,MANUFACTURING",BOM,BOM_COMPONENTS_B,PLANNING_FACTOR,COMREF,AAI
MANUFACTURING_BOM_COMPONENT,EBS,"PRODUCT,MANUFACTURING",BOM,BOM_COMPONENTS_B,EFFECTIVITY_DATE,COMREF,AAI
MANUFACTURING_BOM_COMPONENT,EBS,"PRODUCT,MANUFACTURING",SHOP_ORDER,xxinv5861_shop_order_pbom,MASTER_ORGANIZATION_ID,COMREF,AAI
MANUFACTURING_BOM_COMPONENT,EBS,"PRODUCT,MANUFACTURING",BOM,FND_LOOKUP_VALUES,DESCRIPTION,COMREF,AAI
MANUFACTURING_BOM_COMPONENT,EBS,"PRODUCT,MANUFACTURING",BOM,BOM_COMPONENTS_B,CREATION_DATE,COMREF,AAI
MANUFACTURING_BOM_COMPONENT,EBS,"PRODUCT,MANUFACTURING",BOM,BOM_COMPONENTS_B,COMPONENT_ITEM_ID,COMREF,AAI
MANUFACTURING_BOM_COMPONENT,EBS,"PRODUCT,MANUFACTURING",SHOP_ORDER,xxinv5861_shop_order_pbom,ITEM_NAME,COMREF,AAI
MANUFACTURING_BOM_COMPONENT,EBS,"PRODUCT,MANUFACTURING",SHOP_ORDER,xxinv5861_shop_order_pbom,LAST_UPDATE_DATE,COMREF,AAI
MANUFACTURING_BOM_COMPONENT,EBS,"PRODUCT,MANUFACTURING",BOM,BOM_COMPONENTS_B,REVISED_ITEM_SEQUENCE_ID,COMREF,AAI
MANUFACTURING_BOM_COMPONENT,EBS,"PRODUCT,MANUFACTURING",BOM,BOM_COMPONENTS_B,LAST_UPDATE_DATE,COMREF,AAI
MANUFACTURING_BOM_COMPONENT,EBS,"PRODUCT,MANUFACTURING",SHOP_ORDER,xxinv5861_shop_order_pbom,SHOP_ORDER_DETAIL_CATEGORY,COMREF,AAI
MANUFACTURING_BOM_COMPONENT,EBS,"PRODUCT,MANUFACTURING",SHOP_ORDER,xxinv5861_shop_order_pbom,ASSEMBLY_LINE,COMREF,AAI
MANUFACTURING_BOM_COMPONENT,EBS,"PRODUCT,MANUFACTURING",SHOP_ORDER,xxinv5861_shop_order_pbom,MASTER_ORG_ITEM_STATUS,COMREF,AAI
MANUFACTURING_BOM_COMPONENT,EBS,"PRODUCT,MANUFACTURING",BOM,BOM_COMPONENTS_B,COMPONENT_QUANTITY,COMREF,AAI
MANUFACTURING_BOM_COMPONENT,EBS,"PRODUCT,MANUFACTURING",BOM,FND_USER,USER_NAME,COMREF,AAI
MANUFACTURING_BOM_OPERATIONAL_ROUTING,EBS,MANUFACTURING,BOM,BOM_OPERATIONAL_ROUTING," ",COMREF,PSBU
MANUFACTURING_BOM_OPERATIONAL_ROUTING,EBS,MANUFACTURING,BOM,BOM_OPERATIONAL_ROUTING,ALTERNATE_ROUTING_DESIGNATOR,COMREF,PSBU
MANUFACTURING_BOM_OPERATIONAL_ROUTING,EBS,MANUFACTURING,BOM,BOM_OPERATIONAL_ROUTING,ORGANIZATION_ID,COMREF,PSBU
MANUFACTURING_BOM_OPERATIONAL_ROUTING,EBS,MANUFACTURING,BOM,BOM_OPERATIONAL_ROUTING,ASSEMBLY_ITEM_ID,COMREF,PSBU
MANUFACTURING_BOM_OPERATIONAL_ROUTING,EBS,MANUFACTURING,BOM,BOM_OPERATIONAL_ROUTING,COMPLETION_SUBINVENTORY,COMREF,PSBU
MANUFACTURING_BOM_OPERATIONAL_ROUTING,EBS,MANUFACTURING,BOM,BOM_OPERATIONAL_ROUTING,LAST_UPDATE_DATE,COMREF,PSBU
MANUFACTURING_BOM_OPERATIONAL_ROUTING,EBS,MANUFACTURING,BOM,BOM_OPERATIONAL_ROUTING,ROUTING_SEQUENCE_ID,COMREF,PSBU
MANUFACTURING_BOM_OPERATIONAL_ROUTING,EBS,MANUFACTURING,BOM,BOM_OPERATIONAL_ROUTING,COMMON_ROUTING_SEQUENCE_ID,COMREF,PSBU
MANUFACTURING_BOM_OPERATIONAL_ROUTING,EBS,MANUFACTURING,BOM,FND_USER,USER_NAME,COMREF,PSBU
MANUFACTURING_BOM_OPERATIONAL_ROUTING,EBS,MANUFACTURING,BOM,BOM_OPERATIONAL_ROUTING,ATTRIBUTE ,COMREF,PSBU
MANUFACTURING_BOM_OPERATIONAL_ROUTING,EBS,MANUFACTURING,BOM,BOM_OPERATIONAL_ROUTING,,COMREF,PSBU
MANUFACTURING_BOM_OPERATIONAL_ROUTING,EBS,MANUFACTURING,BOM,BOM_OPERATIONAL_ROUTING,CREATION_DATE,COMREF,PSBU
MANUFACTURING_BOM_OPERATIONAL_ROUTING,EBS,MANUFACTURING,BOM,BOM_OPERATIONAL_ROUTING,MIXED_MODEL_MAP_FLAG,COMREF,PSBU
MANUFACTURING_BOM_OPERATIONAL_ROUTING,EBS,MANUFACTURING,BOM,BOM_OPERATIONAL_ROUTING,CFM_ROUTING_FLAG,COMREF,PSBU
MANUFACTURING_BOM_STRUCTURE,EBS,MANUFACTURING,BOM,BOM_STRUCTURES_B,ALTERNATE_BOM_DESIGNATOR,COMREF,AAI
MANUFACTURING_BOM_STRUCTURE,EBS,MANUFACTURING,BOM,BOM_STRUCTURES_B,BILL_SEQUENCE_ID,COMREF,AAI
MANUFACTURING_BOM_STRUCTURE,EBS,MANUFACTURING,BOM,FND_LOOKUP_VALUES,MEANING,COMREF,AAI
MANUFACTURING_BOM_STRUCTURE,EBS,MANUFACTURING,BOM,BOM_STRUCTURES_B,ASSEMBLY_ITEM_ID,COMREF,AAI
MANUFACTURING_BOM_STRUCTURE,EBS,MANUFACTURING,BOM,,,COMREF,AAI
MANUFACTURING_BOM_STRUCTURE,EBS,MANUFACTURING,BOM,," ",COMREF,AAI
MANUFACTURING_BOM_STRUCTURE,EBS,MANUFACTURING,BOM,BOM_STRUCTURES_B,IMPLEMENTATION_DATE,COMREF,AAI
MANUFACTURING_BOM_STRUCTURE,EBS,MANUFACTURING,BOM,BOM_STRUCTURES_B,LAST_UPDATE_DATE,COMREF,AAI
MANUFACTURING_BOM_STRUCTURE,EBS,MANUFACTURING,BOM,BOM_STRUCTURES_B,EFFECTIVITY_CONTROL,COMREF,AAI
MANUFACTURING_BOM_STRUCTURE,EBS,MANUFACTURING,BOM,BOM_STRUCTURES_B,OBJ_NAME,COMREF,AAI
MANUFACTURING_BOM_STRUCTURE,EBS,MANUFACTURING,BOM,BOM_STRUCTURES_B,HDISDELETEDRECORD,COMREF,AAI
MANUFACTURING_BOM_STRUCTURE,EBS,MANUFACTURING,BOM,BOM_STRUCTURES_B,PENDING_FROM_ECN,COMREF,AAI
MANUFACTURING_BOM_STRUCTURE,EBS,MANUFACTURING,BOM,FND_USER,USER_NAME,COMREF,AAI
MANUFACTURING_BOM_STRUCTURE,EBS,MANUFACTURING,BOM,BOM_STRUCTURES_B,ORGANIZATION_ID,COMREF,AAI
MANUFACTURING_BOM_STRUCTURE,EBS,MANUFACTURING,BOM,BOM_STRUCTURES_B,CREATION_DATE,COMREF,AAI
MANUFACTURING_BOM_STRUCTURE,EBS,MANUFACTURING,BOM,BOM_STRUCTURES_B,STRUCTURE_TYPE_ID,COMREF,AAI
ORGANIZATION,EBS,LOCATION,Organization,ORG_ORGANIZATION_DEFINITIONS,CHART_OF_ACCOUNTS_ID,COMREF,AAI
ORGANIZATION,EBS,LOCATION,Organization,MTL_PARAMETERS,PRIMARY_COST_METHOD,COMREF,AAI
ORGANIZATION,EBS,LOCATION,Organization,HR_ALL_ORGANIZATION_UNITS,NAME,COMREF,AAI
ORGANIZATION,EBS,LOCATION,Organization,ORG_ORGANIZATION_DEFINITIONS,LEGAL_ENTITY,COMREF,AAI
ORGANIZATION,EBS,LOCATION,Organization,HR_ALL_ORGANIZATION_UNITS,HDISDELETEDRECORD,COMREF,AAI
ORGANIZATION,EBS,LOCATION,Organization,HR_ALL_ORGANIZATION_UNITS,ORGANIZATION_ID,COMREF,AAI
ORGANIZATION,EBS,LOCATION,Organization,HR_ALL_ORGANIZATION_UNITS,DATE_TO,COMREF,AAI
ORGANIZATION,EBS,LOCATION,Organization,ORG_ORGANIZATION_DEFINITIONS,OPERATING_UNIT,COMREF,AAI
ORGANIZATION,EBS,LOCATION,Organization,HR_ALL_ORGANIZATION_UNITS,ATTRIBUTE5,COMREF,AAI
ORGANIZATION,EBS,LOCATION,Organization,HR_ALL_ORGANIZATION_UNITS,INTERNAL_EXTERNAL_FLAG,COMREF,AAI
ORGANIZATION,EBS,LOCATION,Organization,ORG_ORGANIZATION_DEFINITIONS,USER_DEFINITION_ENABLE_DATE,COMREF,AAI
ORGANIZATION,EBS,LOCATION,Organization,FND_USER,USER_NAME,COMREF,AAI
ORGANIZATION,EBS,LOCATION,Organization,HR_ALL_ORGANIZATION_UNITS,LAST_UPDATE_DATE,COMREF,AAI
ORGANIZATION,EBS,LOCATION,Organization,HR_ALL_ORGANIZATION_UNITS,CREATION_DATE,COMREF,AAI
ORGANIZATION,EBS,LOCATION,Organization,MTL_PARAMETERS,CALENDAR_CODE,COMREF,AAI
ORGANIZATION,EBS,LOCATION,Organization,MTL_PARAMETERS,EAM_ENABLED_FLAG,COMREF,AAI
ORGANIZATION,EBS,LOCATION,Organization,HR_ALL_ORGANIZATION_UNITS,ATTRIBUTE6,COMREF,AAI
ORGANIZATION,EBS,LOCATION,Organization,HR_ALL_ORGANIZATION_UNITS,DSN,COMREF,AAI
ORGANIZATION,EBS,LOCATION,Organization,HR_ALL_ORGANIZATION_UNITS,DATE_FROM,COMREF,AAI
ORGANIZATION,EBS,LOCATION,Organization,,,COMREF,AAI
ORGANIZATION,EBS,LOCATION,Organization,HR_ALL_ORGANIZATION_UNITS,ATTRIBUTE8,COMREF,AAI
ORGANIZATION,EBS,LOCATION,Organization,MTL_PARAMETERS,COST_ORGANIZATION_ID,COMREF,AAI
ORGANIZATION,EBS,LOCATION,Organization,ORG_ORGANIZATION_DEFINITIONS,BUSINESS_GROUP_ID,COMREF,AAI
ORGANIZATION,EBS,LOCATION,Organization,ORG_ORGANIZATION_DEFINITIONS,ORGANIZATION_CODE,COMREF,AAI
ORGANIZATION,EBS,LOCATION,Organization,GL_LEDGERS,CURRENCY_CODE,COMREF,AAI
ORGANIZATION,EBS,LOCATION,Organization,MTL_PARAMETERS,MASTER_ORGANIZATION_ID,COMREF,AAI
ORGANIZATION,EBS,LOCATION,Organization,ORG_ORGANIZATION_DEFINITIONS,INVENTORY_ENABLED_FLAG,COMREF,AAI
ORGANIZATION,EBS,LOCATION,Organization,HR_ALL_ORGANIZATION_UNITS,TYPE,COMREF,AAI
ORGANIZATION,EBS,LOCATION,Organization,ORG_ORGANIZATION_DEFINITIONS,SET_OF_BOOKS_ID,COMREF,AAI
ORGANIZATION_LOCATION,EBS,LOCATION," "," "," ",COMREF,AAI
ORGANIZATION_LOCATION,EBS,LOCATION," ",HR_ORGANIZATION_UNITS,CREATION_DATE,COMREF,AAI
ORGANIZATION_LOCATION,EBS,LOCATION," ",HR_ORGANIZATION_UNITS,"ORGANIZATION_ID, LOCATION_ID",COMREF,AAI
ORGANIZATION_LOCATION,EBS,LOCATION," ",FND_USER,USER_NAME,COMREF,AAI
ORGANIZATION_LOCATION,EBS,LOCATION," ",HR_ORGANIZATION_UNITS,INTERNAL_EXTERNAL_FLAG,COMREF,AAI
ORGANIZATION_LOCATION,EBS,LOCATION," ",HR_ORGANIZATION_UNITS,ORGANIZATION_ID,COMREF,AAI
ORGANIZATION_LOCATION,EBS,LOCATION," ",HR_ORGANIZATION_UNITS,DATE_TO,COMREF,AAI
ORGANIZATION_LOCATION,EBS,LOCATION," ",HR_ORGANIZATION_UNITS,LAST_UPDATE_DATE,COMREF,AAI
ORGANIZATION_LOCATION,EBS,LOCATION," ",HR_ORGANIZATION_UNITS,DATE_FROM,COMREF,AAI
ORGANIZATION_LOCATION,EBS,LOCATION,,HR_ORGANIZATION_UNITS,HDISDELETEDRECORD ,COMREF,AAI
ORGANIZATION_LOCATION,EBS,LOCATION,,HR_ORGANIZATION_UNITS,NAME,COMREF,AAI
ORGANIZATION_LOCATION,EBS,LOCATION," ",ORG_ORGANIZATION_DEFINITIONS,ORGANIZATION_CODE,COMREF,AAI
ORGANIZATION_LOCATION,EBS,LOCATION,,HR_ORGANIZATION_UNITS,LOCATION_ID,COMREF,AAI
ORGANIZATION_LOCATION,EBS,LOCATION," ",HR_ORGANIZATION_UNITS,LOCATION_ID,COMREF,AAI
ORGANIZATION_LOCATION,EBS,LOCATION," ",HR_LOCATIONS,LOCATION_CODE,COMREF,AAI
ORGANIZATION_STRUCTURE,EBS,ALL,HR,PER_ORGANIZATION_STRUCTURES,BUSINESS_GROUP_ID,COMREF,AAI
ORGANIZATION_STRUCTURE,EBS,ALL,HR,PER_ORGANIZATION_STRUCTURES,CREATION_DATE,COMREF,AAI
ORGANIZATION_STRUCTURE,EBS,ALL,HR,FND_USER,UPDATED_BY,COMREF,AAI
ORGANIZATION_STRUCTURE,EBS,ALL,HR,FND_USER,CREATED_BY,COMREF,AAI
ORGANIZATION_STRUCTURE,EBS,ALL,HR,PER_ORGANIZATION_STRUCTURES,COMMENTS,COMREF,AAI
ORGANIZATION_STRUCTURE,EBS,ALL,HR,PER_ORGANIZATION_STRUCTURES,,COMREF,AAI
ORGANIZATION_STRUCTURE,EBS,ALL,HR,PER_ORGANIZATION_STRUCTURES,NAME,COMREF,AAI
ORGANIZATION_STRUCTURE,EBS,ALL,HR,PER_ORGANIZATION_STRUCTURES,DSN,COMREF,AAI
ORGANIZATION_STRUCTURE,EBS,ALL,HR,PER_ORGANIZATION_STRUCTURES,LAST_UPDATE_DATE,COMREF,AAI
PARTY,EBS,ALL,CUSTOMER,HZ_PARTIES,PARTY_NUMBER,COMREF,AAI
PARTY,EBS,ALL,ORGANIZATION,HR_ALL_ORGANIZATION_UNITS,LAST_UPDATE_DATE,COMREF,AAI
PARTY,EBS,ALL,CUSTOMER,HZ_PARTIES,STATUS,COMREF,AAI
PARTY,EBS,ALL,CUSTOMER,FND_USER,USER_NAME,COMREF,AAI
PARTY,EBS,ALL,CUSTOMER,HZ_PARTIES,LAST_UPDATE_DATE,COMREF,AAI
PARTY,EBS,ALL,ORGANIZATION,HR_ALL_ORGANIZATION_UNITS,CREATION_DATE,COMREF,AAI
PARTY,EBS,ALL,CUSTOMER,HZ_PARTIES,PARTY_TYPE,COMREF,AAI
PARTY,EBS,ALL,ORGANIZATION,,,COMREF,AAI
PARTY,EBS,ALL,ORGANIZATION,HR_ALL_ORGANIZATION_UNITS,ORGANIZATION_ID,COMREF,AAI
PARTY,EBS,ALL,CUSTOMER,HZ_PARTIES,PROVINCE,COMREF,AAI
PARTY,EBS,ALL,CUSTOMER,HZ_PARTIES,HDISDELETEDRECORD,COMREF,AAI
PARTY,EBS,ALL,CUSTOMER,,,COMREF,AAI
PARTY,EBS,ALL,CUSTOMER,HZ_PARTIES,PARTY_NAME,COMREF,AAI
PARTY,EBS,ALL,CUSTOMER,HZ_PARTIES,ADDRESS3,COMREF,AAI
PARTY,EBS,ALL,CUSTOMER,HZ_PARTIES,STATE,COMREF,AAI
PARTY,EBS,ALL,CUSTOMER,HZ_PARTIES,ADDRESS4,COMREF,AAI
PARTY,EBS,ALL,CUSTOMER,HZ_PARTIES,PARTY_ID,COMREF,AAI
PARTY,EBS,ALL,CUSTOMER,HZ_PARTIES,CITY,COMREF,AAI
PARTY,EBS,ALL,CUSTOMER,HZ_PARTIES,ADDRESS1,COMREF,AAI
PARTY,EBS,ALL,CUSTOMER,HZ_PARTIES,COUNTRY,COMREF,AAI
PARTY,EBS,ALL,CUSTOMER,HZ_PARTIES,CREATION_DATE,COMREF,AAI
PARTY,EBS,ALL,ORGANIZATION,HR_ALL_ORGANIZATION_UNITS,HDISDELETEDRECORD,COMREF,AAI
PARTY,EBS,ALL,ORGANIZATION,HR_ALL_ORGANIZATION_UNITS,NAME,COMREF,AAI
PARTY,EBS,ALL,CUSTOMER,HZ_PARTIES,DSN,COMREF,AAI
PARTY,EBS,ALL,CUSTOMER,HZ_PARTIES,ADDRESS2,COMREF,AAI
PARTY,EBS,ALL,ORGANIZATION,FND_USER,USER_NAME,COMREF,AAI
PARTY,EBS,ALL,CUSTOMER,HZ_PARTIES,POSTAL_CODE,COMREF,AAI
PARTY,EBS,ALL,CUSTOMER,HZ_PARTIES,COUNTY,COMREF,AAI
PARTY,EBS,ALL,CUSTOMER,FND_LOOKUP_VALUES,DESCRIPTION,COMREF,AAI
PARTY_SITE,EBS,ALL,Party,HZ_PARTY_SITES,CREATION_DATE,COMREF,IRA
PARTY_SITE,EBS,ALL,Party,HZ_PARTY_SITES,HDISDELETEDRECORD ,COMREF,IRA
PARTY_SITE,EBS,ALL,Party,HZ_PARTY_SITES,PARTY_ID,COMREF,IRA
PARTY_SITE,EBS,ALL,Party,HZ_PARTY_SITES,PARTY_SITE_NUMBER,COMREF,IRA
PARTY_SITE,EBS,ALL,Party,HZ_PARTY_SITES,STATUS,COMREF,IRA
PARTY_SITE,EBS,ALL,Party,FND_USER ,USER_NAME,COMREF,IRA
PARTY_SITE,EBS,ALL,Party,HZ_PARTY_SITES,LAST_UPDATE_DATE,COMREF,IRA
PARTY_SITE,EBS,ALL,Party,HZ_PARTY_SITES,DSN,COMREF,IRA
PARTY_SITE,EBS,ALL,Party,,,COMREF,IRA
PARTY_SITE,EBS,ALL,Party,HZ_PARTY_SITES,PARTY_SITE_NAME,COMREF,IRA
PARTY_SITE,EBS,ALL,Party,HZ_PARTY_SITES,PARTY_SITE_ID,COMREF,IRA
PAYMENT_TERM,EBS,FINANCE," ",RA_TERMS_B,CREATED_DATE,COMREF,SCBI
PAYMENT_TERM,EBS,FINANCE," ",RA_TERMS_TL,DESCRIPTION,COMREF,SCBI
PAYMENT_TERM,EBS,FINANCE," ",RA_TERMS_B,HDISDELETEDRECORD,COMREF,SCBI
PAYMENT_TERM,EBS,FINANCE," ",FND_USER,USER_NAME,COMREF,SCBI
PAYMENT_TERM,EBS,FINANCE," ",RA_TERMS_B,TERM_ID,COMREF,SCBI
PAYMENT_TERM,EBS,FINANCE," ",RA_TERMS_B,UPDATED_DATE,COMREF,SCBI
PAYMENT_TERM,EBS,FINANCE," ",RA_TERMS_B," ",COMREF,SCBI
PLAN,EBS,,,MRP_PLANS,CURR_SCHEDULE_DESIGNATOR,COMREF,AAI
PLAN,EBS,,,MRP_PLANS,CREATION_DATE,COMREF,AAI
PLAN,EBS,,,MRP_PLANS,CUTOFF_DATE,COMREF,AAI
PLAN,EBS,,,MRP_PLANS,CURR_PLAN_TYPE,COMREF,AAI
PLAN,EBS,,,MRP_PLANS,DESCRIPTION,COMREF,AAI
PLAN,EBS,,,MRP_PLANS,SCHEDULE_DESIGNATOR,COMREF,AAI
PLAN,EBS,,,MRP_PLANS,SCHEDULE_TYPE,COMREF,AAI
PLAN,EBS,,,MRP_PLANS,COMPILE_DESIGNATOR,COMREF,AAI
PLAN,EBS,,,MRP_PLANS,HDISDELETEDRECORD,COMREF,AAI
PLAN,EBS,,,MRP_PLANS,CURR_CUTOFF_DATE,COMREF,AAI
PLAN,EBS,,,MRP_PLANS,PLAN_TYPE,COMREF,AAI
PLAN,EBS,,,MRP_PLANS,ORGANIZATION_ID,COMREF,AAI
PLAN,EBS,,,MRP_PLANS,"ORGANIZATION_ID,COMPILE_DESIGNATOR",COMREF,AAI
PLAN,EBS,,,,,COMREF,AAI
PLAN,EBS,,,MRP_PLANS,PLAN_COMPLETION_DATE,COMREF,AAI
PLAN,EBS,,,MRP_PLANS,PLAN_START_DATE,COMREF,AAI
PLAN,EBS,,,MRP_PLANS,,COMREF,AAI
PLAN,EBS,,,FND_USER,USER_NAME,COMREF,AAI
PLAN,EBS,,,MRP_PLANS,CURR_SCHEDULE_TYPE,COMREF,AAI
PLAN,EBS,,,MRP_PLANS,LAST_UPDATE_DATE,COMREF,AAI
PLANNER,EBS,,,MTL_PLANNERS,LAST_UPDATE_DATE,COMREF,AAI
PLANNER,EBS,,,MTL_ITEM_CATEGORIES_V,CATEGORY_ID,COMREF,AAI
PLANNER,EBS,,,MTL_ITEM_CATEGORIES_V,,COMREF,AAI
PLANNER,EBS,,,MTL_CATEGORIES_V,DESCRIPTION,COMREF,AAI
PLANNER,EBS,,,MTL_ITEM_CATEGORIES_V,INVENTORY_ITEM_ID,COMREF,AAI
PLANNER,EBS,,,MTL_PLANNERS,CREATION_DATE,COMREF,AAI
PLANNER,EBS,,,FND_USER,USER_NAME,COMREF,AAI
PLANNER,EBS,,,MTL_PLANNERS,ORGANIZATION_ID,COMREF,AAI
PLANNER,EBS,,,MTL_PLANNERS,"PLANNER_CODE, ORGANIZATION_ID",COMREF,AAI
PLANNER,EBS,,,MTL_ITEM_CATEGORIES_V,ORGANIZATION_ID,COMREF,AAI
PLANNER,EBS,,,MTL_PLANNERS,DESCRIPTION,COMREF,AAI
PLANNER,EBS,,,MTL_PLANNERS,EMPLOYEE_ID,COMREF,AAI
PLANNER,EBS,,,MTL_ITEM_CATEGORIES_V,CREATION_DATE,COMREF,AAI
PLANNER,EBS,,,MTL_PLANNERS,PLANNER_CODE,COMREF,AAI
PLANNER,EBS,,,,,COMREF,AAI
PLANNER,EBS,,,MTL_ITEM_CATEGORIES_V,SEGMENT1,COMREF,AAI
PLANNER,EBS,,,MTL_ITEM_CATEGORIES_V,DSN,COMREF,AAI
PLANNER,EBS,,,MTL_ITEM_CATEGORIES_V,LAST_UPDATE_DATE,COMREF,AAI
PLANNER,EBS,,,MTL_ITEM_CATEGORIES_V,HDISDELETEDRECORD,COMREF,AAI
PLANNER,EBS,,,MTL_PLANNERS,HDISDELETEDRECORD,COMREF,AAI
PLAN_LOCATION,EBS,,,MRP_PLAN_ORGANIZATIONS ,NET_PURCHASING,COMREF,AAI
PLAN_LOCATION,EBS,,,MRP_PLAN_ORGANIZATIONS ,,COMREF,AAI
PLAN_LOCATION,EBS,,,MRP_PLAN_ORGANIZATIONS ,CREATION_DATE,COMREF,AAI
PLAN_LOCATION,EBS,,,MRP_PLAN_ORGANIZATIONS ,COMPILE_DESIGNATOR,COMREF,AAI
PLAN_LOCATION,EBS,,,MRP_PLAN_ORGANIZATIONS ,BILL_OF_RESOURCES,COMREF,AAI
PLAN_LOCATION,EBS,,,FND_USER,USER_NAME,COMREF,AAI
PLAN_LOCATION,EBS,,,MRP_PLAN_ORGANIZATIONS ,PLANNED_ORGANIZATION,COMREF,AAI
PLAN_LOCATION,EBS,,,MRP_PLAN_ORGANIZATIONS ,NET_WIP,COMREF,AAI
PLAN_LOCATION,EBS,,,MRP_PLAN_ORGANIZATIONS ,LAST_UPDATE_DATE,COMREF,AAI
PLAN_LOCATION,EBS,,,MRP_PLAN_ORGANIZATIONS ,HDISDELETEDRECORD,COMREF,AAI
PLAN_LOCATION,EBS,,,MRP_PLAN_ORGANIZATIONS ,BILLS_OF_RESOURCES,COMREF,AAI
PLAN_LOCATION,EBS,,,MRP_PLAN_ORGANIZATIONS ,PLAN_SAFETY_STOCK,COMREF,AAI
PLAN_LOCATION,EBS,,,MRP_PLAN_ORGANIZATIONS ,NET_RESERVATIONS,COMREF,AAI
PLAN_LOCATION,EBS,,,MRP_PLAN_ORGANIZATIONS ,ORGANIZATION_ID,COMREF,AAI
PLAN_LOCATION,EBS,,,,,COMREF,AAI
PLAN_LOCATION,EBS,,,MRP_PLAN_ORGANIZATIONS ,PLAN_LEVEL,COMREF,AAI
PLAN_LOCATION,EBS,,,MRP_PLAN_ORGANIZATIONS ,SIMULATION_SET,COMREF,AAI
PRODUCT,EBS,PRODUCT,Product,MTL_SYSTEM_ITEMS_B,INVENTORY_ITEM_STATUS_CODE,COMREF,AAI
PRODUCT,EBS,PRODUCT,Product,MTL_SYSTEM_ITEMS_B,HDISDELETEDRECORD,COMREF,AAI
PRODUCT,EBS,PRODUCT,Product,MTL_SYSTEM_ITEMS_B,ORGANIZATION_ID,COMREF,AAI
PRODUCT,EBS,PRODUCT,Product,MTL_SYSTEM_ITEMS_B,MAXIMUM_ORDER_QUANTITY,COMREF,AAI
PRODUCT,EBS,PRODUCT,Product,MTL_SYSTEM_ITEMS_B,CUMULATIVE_TOTAL_LEAD_TIME,COMREF,AAI
PRODUCT,EBS,PRODUCT,Product,"MTL_SYSTEM_ITEMS_B,MTL_ITEM_CATEGORIES_V",MICV.SEGMENT3,COMREF,AAI
PRODUCT,EBS,PRODUCT,Product,MTL_ITEM_CATEGORIES_V,SEGMENT1,COMREF,AAI
PRODUCT,EBS,PRODUCT,Product,MTL_ITEM_CATEGORIES_V,CATEGORY_SET_NAME,COMREF,AAI
PRODUCT,EBS,PRODUCT,Product,MTL_SYSTEM_ITEMS_B,WEIGHT_UOM_CODE,COMREF,AAI
PRODUCT,EBS,PRODUCT,Product,MTL_SYSTEM_ITEMS_B,ATTRIBUTE7,COMREF,AAI
PRODUCT,EBS,PRODUCT,Product,MTL_SYSTEM_ITEMS_B,DSN ,COMREF,AAI
PRODUCT,EBS,PRODUCT,Product,MTL_SYSTEM_ITEMS_B,SEGMENT1,COMREF,AAI
PRODUCT,EBS,PRODUCT,Product,MTL_CATEGORIES_V,SEGMENT1,COMREF,AAI
PRODUCT,EBS,PRODUCT,Product,MTL_SYSTEM_ITEMS_B,INVENTORY_ITEM_ID,COMREF,AAI
PRODUCT,EBS,PRODUCT,Product,MTL_SYSTEM_ITEMS_B,UNIT_HEIGHT,COMREF,AAI
PRODUCT,EBS,PRODUCT,Product,MTL_SYSTEM_ITEMS_B,BOM_ENABLED_FLAG,COMREF,AAI
PRODUCT,EBS,PRODUCT,Product,"MTL_SYSTEM_ITEMS_B,MTL_ITEM_CATEGORIES_V","MSIB.REPLENISH_TO_ORDER_FLAG,MICV.SEGMENT10",COMREF,AAI
PRODUCT,EBS,PRODUCT,Product,MTL_SYSTEM_ITEMS_B,"ATTRIBUTE11,ATTRIBUTE13",COMREF,AAI
PRODUCT,EBS,PRODUCT,Product,"MTL_SYSTEM_ITEMS_B,MTL_ITEM_CATEGORIES_V",MICV.SEGMENT2,COMREF,AAI
PRODUCT,EBS,PRODUCT,Product,MTL_SYSTEM_ITEMS_B,ATTRIBUTE2,COMREF,AAI
PRODUCT,EBS,PRODUCT,Product,MTL_ITEM_CATEGORIES_V,MICV1.SEGMENT2,COMREF,AAI
PRODUCT,EBS,PRODUCT,Product,MTL_SYSTEM_ITEMS_B,START_DATE_ACTIVE ,COMREF,AAI
PRODUCT,EBS,PRODUCT,Product,"MTL_SYSTEM_ITEMS_B,MTL_ITEM_CATEGORIES_V","MICV1.SEGMENT7,",COMREF,AAI
PRODUCT,EBS,PRODUCT,Product,,,COMREF,AAI
PRODUCT,EBS,PRODUCT,Product,MTL_SYSTEM_ITEMS_B,DEFAULT_SO_SOURCE_TYPE,COMREF,AAI
PRODUCT,EBS,PRODUCT,Product,MTL_SYSTEM_ITEMS_B,,COMREF,AAI
PRODUCT,EBS,PRODUCT,Product,MTL_SYSTEM_ITEMS_B,PLANNER_CODE,COMREF,AAI
PRODUCT,EBS,PRODUCT,Product,MTL_SYSTEM_ITEMS_B,"ATTRIBUTE9 , Attribute7(HML)",COMREF,AAI
PRODUCT,EBS,PRODUCT,Product,MTL_ITEM_CATEGORIES_V,MICV1.SEGMENT6,COMREF,AAI
PRODUCT,EBS,PRODUCT,Product,MTL_SYSTEM_ITEMS_B,LIST_PRICE_PER_UNIT,COMREF,AAI
PRODUCT,EBS,PRODUCT,Product,MTL_SYSTEM_ITEMS_B,UNIT_WEIGHT,COMREF,AAI
PRODUCT,EBS,PRODUCT,Product,MTL_SYSTEM_ITEMS_B,ATTRIBUTE8,COMREF,AAI
PRODUCT,EBS,PRODUCT,Product,MTL_SYSTEM_ITEMS_B,ATTRIBUTE14,COMREF,AAI
PRODUCT,EBS,PRODUCT,Product,MTL_ITEM_CATEGORIES_V,SEGMENT2,COMREF,AAI
PRODUCT,EBS,PRODUCT,Product,MTL_SYSTEM_ITEMS_B,ATTRIBUTE12,COMREF,AAI
PRODUCT,EBS,PRODUCT,Product,MTL_SYSTEM_ITEMS_B,MINIMUM_ORDER_QUANTITY,COMREF,AAI
PRODUCT,EBS,PRODUCT,Product,MTL_SYSTEM_ITEMS_B,ATTRIBUTE1,COMREF,AAI
PRODUCT,EBS,PRODUCT,Product,MTL_SYSTEM_ITEMS_B,CUSTOMER_ORDER_ENABLED_FLAG,COMREF,AAI
PRODUCT,EBS,PRODUCT,Product,MTL_SYSTEM_ITEMS_B,"ATTRIBUTE13,ATTRIBUTE11",COMREF,AAI
PRODUCT,EBS,PRODUCT,Product,MTL_SYSTEM_ITEMS_B,ATTRIBUTE2.ATTRIBUTE6,COMREF,AAI
PRODUCT,EBS,PRODUCT,Product,MTL_SYSTEM_ITEMS_B,CREATION_DATE,COMREF,AAI
PRODUCT,EBS,PRODUCT,Product,MTL_SYSTEM_ITEMS_B,LAST_UPDATE_DATE,COMREF,AAI
PRODUCT,EBS,PRODUCT,Product,"MTL_SYSTEM_ITEMS_B,MTL_ITEM_CATEGORIES_V",MICV.SEGMENT6,COMREF,AAI
PRODUCT,EBS,PRODUCT,Product,MTL_SYSTEM_ITEMS_B,HAZARDOUS_MATERIAL_FLAG,COMREF,AAI
PRODUCT,EBS,PRODUCT,Product,"MTL_SYSTEM_ITEMS_B,MTL_ITEM_CATEGORIES_V","MICV1.SEGMENT5,MICV4.SEGMENT1",COMREF,AAI
PRODUCT,EBS,PRODUCT,Product,MTL_SYSTEM_ITEMS_B,ITEM_CATALOG_GROUP_ID,COMREF,AAI
PRODUCT,EBS,PRODUCT,Product,MTL_ITEM_CATEGORIES_V,SEGMENT12,COMREF,AAI
PRODUCT,EBS,PRODUCT,Product,MTL_SYSTEM_ITEMS_B,ITEM_TYPE,COMREF,AAI
PRODUCT,EBS,PRODUCT,Product,MTL_ITEM_CATEGORIES_V,MICV1.SEGMENT8,COMREF,AAI
PRODUCT,EBS,PRODUCT,Product,MTL_SYSTEM_ITEMS_B,HAZARD_CLASS_ID,COMREF,AAI
PRODUCT,EBS,PRODUCT,Product,MTL_SYSTEM_ITEMS_B,PRIMARY_UOM_CODE,COMREF,AAI
PRODUCT,EBS,PRODUCT,Product,MTL_SYSTEM_ITEMS_B,UNIT_WIDTH,COMREF,AAI
PRODUCT,EBS,PRODUCT,Product,MTL_SYSTEM_ITEMS_B,UNIT_LENGTH,COMREF,AAI
PRODUCT,EBS,PRODUCT,Product,MTL_SYSTEM_ITEMS_B,PLANNING_MAKE_BUY_CODE,COMREF,AAI
PRODUCT,EBS,PRODUCT,Product,MTL_SYSTEM_ITEMS_B,CRITICAL_COMPONENT_FLAG,COMREF,AAI
PRODUCT,EBS,PRODUCT,Product,MTL_SYSTEM_ITEMS_B,DIMENSION_UOM_CODE,COMREF,AAI
PRODUCT,EBS,PRODUCT,Product,"XXINV4904_ITEM_XREF_CUSTOM, MTL_SYSTEM_ITEMS_B ",,COMREF,AAI
PRODUCT,EBS,PRODUCT,Product,MTL_SYSTEM_ITEMS_B,DESCRIPTION ,COMREF,AAI
PRODUCT,EBS,PRODUCT,Product,MTL_SYSTEM_ITEMS_B,COSTING_ENABLED_FLAG,COMREF,AAI
PRODUCT,EBS,PRODUCT,Product,FND_USER,USER_NAME,COMREF,AAI
PRODUCT,EBS,PRODUCT,Product,MTL_SYSTEM_ITEMS_B,DEFAULT_INCLUDE_IN_ROLLUP_FLAG,COMREF,AAI
PRODUCT_ABC_CLASS,EBS,PRODUCT,Product,MTL_ABC_CLASSES,ABC_CLASS_ID ,COMREF,AAI
PRODUCT_ABC_CLASS,EBS,PRODUCT,Product,FND_USER,USER_NAME,COMREF,AAI
PRODUCT_ABC_CLASS,EBS,PRODUCT,Product,MTL_ABC_CLASSES,CREATION_DATE,COMREF,AAI
PRODUCT_ABC_CLASS,EBS,PRODUCT,Product,MTL_ABC_CLASSES,HDISDELETEDRECORD,COMREF,AAI
PRODUCT_ABC_CLASS,EBS,PRODUCT,Product,MTL_ABC_CLASSES,DESCRIPTION,COMREF,AAI
PRODUCT_ABC_CLASS,EBS,PRODUCT,Product,MTL_ABC_CLASSES,,COMREF,AAI
PRODUCT_ABC_CLASS,EBS,PRODUCT,Product,MTL_ABC_CLASSES,ORGANIZATION_ID,COMREF,AAI
PRODUCT_ABC_CLASS,EBS,PRODUCT,Product,MTL_ABC_CLASSES,DISABLE_DATE,COMREF,AAI
PRODUCT_ABC_CLASS,EBS,PRODUCT,Product,MTL_ABC_CLASSES,DSN,COMREF,AAI
PRODUCT_ABC_CLASS,EBS,PRODUCT,Product,MTL_ABC_CLASSES,ABC_CLASS_NAME,COMREF,AAI
PRODUCT_ABC_CLASS,EBS,PRODUCT,Product,MTL_ABC_CLASSES,LAST_UPDATE_DATE,COMREF,AAI
PRODUCT_CATALOG,EBS,PRODUCT,,MTL_ITEM_CATLOG_GROUPS_B,DSN,COMREF,SCBI
PRODUCT_CATALOG,EBS,PRODUCT,,MTL_ITEM_CATLOG_GROUPS_B,LAST_UPDATE_DATE,COMREF,SCBI
PRODUCT_CATALOG,EBS,PRODUCT,,MTL_ITEM_CATLOG_GROUPS_B,ITEM_CREATION_ALLOWED_FLAG,COMREF,SCBI
PRODUCT_CATALOG,EBS,PRODUCT,,,,COMREF,SCBI
PRODUCT_CATALOG,EBS,PRODUCT,,MTL_ITEM_CATLOG_GROUPS_B,ENABLED_FLAG,COMREF,SCBI
PRODUCT_CATALOG,EBS,PRODUCT,,MTL_ITEM_CATLOG_GROUPS_B,SUMMARY_FLAG,COMREF,SCBI
PRODUCT_CATALOG,EBS,PRODUCT,,MTL_ITEM_CATLOG_GROUPS_B,SEGMENT1,COMREF,SCBI
PRODUCT_CATALOG,EBS,PRODUCT,,MTL_ITEM_CATLOG_GROUPS_B,ITEM_CATALOG_GROUP_ID,COMREF,SCBI
PRODUCT_CATALOG,EBS,PRODUCT,,MTL_ITEM_CATLOG_GROUPS_B,END_DATE_ACTIVE,COMREF,SCBI
PRODUCT_CATALOG,EBS,PRODUCT,,FND_USER,USER_NAME,COMREF,SCBI
PRODUCT_CATALOG,EBS,PRODUCT,,MTL_ITEM_CATLOG_GROUPS_B,START_DATE_ACTIVE,COMREF,SCBI
PRODUCT_CATALOG,EBS,PRODUCT,,MTL_ITEM_CATLOG_GROUPS_B,CREATION_DATE,COMREF,SCBI
PRODUCT_CATEGORY,EBS,PRODUCT,,MTL_CATEGORIES_B,START_DATE_ACTIVEï¾ ,COMREF,SCBI
PRODUCT_CATEGORY,EBS,PRODUCT,,MTL_CATEGORIES_B,CATEGORY_ID,COMREF,SCBI
PRODUCT_CATEGORY,EBS,PRODUCT,Â ,MTL_CATEGORIES_B,SEGMENT2,COMREF,SCBI
PRODUCT_CATEGORY,EBS,PRODUCT,,MTL_CATEGORIES_B,CREATION_DATE,COMREF,SCBI
PRODUCT_CATEGORY,EBS,PRODUCT,,,,COMREF,SCBI
PRODUCT_CATEGORY,EBS,PRODUCT,,MTL_CATEGORIES_B,SUMMARY_FLAG,COMREF,SCBI
PRODUCT_CATEGORY,EBS,PRODUCT,,MTL_CATEGORIES_B,SEGMENT3,COMREF,SCBI
PRODUCT_CATEGORY,EBS,PRODUCT,,MTL_ITEM_CATEGORIES_V,SEGMENT4,COMREF,SCBI
PRODUCT_CATEGORY,EBS,PRODUCT,,MTL_CATEGORIES_B,SEGMENT5,COMREF,SCBI
PRODUCT_CATEGORY,EBS,PRODUCT,,MTL_CATEGORIES_B,STRUCTURE_ID,COMREF,SCBI
PRODUCT_CATEGORY,EBS,PRODUCT,,MTL_CATEGORIES_B,HDISDELETEDRECORD,COMREF,SCBI
PRODUCT_CATEGORY,EBS,PRODUCT,,MTL_CATEGORIES_B,END_DATE_ACTIVEï¾ ,COMREF,SCBI
PRODUCT_CATEGORY,EBS,PRODUCT,,MTL_CATEGORIES_B,SEGMENT1,COMREF,SCBI
PRODUCT_CATEGORY,EBS,PRODUCT,,MTL_CATEGORIES_B,DESCRIPTION,COMREF,SCBI
PRODUCT_CATEGORY,EBS,PRODUCT,,FND_USER,USER_NAME,COMREF,SCBI
PRODUCT_CATEGORY,EBS,PRODUCT,,MTL_CATEGORIES_B,LAST_UPDATE_DATE,COMREF,SCBI
PRODUCT_CATEGORY,EBS,PRODUCT,,MTL_CATEGORIES_B,"DSN,CATEGORY_ID",COMREF,SCBI
PRODUCT_CATEGORY,EBS,PRODUCT,,MTL_CATEGORIES_B,ENABLED_FLAG,COMREF,SCBI
PRODUCT_CATEGORY,EBS,PRODUCT,,MTL_CATEGORIES_B,DSN ,COMREF,SCBI
PRODUCT_CATEGORY,EBS,PRODUCT,,MTL_CATEGORIES_B,SEGMENT6,COMREF,SCBI
PRODUCT_CATEGORY_ASSOCIATION,EBS,PRODUCT,,MTL_ITEM_CATEGORIES,CREATION_DATE,COMREF,SCBI
PRODUCT_CATEGORY_ASSOCIATION,EBS,PRODUCT,,MTL_ITEM_CATEGORIES,LAST_UPDATE_DATE,COMREF,SCBI
PRODUCT_CATEGORY_ASSOCIATION,EBS,PRODUCT,,MTL_ITEM_CATEGORIES,HDISDELETEDRECORD,COMREF,SCBI
PRODUCT_CATEGORY_ASSOCIATION,EBS,PRODUCT,,,,COMREF,SCBI
PRODUCT_CATEGORY_ASSOCIATION,EBS,PRODUCT,,MTL_ITEM_CATEGORIES,"DSN,INVENTORY_ITEM_ID,ORGANIZATION_ID,CATEGORY_SET_ID",COMREF,SCBI
PRODUCT_CATEGORY_ASSOCIATION,EBS,PRODUCT,,MTL_ITEM_CATEGORIES,DSN ,COMREF,SCBI
PRODUCT_CATEGORY_ASSOCIATION,EBS,PRODUCT,,MTL_ITEM_CATEGORIES,INVENTORY_ITEM_ID,COMREF,SCBI
PRODUCT_CATEGORY_ASSOCIATION,EBS,PRODUCT,,MTL_ITEM_CATEGORIES,CATEGORY_SET_ID,COMREF,SCBI
PRODUCT_CATEGORY_ASSOCIATION,EBS,PRODUCT,,FND_USER,USER_NAME,COMREF,SCBI
PRODUCT_CATEGORY_ASSOCIATION,EBS,PRODUCT,,MTL_ITEM_CATEGORIES,ORGANIZATION_ID,COMREF,SCBI
PRODUCT_CATEGORY_ASSOCIATION,EBS,PRODUCT,,MTL_ITEM_CATEGORIES,CATEGORY_ID,COMREF,SCBI
PRODUCT_CUSTOMER,EBS,"CUSTOMER, PRODUCT",,MTL_CUSTOMER_ITEMS,ADDRESS_ID,COMREF,PSBU
PRODUCT_CUSTOMER,EBS,"CUSTOMER, PRODUCT",,MTL_CUSTOMER_ITEMS,CREATION_DATE,COMREF,PSBU
PRODUCT_CUSTOMER,EBS,"CUSTOMER, PRODUCT",,MTL_CUSTOMER_ITEMS,HDISDELETEDRECORD,COMREF,PSBU
PRODUCT_CUSTOMER,EBS,"CUSTOMER, PRODUCT",,MTL_CUSTOMER_ITEMS,DSN ,COMREF,PSBU
PRODUCT_CUSTOMER,EBS,"CUSTOMER, PRODUCT",,MTL_CUSTOMER_ITEMS,CUSTOMER_ITEM_NUMBER,COMREF,PSBU
PRODUCT_CUSTOMER,EBS,"CUSTOMER, PRODUCT",,MTL_CUSTOMER_ITEMS,CUSTOMER_ID,COMREF,PSBU
PRODUCT_CUSTOMER,EBS,"CUSTOMER, PRODUCT",,MTL_CUSTOMER_ITEMS,CUSTOMER_ITEM_ID,COMREF,PSBU
PRODUCT_CUSTOMER,EBS,"CUSTOMER, PRODUCT",,MTL_CUSTOMER_ITEMS,INACTIVE_FLAG,COMREF,PSBU
PRODUCT_CUSTOMER,EBS,"CUSTOMER, PRODUCT",,,,COMREF,PSBU
PRODUCT_CUSTOMER,EBS,"CUSTOMER, PRODUCT",,MTL_CUSTOMER_ITEMS,LAST_UPDATE_DATE,COMREF,PSBU
PRODUCT_CUSTOMER,EBS,"CUSTOMER, PRODUCT",,MTL_CUSTOMER_ITEMS,"DSN,CUSTOMER_ITEM_ID",COMREF,PSBU
PRODUCT_CUSTOMER,EBS,"CUSTOMER, PRODUCT",,FND_USER,USER_NAME,COMREF,PSBU
PRODUCT_CUSTOMER_ASSOCIATION,EBS,"CUSTOMER, PRODUCT",,MTL_CUSTOMER_ITEM_XREFS,MASTER_ORGANIZATION_ID,COMREF,PSBU
PRODUCT_CUSTOMER_ASSOCIATION,EBS,"CUSTOMER, PRODUCT",,MTL_CUSTOMER_ITEM_XREFS,PREFERENCE_NUMBER,COMREF,PSBU
PRODUCT_CUSTOMER_ASSOCIATION,EBS,"CUSTOMER, PRODUCT",,MTL_CUSTOMER_ITEM_XREFS,INVENTORY_ITEM_ID,COMREF,PSBU
PRODUCT_CUSTOMER_ASSOCIATION,EBS,"CUSTOMER, PRODUCT",,MTL_CUSTOMER_ITEM_XREFS,ATTRIBUTE_CATEGORY,COMREF,PSBU
PRODUCT_CUSTOMER_ASSOCIATION,EBS,"CUSTOMER, PRODUCT",,MTL_CUSTOMER_ITEM_XREFS,ATTRIBUTE4,COMREF,PSBU
PRODUCT_CUSTOMER_ASSOCIATION,EBS,"CUSTOMER, PRODUCT",,MTL_CUSTOMER_ITEM_XREFS,ATTRIBUTE7,COMREF,PSBU
PRODUCT_CUSTOMER_ASSOCIATION,EBS,"CUSTOMER, PRODUCT",,MTL_CUSTOMER_ITEM_XREFS,ATTRIBUTE8,COMREF,PSBU
PRODUCT_CUSTOMER_ASSOCIATION,EBS,"CUSTOMER, PRODUCT",,MTL_CUSTOMER_ITEM_XREFS,LAST_UPDATE_DATE,COMREF,PSBU
PRODUCT_CUSTOMER_ASSOCIATION,EBS,"CUSTOMER, PRODUCT",,MTL_CUSTOMER_ITEM_XREFS,HDISDELETEDRECORD,COMREF,PSBU
PRODUCT_CUSTOMER_ASSOCIATION,EBS,"CUSTOMER, PRODUCT",,,,COMREF,PSBU
PRODUCT_CUSTOMER_ASSOCIATION,EBS,"CUSTOMER, PRODUCT",,FND_USER,USER_NAME,COMREF,PSBU
PRODUCT_CUSTOMER_ASSOCIATION,EBS,"CUSTOMER, PRODUCT",,MTL_CUSTOMER_ITEM_XREFS,"DSN,CUSTOMER_ITEM_ID, INVENTORY_ITEM_ID, MASTER_ORGANIZATION_ID",COMREF,PSBU
PRODUCT_CUSTOMER_ASSOCIATION,EBS,"CUSTOMER, PRODUCT",,MTL_CUSTOMER_ITEM_XREFS,DSN ,COMREF,PSBU
PRODUCT_CUSTOMER_ASSOCIATION,EBS,"CUSTOMER, PRODUCT",,MTL_CUSTOMER_ITEM_XREFS,CUSTOMER_ITEM_ID,COMREF,PSBU
PRODUCT_CUSTOMER_ASSOCIATION,EBS,"CUSTOMER, PRODUCT",,MTL_CUSTOMER_ITEM_XREFS,CREATION_DATE,COMREF,PSBU
PRODUCT_CUSTOMER_ASSOCIATION,EBS,"CUSTOMER, PRODUCT",,MTL_CUSTOMER_ITEM_XREFS,ATTRIBUTE5,COMREF,PSBU
PRODUCT_CUSTOMER_ASSOCIATION,EBS,"CUSTOMER, PRODUCT",,MTL_CUSTOMER_ITEM_XREFS,ATTRIBUTE2,COMREF,PSBU
PRODUCT_CUSTOMER_ASSOCIATION,EBS,"CUSTOMER, PRODUCT",,MTL_CUSTOMER_ITEM_XREFS,ATTRIBUTE3,COMREF,PSBU
PRODUCT_DYNAMIC_COST,EBS,PRODUCT,Product,CST_PAC_ITEM_COSTS,HDISDELETEDRECORD,COMREF,SCBI
PRODUCT_DYNAMIC_COST,EBS,PRODUCT,Product,CST_PAC_ITEM_COSTS,ITEM_COST,COMREF,SCBI
PRODUCT_DYNAMIC_COST,EBS,PRODUCT,Product,CST_COST_TYPES,COST_TYPE,COMREF,SCBI
PRODUCT_DYNAMIC_COST,EBS,PRODUCT,Product,CST_PAC_ITEM_COSTS,INVENTORY_ITEM_ID,COMREF,SCBI
PRODUCT_DYNAMIC_COST,EBS,PRODUCT,Product,CST_PAC_ITEM_COSTS,LAST_UPDATED_BY,COMREF,SCBI
PRODUCT_DYNAMIC_COST,EBS,PRODUCT,Product,CST_PAC_PERIODS,PERIOD_NAME,COMREF,SCBI
PRODUCT_DYNAMIC_COST,EBS,PRODUCT,Product,CST_PAC_PERIODS,PERIOD_START_DATE,COMREF,SCBI
PRODUCT_DYNAMIC_COST,EBS,PRODUCT,Product,CST_PAC_PERIODS,PERIOD_END_DATE,COMREF,SCBI
PRODUCT_DYNAMIC_COST,EBS,PRODUCT,Product,CST_PAC_ITEM_COSTS,LAST_UPDATE_DATE,COMREF,SCBI
PRODUCT_DYNAMIC_COST,EBS,PRODUCT,Product,CST_PAC_ITEM_COSTS,CREATED_BY,COMREF,SCBI
PRODUCT_DYNAMIC_COST,EBS,PRODUCT,Product,CST_PAC_PERIODS,PERIOD_SET_NAME,COMREF,SCBI
PRODUCT_DYNAMIC_COST,EBS,PRODUCT,Product,CST_PAC_ITEM_COSTS,CREATION_DATE,COMREF,SCBI
PRODUCT_DYNAMIC_COST,EBS,PRODUCT,Product,CST_PAC_ITEM_COSTS,COST_LAYER_ID,COMREF,SCBI
PRODUCT_DYNAMIC_COST,EBS,PRODUCT,Product,CST_PAC_ITEM_COSTS," ",COMREF,SCBI
PRODUCT_DYNAMIC_COST,EBS,PRODUCT,Product,CST_PAC_ITEM_COSTS,PAC_PERIOD_ID,COMREF,SCBI
PRODUCT_DYNAMIC_COST,EBS,PRODUCT,Product," "," ",COMREF,SCBI
PRODUCT_DYNAMIC_COST,EBS,PRODUCT,Product,CST_PAC_PERIODS,COST_TYPE_ID,COMREF,SCBI
PRODUCT_DYNAMIC_COST,EBS,PRODUCT,Product,CST_PAC_ITEM_COSTS,DSN,COMREF,SCBI
PRODUCT_LOCATION,EBS,"LOCATION, PRODUCT",,MTL_ITEM_LOCATIONS,DISABLE_DATE,COMREF,SCBI
PRODUCT_LOCATION,EBS,"LOCATION, PRODUCT",,MTL_ITEM_LOCATIONS,SEGMENT1,COMREF,SCBI
PRODUCT_LOCATION,EBS,"LOCATION, PRODUCT",,MTL_ITEM_LOCATIONS.,"DSN, ORGANIZATION_ID",COMREF,SCBI
PRODUCT_LOCATION,EBS,"LOCATION, PRODUCT",,FND_USER,USER_NAME,COMREF,SCBI
PRODUCT_LOCATION,EBS,"LOCATION, PRODUCT",,MTL_ITEM_LOCATIONS,SUBINVENTORY_CODE,COMREF,SCBI
PRODUCT_LOCATION,EBS,"LOCATION, PRODUCT",,MTL_ITEM_LOCATIONS,INVENTORY_LOCATION_ID,COMREF,SCBI
PRODUCT_LOCATION,EBS,"LOCATION, PRODUCT",,MTL_ITEM_LOCATIONS,SEGMENT20,COMREF,SCBI
PRODUCT_LOCATION,EBS,"LOCATION, PRODUCT",,MTL_ITEM_LOCATIONS,DESCRIPTION,COMREF,SCBI
PRODUCT_LOCATION,EBS,"LOCATION, PRODUCT",,MTL_ITEM_LOCATIONS,CREATION_DATE,COMREF,SCBI
PRODUCT_LOCATION,EBS,"LOCATION, PRODUCT",,MTL_ITEM_LOCATIONS,HDISDELETEDRECORD,COMREF,SCBI
PRODUCT_LOCATION,EBS,"LOCATION, PRODUCT",,MTL_ITEM_LOCATIONS,"INVENTORY_LOCATION_ID,ORGANIZATION_ID",COMREF,SCBI
PRODUCT_LOCATION,EBS,"LOCATION, PRODUCT",,MTL_ITEM_LOCATIONS,ORGANIZATION_ID,COMREF,SCBI
PRODUCT_LOCATION,EBS,"LOCATION, PRODUCT",,MTL_ITEM_LOCATIONS,INVENTORY_LOCAITON_TYPE,COMREF,SCBI
PRODUCT_LOCATION,EBS,"LOCATION, PRODUCT",,MTL_ITEM_LOCATIONS,LAST_UPDATE_DATE,COMREF,SCBI
PRODUCT_LOCATION,EBS,"LOCATION, PRODUCT",,MTL_ITEM_LOCATIONS,INVENTORY_ITEM_ID,COMREF,SCBI
PRODUCT_LOCATION,EBS,"LOCATION, PRODUCT",,,,COMREF,SCBI
PRODUCT_LOCATION,EBS,"LOCATION, PRODUCT",,MTL_ITEM_LOCATIONS,SEGMENT2,COMREF,SCBI
PRODUCT_LOCATION,EBS,"LOCATION, PRODUCT",,MTL_ITEM_LOCATIONS,SEGMENT19,COMREF,SCBI
PRODUCT_PLANNING,EBS,PRODUCT,,MTL_SYSTEM_ITEMS_B,ORGANIZATION_ID,COMREF,AAI
PRODUCT_PLANNING,EBS,PRODUCT,,MRP_SYSTEM_ITEMS,DESCRIPTION,COMREF,AAI
PRODUCT_PLANNING,EBS,PRODUCT,,MRP_SYSTEM_ITEMS,LOT_CONTROL_CODE,COMREF,AAI
PRODUCT_PLANNING,EBS,PRODUCT,,MRP_SYSTEM_ITEMS,PLANNING_EXCEPTION_SET,COMREF,AAI
PRODUCT_PLANNING,EBS,PRODUCT,,MRP_SYSTEM_ITEMS,BUYER_ID,COMREF,AAI
PRODUCT_PLANNING,EBS,PRODUCT,,MRP_SYSTEM_ITEMS,SHRINKAGE_RATE,COMREF,AAI
PRODUCT_PLANNING,EBS,PRODUCT,,MRP_SYSTEM_ITEMS,FIXED_ORDER_QUANTITY,COMREF,AAI
PRODUCT_PLANNING,EBS,PRODUCT,,MRP_SYSTEM_ITEMS,PREPROCESSING_LEAD_TIME,COMREF,AAI
PRODUCT_PLANNING,EBS,PRODUCT,,MRP_SYSTEM_ITEMS,FULL_LEAD_TIME,COMREF,AAI
PRODUCT_PLANNING,EBS,PRODUCT,,MRP_SYSTEM_ITEMS,SAFETY_STOCK_QUANTITY,COMREF,AAI
PRODUCT_PLANNING,EBS,PRODUCT,,MRP_SYSTEM_ITEMS,SAFETY_STOCK_PERCENT,COMREF,AAI
PRODUCT_PLANNING,EBS,PRODUCT,,MRP_SYSTEM_ITEMS,INVENTORY_PLANNING_CODE,COMREF,AAI
PRODUCT_PLANNING,EBS,PRODUCT,,MRP_SYSTEM_ITEMS,ACCEPTABLE_EARLY_DELIVERY,COMREF,AAI
PRODUCT_PLANNING,EBS,PRODUCT,,MRP_SYSTEM_ITEMS,PLANNER_STATUS_CODE,COMREF,AAI
PRODUCT_PLANNING,EBS,PRODUCT,,MRP_SYSTEM_ITEMS,LAST_UPDATE_DATE,COMREF,AAI
PRODUCT_PLANNING,EBS,PRODUCT,,MTL_SYSTEM_ITEMS_B,MRP_PLANNING_CODE,COMREF,AAI
PRODUCT_PLANNING,EBS,PRODUCT,,MTL_SYSTEM_ITEMS_B,PLANNER_CODE,COMREF,AAI
PRODUCT_PLANNING,EBS,PRODUCT,,MTL_SYSTEM_ITEMS_B,SHRINKAGE_RATE,COMREF,AAI
PRODUCT_PLANNING,EBS,PRODUCT,,MTL_SYSTEM_ITEMS_B,POSTPROCESSING_LEAD_TIME,COMREF,AAI
PRODUCT_PLANNING,EBS,PRODUCT,,MTL_SYSTEM_ITEMS_B,BUILD_IN_WIP_FLAG,COMREF,AAI
PRODUCT_PLANNING,EBS,PRODUCT,,MTL_SYSTEM_ITEMS_B,ATO_FORECAST_CONTROL,COMREF,AAI
PRODUCT_PLANNING,EBS,PRODUCT,,MTL_SYSTEM_ITEMS_B,EFFECTIVITY_CONTROL,COMREF,AAI
PRODUCT_PLANNING,EBS,PRODUCT,,MTL_SYSTEM_ITEMS_B,CREATE_SUPPLY_FLAG,COMREF,AAI
PRODUCT_PLANNING,EBS,PRODUCT,,MTL_SYSTEM_ITEMS_B,DIVERGENCE,COMREF,AAI
PRODUCT_PLANNING,EBS,PRODUCT,,MTL_SYSTEM_ITEMS_B,VMI_FORECAST_TYPE,COMREF,AAI
PRODUCT_PLANNING,EBS,PRODUCT,,MTL_SYSTEM_ITEMS_B,ORDER_COST,COMREF,AAI
PRODUCT_PLANNING,EBS,PRODUCT,,MRP_SYSTEM_ITEMS,CUMULATIVE_TOTAL_LEAD_TIME,COMREF,AAI
PRODUCT_PLANNING,EBS,PRODUCT,,MRP_SYSTEM_ITEMS,PLAN_LAST_REVISION_DATE,COMREF,AAI
PRODUCT_PLANNING,EBS,PRODUCT,,MRP_SYSTEM_ITEMS,CREATION_DATE,COMREF,AAI
PRODUCT_PLANNING,EBS,PRODUCT,,MTL_SYSTEM_ITEMS_B,CRITICAL_COMPONENT_FLAG,COMREF,AAI
PRODUCT_PLANNING,EBS,PRODUCT,,MTL_SYSTEM_ITEMS_B,SOURCE_TYPE,COMREF,AAI
PRODUCT_PLANNING,EBS,PRODUCT,,MRP_SYSTEM_ITEMS,CATEGORY_ID,COMREF,AAI
PRODUCT_PLANNING,EBS,PRODUCT,,MTL_SYSTEM_ITEMS_B,ACCEPTABLE_RATE_INCREASE,COMREF,AAI
PRODUCT_PLANNING,EBS,PRODUCT,,MTL_SYSTEM_ITEMS_B,CUM_MANUFACTURING_LEAD_TIME,COMREF,AAI
PRODUCT_PLANNING,EBS,PRODUCT,,MTL_SYSTEM_ITEMS_B,FIXED_LEAD_TIME,COMREF,AAI
PRODUCT_PLANNING,EBS,PRODUCT,,MRP_SYSTEM_ITEMS,WIP_SUPPLY_TYPE,COMREF,AAI
PRODUCT_PLANNING,EBS,PRODUCT,,MRP_SYSTEM_ITEMS,LOW_LEVEL_CODE,COMREF,AAI
PRODUCT_PLANNING,EBS,PRODUCT,,MTL_SYSTEM_ITEMS_B,PURCHASING_ENABLED_FLAG,COMREF,AAI
PRODUCT_PLANNING,EBS,PRODUCT,,MTL_SYSTEM_ITEMS_B,FIXED_LOT_MULTIPLIER,COMREF,AAI
PRODUCT_PLANNING,EBS,PRODUCT,,MTL_SYSTEM_ITEMS_B,VARIABLE_LEAD_TIME,COMREF,AAI
PRODUCT_PLANNING,EBS,PRODUCT,,MTL_SYSTEM_ITEMS_B,VOLUME_UOM_CODE,COMREF,AAI
PRODUCT_PLANNING,EBS,PRODUCT,,MTL_SYSTEM_ITEMS_B,INVENTORY_PLANNING_CODE,COMREF,AAI
PRODUCT_PLANNING,EBS,PRODUCT,,MTL_SYSTEM_ITEMS_B,AUTO_REDUCE_MPS,COMREF,AAI
PRODUCT_PLANNING,EBS,PRODUCT,,MTL_SYSTEM_ITEMS_B,ASN_AUTOEXPIRE_FLAG,COMREF,AAI
PRODUCT_PLANNING,EBS,PRODUCT,,MRP_SYSTEM_ITEMS,INVENTORY_ITEM_ID,COMREF,AAI
PRODUCT_PLANNING,EBS,PRODUCT,,MRP_SYSTEM_ITEMS,IN_SOURCE_PLAN,COMREF,AAI
PRODUCT_PLANNING,EBS,PRODUCT,,MRP_SYSTEM_ITEMS,REVISION,COMREF,AAI
PRODUCT_PLANNING,EBS,PRODUCT,,MRP_SYSTEM_ITEMS,FIXED_DAYS_SUPPLY,COMREF,AAI
PRODUCT_PLANNING,EBS,PRODUCT,,MRP_SYSTEM_ITEMS,DEMAND_TIME_FENCE_DATE,COMREF,AAI
PRODUCT_PLANNING,EBS,PRODUCT,,MTL_SYSTEM_ITEMS_B,DRP_PLANNED_FLAG,COMREF,AAI
PRODUCT_PLANNING,EBS,PRODUCT,,MTL_SYSTEM_ITEMS_B,REPAIR_PROGRAM,COMREF,AAI
PRODUCT_PLANNING,EBS,PRODUCT,,MTL_SYSTEM_ITEMS_B,LEAD_TIME_LOT_SIZE,COMREF,AAI
PRODUCT_PLANNING,EBS,PRODUCT,,MTL_SYSTEM_ITEMS_B,FULL_LEAD_TIME,COMREF,AAI
PRODUCT_PLANNING,EBS,PRODUCT,,MRP_SYSTEM_ITEMS,END_ASSEMBLY_PEGGING,COMREF,AAI
PRODUCT_PLANNING,EBS,PRODUCT,,MRP_SYSTEM_ITEMS,ATO_FORECAST_CONTROL,COMREF,AAI
PRODUCT_PLANNING,EBS,PRODUCT,,MRP_SYSTEM_ITEMS,EXCEPTION_REP_VARIANCE_DAYS,COMREF,AAI
PRODUCT_PLANNING,EBS,PRODUCT,,MRP_SYSTEM_ITEMS,PLANNING_MAKE_BUY_CODE,COMREF,AAI
PRODUCT_PLANNING,EBS,PRODUCT,,MTL_SYSTEM_ITEMS_B,EXPENSE_ACCOUNT,COMREF,AAI
PRODUCT_PLANNING,EBS,PRODUCT,,MRP_SYSTEM_ITEMS,PLANNER_CODE,COMREF,AAI
PRODUCT_PLANNING,EBS,PRODUCT,,MRP_SYSTEM_ITEMS,REPETITIVE_VARIANCE,COMREF,AAI
PRODUCT_PLANNING,EBS,PRODUCT,,MRP_SYSTEM_ITEMS,EXCEPTION_EXCESS_DAYS,COMREF,AAI
PRODUCT_PLANNING,EBS,PRODUCT,,MRP_SYSTEM_ITEMS,EXCEPTION_CODE,COMREF,AAI
PRODUCT_PLANNING,EBS,PRODUCT,,MRP_SYSTEM_ITEMS,PURCHASING_ENABLED_FLAG,COMREF,AAI
PRODUCT_PLANNING,EBS,PRODUCT,,MRP_SYSTEM_ITEMS,BUILD_IN_WIP_FLAG,COMREF,AAI
PRODUCT_PLANNING,EBS,PRODUCT,,MRP_SYSTEM_ITEMS,ORGANIZATION_CODE,COMREF,AAI
PRODUCT_PLANNING,EBS,PRODUCT,,MRP_SYSTEM_ITEMS,BASE_ITEM_ID,COMREF,AAI
PRODUCT_PLANNING,EBS,PRODUCT,,MRP_SYSTEM_ITEMS,EXCEPTION_OVERPROMISED_DAYS,COMREF,AAI
PRODUCT_PLANNING,EBS,PRODUCT,,MTL_SYSTEM_ITEMS_B,HDISDELETEDRECORD,COMREF,AAI
PRODUCT_PLANNING,EBS,PRODUCT,,MRP_SYSTEM_ITEMS,ACCEPTABLE_RATE_DECREASE,COMREF,AAI
PRODUCT_PLANNING,EBS,PRODUCT,,MRP_SYSTEM_ITEMS,CALCULATE_ATP,COMREF,AAI
PRODUCT_PLANNING,EBS,PRODUCT,,MRP_SYSTEM_ITEMS,OVERRUN_PERCENTAGE,COMREF,AAI
PRODUCT_PLANNING,EBS,PRODUCT,,MRP_SYSTEM_ITEMS,PRIMARY_VENDOR_ID,COMREF,AAI
PRODUCT_PLANNING,EBS,PRODUCT,,MTL_SYSTEM_ITEMS_B,STD_LOT_SIZE,COMREF,AAI
PRODUCT_PLANNING,EBS,PRODUCT,,MRP_SYSTEM_ITEMS,HDISDELETEDRECORD,COMREF,AAI
PRODUCT_PLANNING,EBS,PRODUCT,,MTL_SYSTEM_ITEMS_B,EAM_ITEM_TYPE,COMREF,AAI
PRODUCT_PLANNING,EBS,PRODUCT,,MTL_SYSTEM_ITEMS_B,MAXIMUM_ORDER_QUANTITY,COMREF,AAI
PRODUCT_PLANNING,EBS,PRODUCT,,MRP_SYSTEM_ITEMS,DEMAND_TIME_FENCE_DAYS,COMREF,AAI
PRODUCT_PLANNING,EBS,PRODUCT,,MRP_SYSTEM_ITEMS,MAXIMUM_ORDER_QUANTITY,COMREF,AAI
PRODUCT_PLANNING,EBS,PRODUCT,,MRP_SYSTEM_ITEMS,FIXED_LOT_MULTIPLIER,COMREF,AAI
PRODUCT_PLANNING,EBS,PRODUCT,,MTL_SYSTEM_ITEMS_B,INVENTORY_ITEM_ID,COMREF,AAI
PRODUCT_PLANNING,EBS,PRODUCT,,MTL_SYSTEM_ITEMS_B,SEGMENT1,COMREF,AAI
PRODUCT_PLANNING,EBS,PRODUCT,,MRP_SYSTEM_ITEMS,EFFECTIVITY_CONTROL,COMREF,AAI
PRODUCT_PLANNING,EBS,PRODUCT,,MRP_SYSTEM_ITEMS,BUYER_NAME,COMREF,AAI
PRODUCT_PLANNING,EBS,PRODUCT,,MRP_SYSTEM_ITEMS,MINIMUM_ORDER_QUANTITY,COMREF,AAI
PRODUCT_PLANNING,EBS,PRODUCT,,MRP_SYSTEM_ITEMS,CUM_MANUFACTURING_LEAD_TIME,COMREF,AAI
PRODUCT_PLANNING,EBS,PRODUCT,,MRP_SYSTEM_ITEMS,FULL_PEGGING,COMREF,AAI
PRODUCT_PLANNING,EBS,PRODUCT,,MRP_SYSTEM_ITEMS,ENGINEERING_ITEM_FLAG,COMREF,AAI
PRODUCT_PLANNING,EBS,PRODUCT,,MRP_SYSTEM_ITEMS,INVENTORY_USE_UP_DATE,COMREF,AAI
PRODUCT_PLANNING,EBS,PRODUCT,,MRP_SYSTEM_ITEMS,INVENTORY_TYPE,COMREF,AAI
PRODUCT_PLANNING,EBS,PRODUCT,,MTL_SYSTEM_ITEMS_B,VMI_MAXIMUM_DAYS,COMREF,AAI
PRODUCT_PLANNING,EBS,PRODUCT,,MRP_SYSTEM_ITEMS,UOM_CODE,COMREF,AAI
PRODUCT_PLANNING,EBS,PRODUCT,,MTL_SYSTEM_ITEMS_B,VMI_MINIMUM_UNITS,COMREF,AAI
PRODUCT_PLANNING,EBS,PRODUCT,,MTL_SYSTEM_ITEMS_B,ATP_RULE_ID,COMREF,AAI
PRODUCT_PLANNING,EBS,PRODUCT,,MTL_SYSTEM_ITEMS_B,PLANNING_TIME_FENCE_DAYS,COMREF,AAI
PRODUCT_PLANNING,EBS,PRODUCT,,MRP_SYSTEM_ITEMS,PLANNING_TIME_FENCE_DAYS,COMREF,AAI
PRODUCT_PLANNING,EBS,PRODUCT,,MTL_SYSTEM_ITEMS_B,OVERRUN_PERCENTAGE,COMREF,AAI
PRODUCT_PLANNING,EBS,PRODUCT,,MRP_SYSTEM_ITEMS,MRP_PLANNING_CODE,COMREF,AAI
PRODUCT_PLANNING,EBS,PRODUCT,,MTL_SYSTEM_ITEMS_B,CONSIGNED_FLAG,COMREF,AAI
PRODUCT_PLANNING,EBS,PRODUCT,,MRP_SYSTEM_ITEMS,,COMREF,AAI
PRODUCT_PLANNING,EBS,PRODUCT,,,,COMREF,AAI
PRODUCT_PLANNING,EBS,PRODUCT,,MTL_SYSTEM_ITEMS_B,LAST_UPDATE_DATE,COMREF,AAI
PRODUCT_PLANNING,EBS,PRODUCT,,MTL_SYSTEM_ITEMS_B,,COMREF,AAI
PRODUCT_PLANNING,EBS,PRODUCT,,MTL_SYSTEM_ITEMS_B,BUYER_ID,COMREF,AAI
PRODUCT_PLANNING,EBS,PRODUCT,,MTL_SYSTEM_ITEMS_B,NEW_REVISION_CODE,COMREF,AAI
PRODUCT_PLANNING,EBS,PRODUCT,,MRP_SYSTEM_ITEMS,NETTABLE_INVENTORY_QUANTITY,COMREF,AAI
PRODUCT_PLANNING,EBS,PRODUCT,,MTL_SYSTEM_ITEMS_B,ATP_FLAG,COMREF,AAI
PRODUCT_PLANNING,EBS,PRODUCT,,MTL_SYSTEM_ITEMS_B,SERIAL_NUMBER_CONTROL_CODE,COMREF,AAI
PRODUCT_PLANNING,EBS,PRODUCT,,MTL_SYSTEM_ITEMS_B,CONTINOUS_TRANSFER,COMREF,AAI
PRODUCT_PLANNING,EBS,PRODUCT,,MTL_SYSTEM_ITEMS_B,MTL_TRANSACTIONS_ENABLED_FLAG,COMREF,AAI
PRODUCT_PLANNING,EBS,PRODUCT,,MTL_SYSTEM_ITEMS_B,PLANNING_TIME_FENCE_CODE,COMREF,AAI
PRODUCT_PLANNING,EBS,PRODUCT,,MRP_SYSTEM_ITEMS,ABC_CLASS,COMREF,AAI
PRODUCT_PLANNING,EBS,PRODUCT,,MTL_SYSTEM_ITEMS_B,RELEASE_TIME_FENCE_DAYS,COMREF,AAI
PRODUCT_PLANNING,EBS,PRODUCT,,MTL_SYSTEM_ITEMS_B,WEIGHT_UOM_CODE,COMREF,AAI
PRODUCT_PLANNING,EBS,PRODUCT,,MRP_SYSTEM_ITEMS,EXCEPTION_SHORTAGE_DAYS,COMREF,AAI
PRODUCT_PLANNING,EBS,PRODUCT,,MTL_SYSTEM_ITEMS_B,PRODUCT_FAMILY_ITEM_ID,COMREF,AAI
PRODUCT_PLANNING,EBS,PRODUCT,,MTL_SYSTEM_ITEMS_B,CUMULATIVE_TOTAL_LEAD_TIME,COMREF,AAI
PRODUCT_PLANNING,EBS,PRODUCT,,MRP_SYSTEM_ITEMS,EXCESS_QUANTITY,COMREF,AAI
PRODUCT_PLANNING,EBS,PRODUCT,,MTL_SYSTEM_ITEMS_B,VMI_MINIMUM_DAYS,COMREF,AAI
PRODUCT_PLANNING,EBS,PRODUCT,,MRP_SYSTEM_ITEMS,ACCEPTABLE_RATE_INCREASE,COMREF,AAI
PRODUCT_PLANNING,EBS,PRODUCT,,MTL_SYSTEM_ITEMS_B,PREPOSITION_POINT,COMREF,AAI
PRODUCT_PLANNING,EBS,PRODUCT,,MTL_SYSTEM_ITEMS_B,REPAIR_LEADTIME,COMREF,AAI
PRODUCT_PLANNING,EBS,PRODUCT,,MTL_SYSTEM_ITEMS_B,PLANNING_EXCEPTION_SET,COMREF,AAI
PRODUCT_PLANNING,EBS,PRODUCT,,MRP_SYSTEM_ITEMS,VARIABLE_LEAD_TIME,COMREF,AAI
PRODUCT_PLANNING,EBS,PRODUCT,,MTL_SYSTEM_ITEMS_B,PREPROCESSING_LEAD_TIME,COMREF,AAI
PRODUCT_PLANNING,EBS,PRODUCT,,MTL_SYSTEM_ITEMS_B,PLANNING_MAKE_BUY_CODE,COMREF,AAI
PRODUCT_PLANNING,EBS,PRODUCT,,MRP_SYSTEM_ITEMS,COMPILE_DESIGNATOR,COMREF,AAI
PRODUCT_PLANNING,EBS,PRODUCT,,MTL_SYSTEM_ITEMS_B,BASE_ITEM_ID,COMREF,AAI
PRODUCT_PLANNING,EBS,PRODUCT,,MRP_SYSTEM_ITEMS,ORGANIZATION_ID,COMREF,AAI
PRODUCT_PLANNING,EBS,PRODUCT,,MTL_SYSTEM_ITEMS_B,ROUNDING_CONTROL_TYPE,COMREF,AAI
PRODUCT_PLANNING,EBS,PRODUCT,,MTL_SYSTEM_ITEMS_B,FIXED_DAYS_SUPPLY,COMREF,AAI
PRODUCT_PLANNING,EBS,PRODUCT,,MTL_SYSTEM_ITEMS_B,REVISION_QTY_CONTROL_CODE,COMREF,AAI
PRODUCT_PLANNING,EBS,PRODUCT,,MTL_SYSTEM_ITEMS_B,FORECAST_HORIZON,COMREF,AAI
PRODUCT_PLANNING,EBS,PRODUCT,,MTL_SYSTEM_ITEMS_B,SO_AUTHORIZATION_FLAG,COMREF,AAI
PRODUCT_PLANNING,EBS,PRODUCT,,MTL_SYSTEM_ITEMS_B,REPLENISH_TO_ORDER_FLAG,COMREF,AAI
PRODUCT_PLANNING,EBS,PRODUCT,,MTL_SYSTEM_ITEMS_B,CONVERGENCE,COMREF,AAI
PRODUCT_PLANNING,EBS,PRODUCT,,MTL_SYSTEM_ITEMS_B,INVENTORY_ITEM_FLAG,COMREF,AAI
PRODUCT_PLANNING,EBS,PRODUCT,,MTL_SYSTEM_ITEMS_B,DEMAND_TIME_FENCE_DAYS,COMREF,AAI
PRODUCT_PLANNING,EBS,PRODUCT,,MRP_SYSTEM_ITEMS,ROUNDING_CONTROL_TYPE,COMREF,AAI
PRODUCT_PLANNING,EBS,PRODUCT,,MTL_SYSTEM_ITEMS_B,FIXED_ORDER_QUANTITY,COMREF,AAI
PRODUCT_PLANNING,EBS,PRODUCT,,MTL_SYSTEM_ITEMS_B,MRP_CALCULATE_ATP_FLAG,COMREF,AAI
PRODUCT_PLANNING,EBS,PRODUCT,,MTL_SYSTEM_ITEMS_B,MAX_MINMAX_QUANTITY,COMREF,AAI
PRODUCT_PLANNING,EBS,PRODUCT,,MTL_SYSTEM_ITEMS_B,PICK_COMPONENTS_FLAG,COMREF,AAI
PRODUCT_PLANNING,EBS,PRODUCT,,MTL_SYSTEM_ITEMS_B,LOT_CONTROL_CODE,COMREF,AAI
PRODUCT_PLANNING,EBS,PRODUCT,,MTL_SYSTEM_ITEMS_B,REPETITIVE_PLANNING_FLAG,COMREF,AAI
PRODUCT_PLANNING,EBS,PRODUCT,,MTL_SYSTEM_ITEMS_B,BOM_ITEM_TYPE,COMREF,AAI
PRODUCT_PLANNING,EBS,PRODUCT,,MTL_SYSTEM_ITEMS_B,VMI_FIXED_ORDER_QUANTITY,COMREF,AAI
PRODUCT_PLANNING,EBS,PRODUCT,,MTL_SYSTEM_ITEMS_B,REPAIR_YIELD,COMREF,AAI
PRODUCT_PLANNING,EBS,PRODUCT,,MTL_SYSTEM_ITEMS_B,STOCK_ENABLED_FLAG,COMREF,AAI
PRODUCT_PLANNING,EBS,PRODUCT,,MTL_SYSTEM_ITEMS_B,ACCEPTABLE_RATE_DECREASE,COMREF,AAI
PRODUCT_PLANNING,EBS,PRODUCT,,MTL_SYSTEM_ITEMS_B,RELEASE_TIME_FENCE_CODE,COMREF,AAI
PRODUCT_PLANNING,EBS,PRODUCT,,MTL_SYSTEM_ITEMS_B,CREATION_DATE,COMREF,AAI
PRODUCT_PLANNING,EBS,PRODUCT,,MTL_SYSTEM_ITEMS_B,MATERIAL_BILLABLE_FLAG,COMREF,AAI
PRODUCT_PLANNING,EBS,PRODUCT,,MTL_SYSTEM_ITEMS_B,VMI_MAXIMUM_UNITS,COMREF,AAI
PRODUCT_PLANNING,EBS,PRODUCT,,MTL_SYSTEM_ITEMS_B,ATP_COMPONENTS_FLAG,COMREF,AAI
PRODUCT_PLANNING,EBS,PRODUCT,,MTL_SYSTEM_ITEMS_B,MINIMUM_ORDER_QUANTITY,COMREF,AAI
PRODUCT_PLANNING,EBS,PRODUCT,,MTL_SYSTEM_ITEMS_B,DESCRIPTION ,COMREF,AAI
PRODUCT_PLANNING,EBS,PRODUCT,,MRP_SYSTEM_ITEMS,BOM_ITEM_TYPE,COMREF,AAI
PRODUCT_PLANNING,EBS,PRODUCT,,MRP_SYSTEM_ITEMS,SAFETY_STOCK_BUCKET_DAYS,COMREF,AAI
PRODUCT_PLANNING,EBS,PRODUCT,,MRP_SYSTEM_ITEMS,SAFETY_STOCK_CODE,COMREF,AAI
PRODUCT_PLANNING,EBS,PRODUCT,,MRP_SYSTEM_ITEMS,REPETITIVE_TYPE,COMREF,AAI
PRODUCT_PLANNING,EBS,PRODUCT,,MRP_SYSTEM_ITEMS,PLANNING_TIME_FENCE_DATE,COMREF,AAI
PRODUCT_PLANNING,EBS,PRODUCT,,MRP_SYSTEM_ITEMS,FIXED_LEAD_TIME,COMREF,AAI
PRODUCT_PLANNING,EBS,PRODUCT,,FND_USER,USER_NAME,COMREF,AAI
PRODUCT_PLANNING,EBS,PRODUCT,,MTL_SYSTEM_ITEMS_B,INVENTORY_ASSET_FLAG,COMREF,AAI
PRODUCT_PLANNING,EBS,PRODUCT,,MTL_SYSTEM_ITEMS_B,MIN_MINMAX_QUANTITY,COMREF,AAI
PRODUCT_PLANNING,EBS,PRODUCT,,MTL_SYSTEM_ITEMS_B,CARRYING_COST,COMREF,AAI
PRODUCT_PLANNING,EBS,PRODUCT,,MRP_SYSTEM_ITEMS,NONNETTABLE_INVENTORY_QUANTITY,COMREF,AAI
PRODUCT_PLANNING,EBS,PRODUCT,,MRP_SYSTEM_ITEMS,POSTPROCESSING_LEAD_TIME,COMREF,AAI
PRODUCT_PLANNING,EBS,PRODUCT,,MTL_SYSTEM_ITEMS_B,WIP_SUPPLY_TYPE,COMREF,AAI
PRODUCT_REVISION,EBS,PRODUCT,Product Revision,MTL_ITEM_REVISIONS_B,ORGANIZATION_ID,COMREF,AAI
PRODUCT_REVISION,EBS,PRODUCT,Product Revision,FND_USER,USER_NAME,COMREF,AAI
PRODUCT_REVISION,EBS,PRODUCT,Product Revision,MTL_ITEM_REVISIONS_B,,COMREF,AAI
PRODUCT_REVISION,EBS,PRODUCT,Product Revision,MTL_ITEM_REVISIONS_B,LAST_UPDATE_DATE,COMREF,AAI
PRODUCT_REVISION,EBS,PRODUCT,Product Revision,MTL_ITEM_REVISIONS_B,ECN_INITIATION_DATE,COMREF,AAI
PRODUCT_REVISION,EBS,PRODUCT,Product Revision,MTL_ITEM_REVISIONS_B,IMPLEMENTATION_DATE,COMREF,AAI
PRODUCT_REVISION,EBS,PRODUCT,Product Revision,MTL_ITEM_REVISIONS_B,REVISED_ITEM_SEQUENCE_ID,COMREF,AAI
PRODUCT_REVISION,EBS,PRODUCT,Product Revision,,,COMREF,AAI
PRODUCT_REVISION,EBS,PRODUCT,Product Revision,MTL_ITEM_REVISIONS_B,CREATION_DATE,COMREF,AAI
PRODUCT_REVISION,EBS,PRODUCT,Product Revision,MTL_ITEM_REVISIONS_B,CHANGE_NOTICE,COMREF,AAI
PRODUCT_REVISION,EBS,PRODUCT,Product Revision,MTL_ITEM_REVISIONS_B,INVENTORY_ITEM_ID,COMREF,AAI
PRODUCT_REVISION,EBS,PRODUCT,Product Revision,MTL_ITEM_REVISIONS_B,DSN,COMREF,AAI
PRODUCT_REVISION,EBS,PRODUCT,Product Revision,MTL_ITEM_REVISIONS_B,REVISION,COMREF,AAI
PRODUCT_REVISION,EBS,PRODUCT,Product Revision,MTL_ITEM_REVISIONS_B,REVISION_LABEL,COMREF,AAI
PRODUCT_REVISION,EBS,PRODUCT,Product Revision,MTL_ITEM_REVISIONS_B,HDISDELETEDRECORD,COMREF,AAI
PRODUCT_REVISION,EBS,PRODUCT,Product Revision,MTL_ITEM_REVISIONS_B,EFFECTIVITY_DATE,COMREF,AAI
PRODUCT_REVISION,EBS,PRODUCT,Product Revision,MTL_ITEM_REVISIONS_B,REVISION_ID,COMREF,AAI
PRODUCT_SEGMENT,EBS,PRODUCT,Pricing,EGO_MTL_SY_ITEMS_EXT_B,C_EXT_ATTR2,COMREF,AAI
PRODUCT_SEGMENT,EBS,PRODUCT,Pricing,EGO_MTL_SY_ITEMS_EXT_B,C_EXT_ATTR3,COMREF,AAI
PRODUCT_SEGMENT,EBS,PRODUCT,Pricing,FND_USER,USER_NAME,COMREF,AAI
PRODUCT_SEGMENT,EBS,PRODUCT,Pricing,EGO_MTL_SY_ITEMS_EXT_B,C_EXT_ATTR29,COMREF,AAI
PRODUCT_SEGMENT,EBS,PRODUCT,Pricing,MTL_SYSTEM_ITEMS_B,,COMREF,AAI
PRODUCT_SEGMENT,EBS,PRODUCT,Pricing,MTL_SYSTEM_ITEMS_B,SEGMENT1,COMREF,AAI
PRODUCT_SEGMENT,EBS,PRODUCT,Pricing,,"ATTRIBUTE4(RMX,DEP),ATTRIBUTE3(HML):",COMREF,AAI
PRODUCT_SEGMENT,EBS,PRODUCT,Pricing,EGO_MTL_SY_ITEMS_EXT_B,C_EXT_ATTR22,COMREF,AAI
PRODUCT_SEGMENT,EBS,PRODUCT,Pricing,EGO_MTL_SY_ITEMS_EXT_B,C_EXT_ATTR1,COMREF,AAI
PRODUCT_SEGMENT,EBS,PRODUCT,Pricing,MTL_SYSTEM_ITEMS_B,"ATTRIBUTE14,ATTRIBUTE9",COMREF,AAI
PRODUCT_SEGMENT,EBS,PRODUCT,Pricing,MTL_SYSTEM_ITEMS_B,HDISDELETEDRECORD,COMREF,AAI
PRODUCT_SEGMENT,EBS,PRODUCT,Pricing,MTL_SYSTEM_ITEMS_B,PRODUCT_FAMILY_ITEM_ID,COMREF,AAI
PRODUCT_SEGMENT,EBS,PRODUCT,Pricing,EGO_MTL_SY_ITEMS_EXT_B,C_EXT_ATTR7,COMREF,AAI
PRODUCT_SEGMENT,EBS,PRODUCT,Pricing,EGO_MTL_SY_ITEMS_EXT_B,"ATTRIBUTE14,ATTRIBUTE9, C_EXT_ATTR1",COMREF,AAI
PRODUCT_SEGMENT,EBS,PRODUCT,Pricing,MTL_SYSTEM_ITEMS_B,CREATION_DATE,COMREF,AAI
PRODUCT_SEGMENT,EBS,PRODUCT,Pricing,MTL_SYSTEM_ITEMS_B,DSN,COMREF,AAI
PRODUCT_SEGMENT,EBS,PRODUCT,Pricing,"MTL_SYSTEM_ITEMS_B,MTL_ITEM_CATEGORIES_V,EGO_MTL_SY_ITEMS_EXT_B","ATTRIBUTE4,MICV.SEGMENT1,C_EXT_ATTR1",COMREF,AAI
PRODUCT_SEGMENT,EBS,PRODUCT,Pricing,EGO_MTL_SY_ITEMS_EXT_B,C_EXT_ATTR26,COMREF,AAI
PRODUCT_SEGMENT,EBS,PRODUCT,Pricing,EGO_MTL_SY_ITEMS_EXT_B,C_EXT_ATTR32,COMREF,AAI
PRODUCT_SEGMENT,EBS,PRODUCT,Pricing,MTL_SYSTEM_ITEMS_B,LAST_UPDATE_DATE,COMREF,AAI
PRODUCT_SEGMENT,EBS,PRODUCT,Pricing,EGO_MTL_SY_ITEMS_EXT_B,C_EXT_ATTR21,COMREF,AAI
PRODUCT_SEGMENT,EBS,PRODUCT,Pricing,,,COMREF,AAI
PRODUCT_SUB_INVENTORY,EBS,PRODUCT,Inventory,MTL_SECONDARY_INVENTORIES,DESCRIPTION,COMREF,AAI
PRODUCT_SUB_INVENTORY,EBS,PRODUCT,Inventory,MTL_SECONDARY_INVENTORIES,AVAILABILITY_TYPE,COMREF,AAI
PRODUCT_SUB_INVENTORY,EBS,PRODUCT,Inventory,MTL_SECONDARY_INVENTORIES,ATTRIBUTE3,COMREF,AAI
PRODUCT_SUB_INVENTORY,EBS,PRODUCT,Inventory,MTL_SECONDARY_INVENTORIES,ORGANIZATION_ID,COMREF,AAI
PRODUCT_SUB_INVENTORY,EBS,PRODUCT,Inventory,MTL_SECONDARY_INVENTORIES,ASSET_INVENTORY,COMREF,AAI
PRODUCT_SUB_INVENTORY,EBS,PRODUCT,Inventory,MTL_SECONDARY_INVENTORIES,DSN,COMREF,AAI
PRODUCT_SUB_INVENTORY,EBS,PRODUCT,Inventory,MTL_SECONDARY_INVENTORIES,DISABLE_DATE,COMREF,AAI
PRODUCT_SUB_INVENTORY,EBS,PRODUCT,Inventory,MTL_SECONDARY_INVENTORIES,,COMREF,AAI
PRODUCT_SUB_INVENTORY,EBS,PRODUCT,Inventory,FND_USER,USER_NAME,COMREF,AAI
PRODUCT_SUB_INVENTORY,EBS,PRODUCT,Inventory,MTL_SECONDARY_INVENTORIES,SUBINVENTORY_TYPE,COMREF,AAI
PRODUCT_SUB_INVENTORY,EBS,PRODUCT,Inventory,MTL_SECONDARY_INVENTORIES,"ORGANIZATION_ID,SECONDARY_INVENTORY_NAME",COMREF,AAI
PRODUCT_SUB_INVENTORY,EBS,PRODUCT,Inventory,MTL_SECONDARY_INVENTORIES,SECONDARY_INVENTORY_NAME,COMREF,AAI
PRODUCT_SUB_INVENTORY,EBS,PRODUCT,Inventory,MTL_SECONDARY_INVENTORIES,LAST_UPDATE_DATE,COMREF,AAI
PRODUCT_SUB_INVENTORY,EBS,PRODUCT,Inventory,MTL_SECONDARY_INVENTORIES,CREATION_DATE,COMREF,AAI
PRODUCT_SUB_INVENTORY,EBS,PRODUCT,Inventory,MTL_SECONDARY_INVENTORIES,HDISDELETEDRECORD,COMREF,AAI
PRODUCT_SUB_INVENTORY,EBS,PRODUCT,Inventory,,,COMREF,AAI
PRODUCT_SUPERSESSION,EBS,PRODUCT,Product,MTL_RELATED_ITEMS,RELATED_ITEM_ID,COMREF,AAI
PRODUCT_SUPERSESSION,EBS,PRODUCT,Product,MTL_RELATED_ITEMS,INVENTORY_ITEM_ID,COMREF,AAI
PRODUCT_SUPERSESSION,EBS,PRODUCT,Product,MTL_RELATED_ITEMS,CREATION_DATE,COMREF,AAI
PRODUCT_SUPERSESSION,EBS,PRODUCT,Product,,,COMREF,AAI
PRODUCT_SUPERSESSION,EBS,PRODUCT,Product,FND_USER,USER_NAME,COMREF,AAI
PRODUCT_SUPERSESSION,EBS,PRODUCT,Product,MTL_RELATED_ITEMS,,COMREF,AAI
PRODUCT_SUPERSESSION,EBS,PRODUCT,Product,MTL_RELATED_ITEMS,RELATIONSHIP_TYPE_ID,COMREF,AAI
PRODUCT_SUPERSESSION,EBS,PRODUCT,Product,MTL_RELATED_ITEMS,START_DATE,COMREF,AAI
PRODUCT_SUPERSESSION,EBS,PRODUCT,Product,MTL_RELATED_ITEMS,ORGANIZATION_ID,COMREF,AAI
PRODUCT_SUPERSESSION,EBS,PRODUCT,Product,MTL_RELATED_ITEMS,LAST_UPDATE_DATE,COMREF,AAI
PRODUCT_SUPERSESSION,EBS,PRODUCT,Product,MTL_SYSTEM_ITEMS_B,SEGMENT1,COMREF,AAI
PRODUCT_SUPERSESSION,EBS,PRODUCT,Product,MTL_RELATED_ITEMS,DSN,COMREF,AAI
PRODUCT_SUPERSESSION,EBS,PRODUCT,Product,MTL_RELATED_ITEMS,HDISDELETEDRECORD,COMREF,AAI
PRODUCT_SUPERSESSION,EBS,PRODUCT,Product,MTL_RELATED_ITEMS,END_DATE,COMREF,AAI
PRODUCT_SUPPLIER,EBS,"PRODUCT, SUPPLIER",Product,PO_APPROVED_SUPPLIER_LIST,OWNING_ORGANIZATION_ID,COMREF,AAI
PRODUCT_SUPPLIER,EBS,"PRODUCT, SUPPLIER",Product,PO_ASL_STATUSES,STATUS,COMREF,AAI
PRODUCT_SUPPLIER,EBS,"PRODUCT, SUPPLIER",Product,PO_APPROVED_SUPPLIER_LIST,ASL_STATUS_ID,COMREF,AAI
PRODUCT_SUPPLIER,EBS,"PRODUCT, SUPPLIER",Product,FND_USER ,USER_NAME,COMREF,AAI
PRODUCT_SUPPLIER,EBS,"PRODUCT, SUPPLIER",Product,PO_APPROVED_SUPPLIER_LIST,CREATION_DATE,COMREF,AAI
PRODUCT_SUPPLIER,EBS,"PRODUCT, SUPPLIER",Product,PO_APPROVED_SUPPLIER_LIST,VENDOR_ID,COMREF,AAI
PRODUCT_SUPPLIER,EBS,"PRODUCT, SUPPLIER",Product,PO_APPROVED_SUPPLIER_LIST,HDISDELETEDRECORD ,COMREF,AAI
PRODUCT_SUPPLIER,EBS,"PRODUCT, SUPPLIER",Product,PO_APPROVED_SUPPLIER_LIST,"USING_ORGANIZATION_ID,ITEM_ID",COMREF,AAI
PRODUCT_SUPPLIER,EBS,"PRODUCT, SUPPLIER",Product,,,COMREF,AAI
PRODUCT_SUPPLIER,EBS,"PRODUCT, SUPPLIER",Product,PO_APPROVED_SUPPLIER_LIST,LAST_UPDATE_DATE,COMREF,AAI
PRODUCT_SUPPLIER,EBS,"PRODUCT, SUPPLIER",Product,PO_APPROVED_SUPPLIER_LIST,ASL_ID,COMREF,AAI
PRODUCT_SUPPLIER,EBS,"PRODUCT, SUPPLIER",Product,PO_APPROVED_SUPPLIER_LIST,PRIMARY_VENDOR_ITEM,COMREF,AAI
PRODUCT_SUPPLIER,EBS,"PRODUCT, SUPPLIER",Product,PO_APPROVED_SUPPLIER_LIST,DSN,COMREF,AAI
PRODUCT_SUPPLIER,EBS,"PRODUCT, SUPPLIER",Product,PO_APPROVED_SUPPLIER_LIST,ITEM_ID,COMREF,AAI
PRODUCT_SUPPLIER,EBS,"PRODUCT, SUPPLIER",Product,PO_APPROVED_SUPPLIER_LIST,USING_ORGANIZATION_ID,COMREF,AAI
PRODUCT_SUPPLIER,EBS,"PRODUCT, SUPPLIER",Product,PO_APPROVED_SUPPLIER_LIST,DISABLE_FLAG,COMREF,AAI
PRODUCT_SUPPLIER,EBS,"PRODUCT, SUPPLIER",Product,PO_APPROVED_SUPPLIER_LIST,,COMREF,AAI
PRODUCT_SUPPLIER_ATTRIBUTES,EBS,"PRODUCT,SUPPLIER",,PO_ASL_ATTRIBUTES,ENABLE_AUTOSCHEDULE_FLAG,COMREF,SCBI
PRODUCT_SUPPLIER_ATTRIBUTES,EBS,"PRODUCT,SUPPLIER",,PO_ASL_ATTRIBUTES,ASL_ID,COMREF,SCBI
PRODUCT_SUPPLIER_ATTRIBUTES,EBS,"PRODUCT,SUPPLIER",,PO_ASL_ATTRIBUTES,ITEM_ID,COMREF,SCBI
PRODUCT_SUPPLIER_ATTRIBUTES,EBS,"PRODUCT,SUPPLIER",,PO_ASL_ATTRIBUTES,ENABLE_PLAN_SCHEDULE_FLAG,COMREF,SCBI
PRODUCT_SUPPLIER_ATTRIBUTES,EBS,"PRODUCT,SUPPLIER",,PO_ASL_ATTRIBUTES,COUNTRY_OF_ORIGIN_CODE,COMREF,SCBI
PRODUCT_SUPPLIER_ATTRIBUTES,EBS,"PRODUCT,SUPPLIER",,PO_ASL_ATTRIBUTES,VMI_REPLENISHMENT_APPROVAL,COMREF,SCBI
PRODUCT_SUPPLIER_ATTRIBUTES,EBS,"PRODUCT,SUPPLIER",,PO_ASL_ATTRIBUTES,REPLENISHMENT_METHOD,COMREF,SCBI
PRODUCT_SUPPLIER_ATTRIBUTES,EBS,"PRODUCT,SUPPLIER",,PO_ASL_ATTRIBUTES,VMI_MIN_DAYS,COMREF,SCBI
PRODUCT_SUPPLIER_ATTRIBUTES,EBS,"PRODUCT,SUPPLIER",,,,COMREF,SCBI
PRODUCT_SUPPLIER_ATTRIBUTES,EBS,"PRODUCT,SUPPLIER",,PO_ASL_ATTRIBUTES,VMI_MAX_DAYS,COMREF,SCBI
PRODUCT_SUPPLIER_ATTRIBUTES,EBS,"PRODUCT,SUPPLIER",,PO_ASL_ATTRIBUTES,PLAN_BUCKET_PATTERN_ID,COMREF,SCBI
PRODUCT_SUPPLIER_ATTRIBUTES,EBS,"PRODUCT,SUPPLIER",,PO_ASL_ATTRIBUTES,CONSUME_ON_AGING_FLAG,COMREF,SCBI
PRODUCT_SUPPLIER_ATTRIBUTES,EBS,"PRODUCT,SUPPLIER",,PO_ASL_ATTRIBUTES,PURCHASING_UNIT_OF_MEASURE,COMREF,SCBI
PRODUCT_SUPPLIER_ATTRIBUTES,EBS,"PRODUCT,SUPPLIER",,PO_ASL_ATTRIBUTES,VMI_MIN_QTY,COMREF,SCBI
PRODUCT_SUPPLIER_ATTRIBUTES,EBS,"PRODUCT,SUPPLIER",,PO_ASL_ATTRIBUTES,HDISDELETEDRECORD,COMREF,SCBI
PRODUCT_SUPPLIER_ATTRIBUTES,EBS,"PRODUCT,SUPPLIER",,PO_ASL_ATTRIBUTES,FIXED_ORDER_QUANTITY,COMREF,SCBI
PRODUCT_SUPPLIER_ATTRIBUTES,EBS,"PRODUCT,SUPPLIER",,FND_USER,USER_NAME,COMREF,SCBI
PRODUCT_SUPPLIER_ATTRIBUTES,EBS,"PRODUCT,SUPPLIER",,PO_ASL_ATTRIBUTES,PROCESSING_LEAD_TIME,COMREF,SCBI
PRODUCT_SUPPLIER_ATTRIBUTES,EBS,"PRODUCT,SUPPLIER",,PO_ASL_ATTRIBUTES,ENABLE_AUTHORIZATIONS_FLAG,COMREF,SCBI
PRODUCT_SUPPLIER_ATTRIBUTES,EBS,"PRODUCT,SUPPLIER",,PO_ASL_ATTRIBUTES,LAST_BILLING_DATE,COMREF,SCBI
PRODUCT_SUPPLIER_ATTRIBUTES,EBS,"PRODUCT,SUPPLIER",,PO_ASL_ATTRIBUTES,ENABLE_VMI_AUTO_REPLENISH_FLAG,COMREF,SCBI
PRODUCT_SUPPLIER_ATTRIBUTES,EBS,"PRODUCT,SUPPLIER",,PO_ASL_ATTRIBUTES,ENABLE_VMI_FLAG,COMREF,SCBI
PRODUCT_SUPPLIER_ATTRIBUTES,EBS,"PRODUCT,SUPPLIER",,PO_ASL_ATTRIBUTES,LAST_UPDATE_DATE,COMREF,SCBI
PRODUCT_SUPPLIER_ATTRIBUTES,EBS,"PRODUCT,SUPPLIER",,PO_ASL_ATTRIBUTES,SHIP_BUCKET_PATTERN_ID,COMREF,SCBI
PRODUCT_SUPPLIER_ATTRIBUTES,EBS,"PRODUCT,SUPPLIER",,PO_ASL_ATTRIBUTES,PRICE_UPDATE_TOLERANCE,COMREF,SCBI
PRODUCT_SUPPLIER_ATTRIBUTES,EBS,"PRODUCT,SUPPLIER",,PO_ASL_ATTRIBUTES,DOCUMENT_SOURCING_METHOD,COMREF,SCBI
PRODUCT_SUPPLIER_ATTRIBUTES,EBS,"PRODUCT,SUPPLIER",,PO_ASL_ATTRIBUTES,DSN,COMREF,SCBI
PRODUCT_SUPPLIER_ATTRIBUTES,EBS,"PRODUCT,SUPPLIER",,PO_ASL_ATTRIBUTES,VMI_MAX_QTY,COMREF,SCBI
PRODUCT_SUPPLIER_ATTRIBUTES,EBS,"PRODUCT,SUPPLIER",,PO_ASL_ATTRIBUTES,"ASL_ID,USING_ORGANIZATION_ID",COMREF,SCBI
PRODUCT_SUPPLIER_ATTRIBUTES,EBS,"PRODUCT,SUPPLIER",,PO_ASL_ATTRIBUTES,VENDOR_SITE_ID,COMREF,SCBI
PRODUCT_SUPPLIER_ATTRIBUTES,EBS,"PRODUCT,SUPPLIER",,PO_ASL_ATTRIBUTES,AGING_PERIOD,COMREF,SCBI
PRODUCT_SUPPLIER_ATTRIBUTES,EBS,"PRODUCT,SUPPLIER",,PO_ASL_ATTRIBUTES,FORECAST_HORIZON,COMREF,SCBI
PRODUCT_SUPPLIER_ATTRIBUTES,EBS,"PRODUCT,SUPPLIER",,PO_ASL_ATTRIBUTES,MIN_ORDER_QTY,COMREF,SCBI
PRODUCT_SUPPLIER_ATTRIBUTES,EBS,"PRODUCT,SUPPLIER",,PO_ASL_ATTRIBUTES,SHIP_SCHEDULE_TYPE,COMREF,SCBI
PRODUCT_SUPPLIER_ATTRIBUTES,EBS,"PRODUCT,SUPPLIER",,PO_ASL_ATTRIBUTES,CREATION_DATE,COMREF,SCBI
PRODUCT_SUPPLIER_ATTRIBUTES,EBS,"PRODUCT,SUPPLIER",,PO_ASL_ATTRIBUTES,VENDOR_ID,COMREF,SCBI
PRODUCT_SUPPLIER_ATTRIBUTES,EBS,"PRODUCT,SUPPLIER",,PO_ASL_ATTRIBUTES,PLAN_SCHEDULE_TYPE,COMREF,SCBI
PRODUCT_SUPPLIER_ATTRIBUTES,EBS,"PRODUCT,SUPPLIER",,PO_ASL_ATTRIBUTES,CONSIGNED_FROM_SUPPLIER_FLAG,COMREF,SCBI
PRODUCT_SUPPLIER_ATTRIBUTES,EBS,"PRODUCT,SUPPLIER",,PO_ASL_ATTRIBUTES,CONSIGNED_BILLING_CYCLE,COMREF,SCBI
PRODUCT_SUPPLIER_ATTRIBUTES,EBS,"PRODUCT,SUPPLIER",,PO_ASL_ATTRIBUTES,FIXED_LOT_MULTIPLE,COMREF,SCBI
PRODUCT_SUPPLIER_ATTRIBUTES,EBS,"PRODUCT,SUPPLIER",,PO_ASL_ATTRIBUTES,DELIVERY_CALENDAR,COMREF,SCBI
PRODUCT_SUPPLIER_ATTRIBUTES,EBS,"PRODUCT,SUPPLIER",,PO_ASL_ATTRIBUTES,RELEASE_GENERATION_METHOD,COMREF,SCBI
PRODUCT_SUPPLIER_ATTRIBUTES,EBS,"PRODUCT,SUPPLIER",,PO_ASL_ATTRIBUTES,ENABLE_SHIP_SCHEDULE_FLAG,COMREF,SCBI
PRODUCT_SUPPLIER_ATTRIBUTES,EBS,"PRODUCT,SUPPLIER",,PO_ASL_ATTRIBUTES,SCHEDULER_ID,COMREF,SCBI
PRODUCT_SUPPLIER_ATTRIBUTES,EBS,"PRODUCT,SUPPLIER",,PO_ASL_ATTRIBUTES,USING_ORGANIZATION_ID,COMREF,SCBI
PRODUCT_SUPPLIER_DOCUMENTS,EBS,"PRODUCT,SUPPLIER",,PO_ASL_DOCUMENTS,CREATION_DATE,COMREF,SCBI
PRODUCT_SUPPLIER_DOCUMENTS,EBS,"PRODUCT,SUPPLIER",,PO_ASL_DOCUMENTS,DSN,COMREF,SCBI
PRODUCT_SUPPLIER_DOCUMENTS,EBS,"PRODUCT,SUPPLIER",,PO_ASL_DOCUMENTS,"ASL_ID,USING_ORGANIZATION_ID",COMREF,SCBI
PRODUCT_SUPPLIER_DOCUMENTS,EBS,"PRODUCT,SUPPLIER",,PO_ASL_DOCUMENTS,ASL_ID,COMREF,SCBI
PRODUCT_SUPPLIER_DOCUMENTS,EBS,"PRODUCT,SUPPLIER",,PO_ASL_DOCUMENTS,DOCUMENT_TYPE_CODE,COMREF,SCBI
PRODUCT_SUPPLIER_DOCUMENTS,EBS,"PRODUCT,SUPPLIER",,PO_ASL_DOCUMENTS,ORG_ID,COMREF,SCBI
PRODUCT_SUPPLIER_DOCUMENTS,EBS,"PRODUCT,SUPPLIER",,PO_ASL_DOCUMENTS,SEQUENCE_NUM,COMREF,SCBI
PRODUCT_SUPPLIER_DOCUMENTS,EBS,"PRODUCT,SUPPLIER",,,,COMREF,SCBI
PRODUCT_SUPPLIER_DOCUMENTS,EBS,"PRODUCT,SUPPLIER",,FND_USER,USER_NAME,COMREF,SCBI
PRODUCT_SUPPLIER_DOCUMENTS,EBS,"PRODUCT,SUPPLIER",,PO_ASL_DOCUMENTS,LAST_UPDATE_DATE,COMREF,SCBI
PRODUCT_SUPPLIER_DOCUMENTS,EBS,"PRODUCT,SUPPLIER",,PO_ASL_DOCUMENTS,HDISDELETEDRECORD,COMREF,SCBI
PRODUCT_SUPPLIER_DOCUMENTS,EBS,"PRODUCT,SUPPLIER",,PO_ASL_DOCUMENTS,"ASL_ID,USING_ORGANIZATION_ID,DOCUMENT_HEADER_ID",COMREF,SCBI
PRODUCT_SUPPLIER_DOCUMENTS,EBS,"PRODUCT,SUPPLIER",,PO_ASL_DOCUMENTS,DOCUMENT_LINE_ID,COMREF,SCBI
PRODUCT_SUPPLIER_DOCUMENTS,EBS,"PRODUCT,SUPPLIER",,PO_ASL_DOCUMENTS,USING_ORGANIZATION_ID,COMREF,SCBI
PRODUCT_SUPPLIER_DOCUMENTS,EBS,"PRODUCT,SUPPLIER",,PO_ASL_DOCUMENTS,DOCUMENT_HEADER_ID,COMREF,SCBI
PRODUCT_TRANSACTION_TYPE,EBS,PRODUCT,PRODUCT,MTL_TRANSACTION_TYPES,TRANSACTION_TYPE_NAME,COMREF,AAI
PRODUCT_TRANSACTION_TYPE,EBS,PRODUCT,PRODUCT,MTL_TRANSACTION_TYPES,TRANSACTION_TYPE_ID,COMREF,AAI
PRODUCT_TRANSACTION_TYPE,EBS,PRODUCT,PRODUCT,MTL_TRANSACTION_TYPES,DSN,COMREF,AAI
PRODUCT_TRANSACTION_TYPE,EBS,PRODUCT,PRODUCT,MTL_TRANSACTION_TYPES,TRANSACTION_ACTION_ID,COMREF,AAI
PRODUCT_TRANSACTION_TYPE,EBS,PRODUCT,PRODUCT,MTL_TRANSACTION_TYPES,DESCRIPTION,COMREF,AAI
PRODUCT_TRANSACTION_TYPE,EBS,PRODUCT,PRODUCT,MTL_TRANSACTION_TYPES,CREATION_DATE,COMREF,AAI
PRODUCT_TRANSACTION_TYPE,EBS,PRODUCT,PRODUCT,MTL_TRANSACTION_TYPES,LAST_UPDATE_DATE,COMREF,AAI
PRODUCT_TRANSACTION_TYPE,EBS,PRODUCT,PRODUCT,MFG_LOOKUPS,MEANING,COMREF,AAI
PRODUCT_TRANSACTION_TYPE,EBS,PRODUCT,PRODUCT,FND_USER,USER_NAME,COMREF,AAI
PRODUCT_TRANSACTION_TYPE,EBS,PRODUCT,PRODUCT,MTL_TRANSACTION_TYPES,HDISDELETEDRECORD,COMREF,AAI
PRODUCT_TRANSACTION_TYPE,EBS,PRODUCT,PRODUCT,MTL_TXN_SOURCE_TYPES,TRANSACTION_SOURCE_TYPE_NAME,COMREF,AAI
PRODUCT_TRANSACTION_TYPE,EBS,PRODUCT,PRODUCT,,,COMREF,AAI
PRODUCT_TRANSACTION_TYPE,EBS,PRODUCT,PRODUCT,MTL_TRANSACTION_TYPES,TRANSACTION_SOURCE_TYPE_ID,COMREF,AAI
PURCHASE_ORDER_BUYER,EBS,PROCUREMENT,Purchase Order,PO_AGENTS_V,CREATION_DATE,COMREF,AAI
PURCHASE_ORDER_BUYER,EBS,PROCUREMENT,Purchase Order,,,COMREF,AAI
PURCHASE_ORDER_BUYER,EBS,PROCUREMENT,Purchase Order,PO_AGENTS_V,END_DATE_ACTIVE,COMREF,AAI
PURCHASE_ORDER_BUYER,EBS,PROCUREMENT,Purchase Order,PO_AGENTS_V,LAST_UPDATE_DATE,COMREF,AAI
PURCHASE_ORDER_BUYER,EBS,PROCUREMENT,Purchase Order,FND_USER,USER_NAME,COMREF,AAI
PURCHASE_ORDER_BUYER,EBS,PROCUREMENT,Purchase Order,PO_AGENTS_V,HDISDELETEDRECORD,COMREF,AAI
PURCHASE_ORDER_BUYER,EBS,PROCUREMENT,Purchase Order,PO_AGENTS_V,AGENT_NAME,COMREF,AAI
PURCHASE_ORDER_BUYER,EBS,PROCUREMENT,Purchase Order,PO_AGENTS_V,START_DATE_ACTIVE,COMREF,AAI
PURCHASE_ORDER_BUYER,EBS,PROCUREMENT,Purchase Order,PO_AGENTS_V,LOCATION_ID,COMREF,AAI
PURCHASE_ORDER_BUYER,EBS,PROCUREMENT,Purchase Order,PO_AGENTS_V,,COMREF,AAI
PURCHASE_ORDER_BUYER,EBS,PROCUREMENT,Purchase Order,PO_AGENTS_V,DSN,COMREF,AAI
PURCHASE_ORDER_BUYER,EBS,PROCUREMENT,Purchase Order,PO_AGENTS_V,AUTHORIZATION_LIMIT,COMREF,AAI
SALES_REPRESENTATIVE,EBS,SALES," ",JTF_RS_SALESREPS,END_DATE_ACTIVE,COMREF,AAI
SALES_REPRESENTATIVE,EBS,SALES," "," "," ",COMREF,AAI
SALES_REPRESENTATIVE,EBS,SALES," ",JTF_RS_SALESREPS,PERSON_ID,COMREF,AAI
SALES_REPRESENTATIVE,EBS,SALES," ",JTF_RS_SALESREPS,HDISDELETEDRECORD,COMREF,AAI
SALES_REPRESENTATIVE,EBS,SALES," ",JTF_RS_SALESREPS,RESOURCE_ID,COMREF,AAI
SALES_REPRESENTATIVE,EBS,SALES," "," ",DSN,COMREF,AAI
SALES_REPRESENTATIVE,EBS,SALES," ",JTF_RS_SALESREPS,SALESREP_ID,COMREF,AAI
SALES_REPRESENTATIVE,EBS,SALES," ",JTF_RS_SALESREPS,STATUS,COMREF,AAI
SALES_REPRESENTATIVE,EBS,SALES," ",JTF_RS_SALESREPS,NAME,COMREF,AAI
SALES_REPRESENTATIVE,EBS,SALES," ",JTF_RS_SALESREPS,EMAIL_ADDRESS,COMREF,AAI
SALES_REPRESENTATIVE,EBS,SALES," ",JTF_RS_SALESREPS,START_DATE_ACTIVE,COMREF,AAI
SALES_REPRESENTATIVE,EBS,SALES," ",JTF_RS_SALESREPS,CREATION_DATE,COMREF,AAI
SALES_REPRESENTATIVE,EBS,SALES," ",JTF_RS_SALESREPS,ORG_ID,COMREF,AAI
SALES_REPRESENTATIVE,EBS,SALES," ",JTF_RS_SALESREPS,LAST_UPDATE_DATE,COMREF,AAI
SALES_REPRESENTATIVE,EBS,SALES," ",JTF_RS_SALESREPS,"SALESREP_ID, ORG_ID",COMREF,AAI
SALES_REPRESENTATIVE,EBS,SALES," ",FND_USER,USER_NAME,COMREF,AAI
SALES_REPRESENTATIVE,EBS,SALES," ",JTF_RS_SALESREPS,SALESREP_NUMBER,COMREF,AAI
SOURCING_RULE,EBS,,Planning,MRP_SOURCING_RULES,DESCRIPTION,COMREF,AAI
SOURCING_RULE,EBS,,Planning,MRP_SOURCING_RULES,PLANNING_ACTIVE,COMREF,AAI
SOURCING_RULE,EBS,,Planning,FND_USER,USER_NAME,COMREF,AAI
SOURCING_RULE,EBS,,Planning,MRP_SOURCING_RULES,ORGANIZATION_ID,COMREF,AAI
SOURCING_RULE,EBS,,Planning,MRP_SOURCING_RULES,STATUS,COMREF,AAI
SOURCING_RULE,EBS,,Planning,,,COMREF,AAI
SOURCING_RULE,EBS,,Planning,MRP_SOURCING_RULES,SOURCING_RULE_NAME,COMREF,AAI
SOURCING_RULE,EBS,,Planning,MRP_SOURCING_RULES,HDISDELETEDRECORD,COMREF,AAI
SOURCING_RULE,EBS,,Planning,MRP_SOURCING_RULES,SOURCING_RULE_ID,COMREF,AAI
SOURCING_RULE,EBS,,Planning,MRP_SOURCING_RULES,SOURCING_RULE_TYPE,COMREF,AAI
SOURCING_RULE,EBS,,Planning,MRP_SOURCING_RULES,DSN,COMREF,AAI
SOURCING_RULE,EBS,,Planning,MRP_SOURCING_RULES,CREATION_DATE,COMREF,AAI
SOURCING_RULE,EBS,,Planning,MRP_SOURCING_RULES,,COMREF,AAI
SOURCING_RULE,EBS,,Planning,MRP_SOURCING_RULES,LAST_UPDATE_DATE,COMREF,AAI
SOURCING_RULE_ASSIGNEMENT,EBS,," ",MRP_SR_ASSIGNMENTS,CREATION_DATE,COMREF,AAI
SOURCING_RULE_ASSIGNEMENT,EBS,," ",FND_USER,USER_NAME ,COMREF,AAI
SOURCING_RULE_ASSIGNEMENT,EBS,," ",MRP_SR_ASSIGNMENTS,ASSIGNMENT_TYPE,COMREF,AAI
SOURCING_RULE_ASSIGNEMENT,EBS,," ",MRP_SR_ASSIGNMENTS,INVENTORY_ITEM_ID,COMREF,AAI
SOURCING_RULE_ASSIGNEMENT,EBS,," ",MRP_SR_ASSIGNMENTS,LAST_UPDATE_DATE,COMREF,AAI
SOURCING_RULE_ASSIGNEMENT,EBS,," ",MRP_SR_ASSIGNMENTS,SOURCING_RULE_TYPE,COMREF,AAI
SOURCING_RULE_ASSIGNEMENT,EBS,," "," "," ",COMREF,AAI
SOURCING_RULE_ASSIGNEMENT,EBS,," ",MRP_SR_ASSIGNMENTS,HDISDELETEDRECORD,COMREF,AAI
SOURCING_RULE_ASSIGNEMENT,EBS,," ",MRP_SR_ASSIGNMENTS,ORGANIZATION_ID,COMREF,AAI
SOURCING_RULE_ASSIGNEMENT,EBS,," ",MRP_SR_ASSIGNMENTS,CUSTOMER_ID,COMREF,AAI
SOURCING_RULE_ASSIGNEMENT,EBS,," ",MRP_SR_ASSIGNMENTS,SOURCING_RULE_ID,COMREF,AAI
SOURCING_RULE_ASSIGNEMENT,EBS,," ",MRP_SR_ASSIGNMENTS," ",COMREF,AAI
SOURCING_RULE_ASSIGNEMENT,EBS,," ",MRP_SR_ASSIGNMENTS,ASSIGNMENT_ID,COMREF,AAI
SOURCING_RULE_ASSIGNEMENT,EBS,," ",MRP_SR_ASSIGNMENTS,ASSIGNMENT_SET_ID,COMREF,AAI
SOURCING_RULE_ASSIGNEMENT,EBS,," ",MRP_SR_ASSIGNMENTS,DSN,COMREF,AAI
SOURCING_RULE_ASSIGNMENT_SET,EBS,," ",MRP_ASSIGNMENT_SETS,ASSIGNMENT_SET_NAME,COMREF,AAI
SOURCING_RULE_ASSIGNMENT_SET,EBS,," ",FND_USER,USER_NAME ,COMREF,AAI
SOURCING_RULE_ASSIGNMENT_SET,EBS,," ",MRP_ASSIGNMENT_SETS,ASSIGNMENT_SET_ID,COMREF,AAI
SOURCING_RULE_ASSIGNMENT_SET,EBS,," ",MRP_ASSIGNMENT_SETS,LAST_UPDATE_DATE,COMREF,AAI
SOURCING_RULE_ASSIGNMENT_SET,EBS,," ",MRP_ASSIGNMENT_SETS,DSN,COMREF,AAI
SOURCING_RULE_ASSIGNMENT_SET,EBS,," ",MRP_ASSIGNMENT_SETS," ",COMREF,AAI
SOURCING_RULE_ASSIGNMENT_SET,EBS,," ",MRP_ASSIGNMENT_SETS,CREATION_DATE,COMREF,AAI
SOURCING_RULE_ASSIGNMENT_SET,EBS,," ",MRP_ASSIGNMENT_SETS,DESCRIPTION,COMREF,AAI
SOURCING_RULE_ASSIGNMENT_SET,EBS,," ",MRP_ASSIGNMENT_SETS,HDISDELETEDRECORD,COMREF,AAI
SOURCING_RULE_ASSIGNMENT_SET,EBS,," "," "," ",COMREF,AAI
SOURCING_RULE_ORGANIZATION_SUPPLIER,EBS,,PLANNING,MRP_SR_SOURCE_ORG,CREATION_DATE,COMREF,AAI
SOURCING_RULE_ORGANIZATION_SUPPLIER,EBS,,PLANNING,MRP_SR_SOURCE_ORG,SOURCE_ORGANIZATION_ID,COMREF,AAI
SOURCING_RULE_ORGANIZATION_SUPPLIER,EBS,,PLANNING,MRP_SR_SOURCE_ORG,LAST_UPDATE_DATE,COMREF,AAI
SOURCING_RULE_ORGANIZATION_SUPPLIER,EBS,,PLANNING,FND_USER,USER_NAME,COMREF,AAI
SOURCING_RULE_ORGANIZATION_SUPPLIER,EBS,,PLANNING,MRP_SR_SOURCE_ORG,SR_RECEIPT_ID,COMREF,AAI
SOURCING_RULE_ORGANIZATION_SUPPLIER,EBS,,PLANNING,MRP_SR_SOURCE_ORG,VENDOR_SITE_ID,COMREF,AAI
SOURCING_RULE_ORGANIZATION_SUPPLIER,EBS,,PLANNING,MRP_SR_SOURCE_ORG,SOURCE_TYPE,COMREF,AAI
SOURCING_RULE_ORGANIZATION_SUPPLIER,EBS,,PLANNING,MRP_SR_SOURCE_ORG,DSN,COMREF,AAI
SOURCING_RULE_ORGANIZATION_SUPPLIER,EBS,,PLANNING,MRP_SR_SOURCE_ORG,ALLOCATION_PERCENT,COMREF,AAI
SOURCING_RULE_ORGANIZATION_SUPPLIER,EBS,,PLANNING,MRP_SR_SOURCE_ORG,SHIP_METHOD,COMREF,AAI
SOURCING_RULE_ORGANIZATION_SUPPLIER,EBS,,PLANNING,MRP_SR_SOURCE_ORG,,COMREF,AAI
SOURCING_RULE_ORGANIZATION_SUPPLIER,EBS,,PLANNING,MRP_SR_SOURCE_ORG,VENDOR_ID,COMREF,AAI
SOURCING_RULE_ORGANIZATION_SUPPLIER,EBS,,PLANNING,MRP_SR_SOURCE_ORG,SR_SOURCE_ID,COMREF,AAI
SOURCING_RULE_ORGANIZATION_SUPPLIER,EBS,,PLANNING,FND_LOOKUP_VALUES,MEANING,COMREF,AAI
SOURCING_RULE_ORGANIZATION_SUPPLIER,EBS,,PLANNING,,,COMREF,AAI
SOURCING_RULE_ORGANIZATION_SUPPLIER,EBS,,PLANNING,MRP_SR_SOURCE_ORG,RANK,COMREF,AAI
SOURCING_RULE_ORGANIZATION_SUPPLIER,EBS,,PLANNING,FND_LOOKUP_VALUES,DESCRIPTION,COMREF,AAI
SOURCING_RULE_ORGANIZATION_SUPPLIER,EBS,,PLANNING,MRP_SR_SOURCE_ORG,HDISDELETEDRECORD,COMREF,AAI
SOURCING_RULE_RECEIPT_ORGANIZATION,EBS,,PLANNING,MRP_SR_RECEIPT_ORG,HDISDELETEDRECORD,COMREF,AAI
SOURCING_RULE_RECEIPT_ORGANIZATION,EBS,,PLANNING,,,COMREF,AAI
SOURCING_RULE_RECEIPT_ORGANIZATION,EBS,,PLANNING,MRP_SR_RECEIPT_ORG,DSN,COMREF,AAI
SOURCING_RULE_RECEIPT_ORGANIZATION,EBS,,PLANNING,MRP_SR_RECEIPT_ORG,SR_RECEIPT_ID,COMREF,AAI
SOURCING_RULE_RECEIPT_ORGANIZATION,EBS,,PLANNING,MRP_SR_RECEIPT_ORG,SOURCING_RULE_ID,COMREF,AAI
SOURCING_RULE_RECEIPT_ORGANIZATION,EBS,,PLANNING,MRP_SR_RECEIPT_ORG,,COMREF,AAI
SOURCING_RULE_RECEIPT_ORGANIZATION,EBS,,PLANNING,MRP_SR_RECEIPT_ORG,DISABLE_DATE,COMREF,AAI
SOURCING_RULE_RECEIPT_ORGANIZATION,EBS,,PLANNING,MRP_SR_RECEIPT_ORG,RECEIVING_ORGANIZATION_ID,COMREF,AAI
SOURCING_RULE_RECEIPT_ORGANIZATION,EBS,,PLANNING,MRP_SR_RECEIPT_ORG,EFFECTIVE_DATE,COMREF,AAI
SOURCING_RULE_RECEIPT_ORGANIZATION,EBS,,PLANNING,MRP_SR_RECEIPT_ORG,CREATION_DATE,COMREF,AAI
SOURCING_RULE_RECEIPT_ORGANIZATION,EBS,,PLANNING,FND_USER,USER_NAME,COMREF,AAI
SOURCING_RULE_RECEIPT_ORGANIZATION,EBS,,PLANNING,MRP_SR_RECEIPT_ORG,LAST_UPDATE_DATE,COMREF,AAI
SUPPLIER,EBS,SUPPLIER,SUPPLIER,AP_SUPPLIERS,VENDOR_NAME_ALT	,COMREF,AAI
SUPPLIER,EBS,SUPPLIER,SUPPLIER,AP_SUPPLIERS,FEDERAL_REPORTABLE_FLAG,COMREF,AAI
SUPPLIER,EBS,SUPPLIER,SUPPLIER,AP_SUPPLIERS,TAX_VERIFICATION_DATE,COMREF,AAI
SUPPLIER,EBS,SUPPLIER,SUPPLIER,AP_SUPPLIERS,SEGMENT1,COMREF,AAI
SUPPLIER,EBS,SUPPLIER,SUPPLIER,AP_SUPPLIERS,VENDOR_NAME,COMREF,AAI
SUPPLIER,EBS,SUPPLIER,SUPPLIER,AP_SUPPLIERS,HOLD_UNMATCHED_INVOICES_FLAG,COMREF,AAI
SUPPLIER,EBS,SUPPLIER,SUPPLIER,AP_SUPPLIERS,CREATION_DATE,COMREF,AAI
SUPPLIER,EBS,SUPPLIER,SUPPLIER,AP_SUPPLIERS,HOLD_REASON,COMREF,AAI
SUPPLIER,EBS,SUPPLIER,SUPPLIER,AP_SUPPLIERS,PARTY_ID,COMREF,AAI
SUPPLIER,EBS,SUPPLIER,SUPPLIER,AP_SUPPLIERS,ALLOW_AWT_FLAG,COMREF,AAI
SUPPLIER,EBS,SUPPLIER,SUPPLIER,AP_SUPPLIERS,LAST_UPDATE_DATE,COMREF,AAI
SUPPLIER,EBS,SUPPLIER,SUPPLIER,AP_SUPPLIERS,TERMS_ID,COMREF,AAI
SUPPLIER,EBS,SUPPLIER,SUPPLIER,AP_SUPPLIERS,VENDOR_ID,COMREF,AAI
SUPPLIER,EBS,SUPPLIER,SUPPLIER,AP_SUPPLIERS,END_DATE_ACTIVE,COMREF,AAI
SUPPLIER,EBS,SUPPLIER,SUPPLIER,AP_SUPPLIERS,MINORITY_GROUP_LOOKUP_CODE,COMREF,AAI
SUPPLIER,EBS,SUPPLIER,SUPPLIER,AP_SUPPLIERS,START_DATE_ACTIVE,COMREF,AAI
SUPPLIER,EBS,SUPPLIER,SUPPLIER,AP_SUPPLIERS,ATTRIBUTE3,COMREF,AAI
SUPPLIER,EBS,SUPPLIER,SUPPLIER,AP_SUPPLIERS,HDISDELETEDRECORD,COMREF,AAI
SUPPLIER,EBS,SUPPLIER,SUPPLIER,AP_SUPPLIERS," VAT_REGISTRATION_NUM#1,
 VAT_REGISTRATION_NUM",COMREF,AAI
SUPPLIER,EBS,SUPPLIER,SUPPLIER,AP_SUPPLIERS,VENDOR_TYPE_LOOKUP_CODE,COMREF,AAI
SUPPLIER,EBS,SUPPLIER,SUPPLIER,AP_SUPPLIERS,PURCHASING_HOLD_REASON,COMREF,AAI
SUPPLIER,EBS,SUPPLIER,SUPPLIER,AP_SUPPLIERS,TAX_REPORTING_NAME,COMREF,AAI
SUPPLIER,EBS,SUPPLIER,SUPPLIER,AP_SUPPLIERS,DSN+VENDOR_ID,COMREF,AAI
SUPPLIER,EBS,SUPPLIER,SUPPLIER,AP_SUPPLIERS,STATE_REPORTABLE_FLAG,COMREF,AAI
SUPPLIER,EBS,SUPPLIER,SUPPLIER,,,COMREF,AAI
SUPPLIER,EBS,SUPPLIER,SUPPLIER,AP_SUPPLIERS,STANDARD_INDUSTRY_CLASS,COMREF,AAI
SUPPLIER,EBS,SUPPLIER,SUPPLIER,,BLANK,COMREF,AAI
SUPPLIER,EBS,SUPPLIER,SUPPLIER,AP_SUPPLIERS,DSN,COMREF,AAI
SUPPLIER,EBS,SUPPLIER,SUPPLIER,AP_SUPPLIERS,WOMEN_OWNED_FLAG,COMREF,AAI
SUPPLIER,EBS,SUPPLIER,SUPPLIER,FND_LOOKUP_VALUES,DESCRIPTION,COMREF,AAI
SUPPLIER,EBS,SUPPLIER,SUPPLIER,AP_SUPPLIERS,HOLD_ALL_PAYMENTS_FLAG,COMREF,AAI
SUPPLIER,EBS,SUPPLIER,SUPPLIER,AP_SUPPLIERS,ORGANIZATION_TYPE_LOOKUP_CODE,COMREF,AAI
SUPPLIER,EBS,SUPPLIER,SUPPLIER,FND_USER,USER_NAME,COMREF,AAI
SUPPLIER,EBS,SUPPLIER,SUPPLIER,AP_SUPPLIERS,SMALL_BUSINESS_FLAG,COMREF,AAI
SUPPLIER,EBS,SUPPLIER,SUPPLIER,AP_SUPPLIERS,NUM_1099,COMREF,AAI
SUPPLIER,EBS,SUPPLIER,SUPPLIER,AP_TERMS_TL,DESCRIPTION,COMREF,AAI
SUPPLIER_SITE,EBS,SUPPLIER,SUPPLIER_SITE,AP_SUPPLIER_SITES_ALL,INACTIVE_DATE,COMREF,AAI
SUPPLIER_SITE,EBS,SUPPLIER,SUPPLIER_SITE,AP_SUPPLIER_SITES_ALL,LAST_UPDATE_DATE,COMREF,AAI
SUPPLIER_SITE,EBS,SUPPLIER,SUPPLIER_SITE,AP_SUPPLIER_SITES_ALL,STATE,COMREF,AAI
SUPPLIER_SITE,EBS,SUPPLIER,SUPPLIER_SITE,AP_SUPPLIER_SITES_ALL,ATTRIBUTE8,COMREF,AAI
SUPPLIER_SITE,EBS,SUPPLIER,SUPPLIER_SITE,AP_SUPPLIER_SITES_ALL,VENDOR_ID,COMREF,AAI
SUPPLIER_SITE,EBS,SUPPLIER,SUPPLIER_SITE,AP_SUPPLIER_SITES_ALL,SHIP_TO_LOCATION_ID,COMREF,AAI
SUPPLIER_SITE,EBS,SUPPLIER,SUPPLIER_SITE,AP_SUPPLIER_SITES_ALL,HOLD_REASON,COMREF,AAI
SUPPLIER_SITE,EBS,SUPPLIER,SUPPLIER_SITE,AP_SUPPLIER_SITES_ALL,HOLD_ALL_PAYMENTS_FLAG,COMREF,AAI
SUPPLIER_SITE,EBS,SUPPLIER,SUPPLIER_SITE,AP_SUPPLIER_SITES_ALL,SMALL_BUSINESS_CODE,COMREF,AAI
SUPPLIER_SITE,EBS,SUPPLIER,SUPPLIER_SITE,AP_SUPPLIER_SITES_ALL,HOLD_UNMATCHED_INVOICES_FLAG,COMREF,AAI
SUPPLIER_SITE,EBS,SUPPLIER,SUPPLIER_SITE,AP_SUPPLIER_SITES_ALL,TERMS_ID,COMREF,AAI
SUPPLIER_SITE,EBS,SUPPLIER,SUPPLIER_SITE,AP_SUPPLIER_SITES_ALL,ADDRESS_LINE3,COMREF,AAI
SUPPLIER_SITE,EBS,SUPPLIER,SUPPLIER_SITE,AP_SUPPLIER_SITES_ALL,ADDRESS_LINE1,COMREF,AAI
SUPPLIER_SITE,EBS,SUPPLIER,SUPPLIER_SITE,AP_SUPPLIER_SITES_ALL,VENDOR_SITE_CODE_ALT,COMREF,AAI
SUPPLIER_SITE,EBS,SUPPLIER,SUPPLIER_SITE,AP_SUPPLIER_SITES_ALL,HOLD_FUTURE_PAYMENTS_FLAG,COMREF,AAI
SUPPLIER_SITE,EBS,SUPPLIER,SUPPLIER_SITE,AP_SUPPLIER_SITES_ALL,,COMREF,AAI
SUPPLIER_SITE,EBS,SUPPLIER,SUPPLIER_SITE,AP_SUPPLIER_SITES_ALL,ADDRESS_LINE4,COMREF,AAI
SUPPLIER_SITE,EBS,SUPPLIER,SUPPLIER_SITE,AP_SUPPLIER_SITES_ALL,INVOICE_CURRENCY_CODE,COMREF,AAI
SUPPLIER_SITE,EBS,SUPPLIER,SUPPLIER_SITE,AP_SUPPLIER_SITES_ALL,PAYMENT_METHOD_LOOKUP_CODE,COMREF,AAI
SUPPLIER_SITE,EBS,SUPPLIER,SUPPLIER_SITE,AP_SUPPLIER_SITES_ALL,COUNTRY,COMREF,AAI
SUPPLIER_SITE,EBS,SUPPLIER,SUPPLIER_SITE,AP_SUPPLIER_SITES_ALL,CREATION_DATE,COMREF,AAI
SUPPLIER_SITE,EBS,SUPPLIER,SUPPLIER_SITE,,,COMREF,AAI
SUPPLIER_SITE,EBS,SUPPLIER,SUPPLIER_SITE,AP_SUPPLIER_SITES_ALL,PROVINCE,COMREF,AAI
SUPPLIER_SITE,EBS,SUPPLIER,SUPPLIER_SITE,AP_SUPPLIER_SITES_ALL,ORG_ID,COMREF,AAI
SUPPLIER_SITE,EBS,SUPPLIER,SUPPLIER_SITE,AP_SUPPLIER_SITES_ALL,VENDOR_SITE_CODE,COMREF,AAI
SUPPLIER_SITE,EBS,SUPPLIER,SUPPLIER_SITE,AP_SUPPLIER_SITES_ALL,VAT_REGISTRATION_NUM,COMREF,AAI
SUPPLIER_SITE,EBS,SUPPLIER,SUPPLIER_SITE,AP_SUPPLIER_SITES_ALL,PAYMENT_CURRENCY_CODE,COMREF,AAI
SUPPLIER_SITE,EBS,SUPPLIER,SUPPLIER_SITE,AP_SUPPLIER_SITES_ALL,ZIP,COMREF,AAI
SUPPLIER_SITE,EBS,SUPPLIER,SUPPLIER_SITE,AP_SUPPLIER_SITES_ALL,COUNTY,COMREF,AAI
SUPPLIER_SITE,EBS,SUPPLIER,SUPPLIER_SITE,AP_SUPPLIER_SITES_ALL,VENDOR_SITE_ID,COMREF,AAI
SUPPLIER_SITE,EBS,SUPPLIER,SUPPLIER_SITE,AP_SUPPLIER_SITES_ALL,BILL_TO_LOCATION_ID,COMREF,AAI
SUPPLIER_SITE,EBS,SUPPLIER,SUPPLIER_SITE,AP_SUPPLIER_SITES_ALL,CITY,COMREF,AAI
SUPPLIER_SITE,EBS,SUPPLIER,SUPPLIER_SITE,AP_SUPPLIER_SITES_ALL,ADDRESS_LINE2,COMREF,AAI
SUPPLIER_SITE,EBS,SUPPLIER,SUPPLIER_SITE,FND_USER,USER_NAME,COMREF,AAI
TAX_CONFIGURATION,EBS,PRODUCT,TAX,,,COMREF,SCBI
TAX_CONFIGURATION,EBS,PRODUCT,TAX,AR_VAT_TAX_ALL_B,VAT_TAX_ID,COMREF,SCBI
TAX_CONFIGURATION,EBS,PRODUCT,TAX,AR_VAT_TAX_ALL_B,LAST_UPDATE_DATE,COMREF,SCBI
TAX_CONFIGURATION,EBS,PRODUCT,TAX,AR_VAT_TAX_ALL_B,TAX_RATE,COMREF,SCBI
TAX_CONFIGURATION,EBS,PRODUCT,TAX,AR_VAT_TAX_ALL_B,HDISDELETEDRECORD,COMREF,SCBI
TAX_CONFIGURATION,EBS,PRODUCT,TAX,AR_VAT_TAX_ALL_B,DSN,COMREF,SCBI
TAX_CONFIGURATION,EBS,PRODUCT,TAX,AR_VAT_TAX_ALL_B,END_DATE,COMREF,SCBI
TAX_CONFIGURATION,EBS,PRODUCT,TAX,AR_VAT_TAX_ALL_B,TAX_CODE,COMREF,SCBI
TAX_CONFIGURATION,EBS,PRODUCT,,,,COMREF,SCBI
TAX_CONFIGURATION,EBS,PRODUCT,TAX,FND_USER,USER_NAME,COMREF,SCBI
TAX_CONFIGURATION,EBS,PRODUCT,TAX,AR_VAT_TAX_ALL_B,CREATION_DATE,COMREF,SCBI
TAX_CONFIGURATION,EBS,PRODUCT,TAX,AR_VAT_TAX_ALL_B,DESCRIPTION,COMREF,SCBI
TAX_CONFIGURATION,EBS,PRODUCT,TAX,AR_VAT_TAX_ALL_B,START_DATE,COMREF,SCBI
TAX_CONFIGURATION,EBS,PRODUCT,TAX,AR_VAT_TAX_ALL_B,TAX_TYPE,COMREF,SCBI
TAX_CONFIGURATION,EBS,PRODUCT,TAX,AR_VAT_TAX_ALL_B,ORG_ID,COMREF,SCBI
TAX_REPORTING_MAPPING,EBS,FINANCE,,JAI_REPORTING_ASSOCIATIONS,REPORTING_TYPE_ID,COMREF,IRA
TAX_REPORTING_MAPPING,EBS,FINANCE,,JAI_REPORTING_ASSOCIATIONS,"ENTITY_ID,ENTITY_CODE",COMREF,IRA
TAX_REPORTING_MAPPING,EBS,FINANCE,,JAI_REPORTING_ASSOCIATIONS,REPORTING_USAGE,COMREF,IRA
TAX_REPORTING_MAPPING,EBS,FINANCE,,JAI_REPORTING_ASSOCIATIONS,EFFECTIVE_TO,COMREF,IRA
TAX_REPORTING_MAPPING,EBS,FINANCE,,JAI_REPORTING_ASSOCIATIONS,CREATION_DATE,COMREF,IRA
TAX_REPORTING_MAPPING,EBS,FINANCE,,,,COMREF,IRA
TAX_REPORTING_MAPPING,EBS,FINANCE,,JAI_REPORTING_TYPES,REPORTING_TYPE_NAME,COMREF,IRA
TAX_REPORTING_MAPPING,EBS,FINANCE,,JAI_REPORTING_ASSOCIATIONS,REPORTING_CODE_DESCRIPTION,COMREF,IRA
TAX_REPORTING_MAPPING,EBS,FINANCE,,JAI_REPORTING_ASSOCIATIONS,REPORTING_CODE_ID,COMREF,IRA
TAX_REPORTING_MAPPING,EBS,FINANCE,,JAI_REPORTING_ASSOCIATIONS,REPORTING_ASSOCIATION_ID,COMREF,IRA
TAX_REPORTING_MAPPING,EBS,FINANCE,,JAI_REPORTING_ASSOCIATIONS,ENTITY_ID,COMREF,IRA
TAX_REPORTING_MAPPING,EBS,FINANCE,,JAI_REPORTING_ASSOCIATIONS,ENTITY_CODE,COMREF,IRA
TAX_REPORTING_MAPPING,EBS,FINANCE,,JAI_REPORTING_ASSOCIATIONS,HDISDELETEDRECORD,COMREF,IRA
TAX_REPORTING_MAPPING,EBS,FINANCE,,FND_USER,USER_NAME,COMREF,IRA
TAX_REPORTING_MAPPING,EBS,FINANCE,,JAI_REPORTING_TYPES,REPORTING_TYPE_CODE,COMREF,IRA
TAX_REPORTING_MAPPING,EBS,FINANCE,,JAI_REPORTING_ASSOCIATIONS,LAST_UPDATE_DATE,COMREF,IRA
TAX_REPORTING_MAPPING,EBS,FINANCE,,JAI_REPORTING_ASSOCIATIONS,DSN,COMREF,IRA
TAX_REPORTING_MAPPING,EBS,FINANCE,,JAI_REPORTING_ASSOCIATIONS,REPORTING_TYPE_NAME,COMREF,IRA
TAX_REPORTING_MAPPING,EBS,FINANCE,,JAI_REPORTING_ASSOCIATIONS,ENTITY_SOURCE_TABLE,COMREF,IRA
TAX_REPORTING_MAPPING,EBS,FINANCE,,JAI_REPORTING_ASSOCIATIONS,REPORTING_CODE,COMREF,IRA
TAX_REPORTING_MAPPING,EBS,FINANCE,,JAI_REPORTING_ASSOCIATIONS,EFFECTIVE_FROM,COMREF,IRA
WORKDAY_CALENDAR,EBS,ALL,,BOM_CALENDARS,LAST_UPDATE_DATE,COMREF,AAI
WORKDAY_CALENDAR,EBS,ALL,,BOM_CALENDARS,HDISDELETEDRECORD,COMREF,AAI
WORKDAY_CALENDAR,EBS,ALL,,BOM_CALENDARS,CALENDAR_CODE,COMREF,AAI
WORKDAY_CALENDAR,EBS,ALL,,BOM_CALENDARS,CALENDAR_START_DATE,COMREF,AAI
WORKDAY_CALENDAR,EBS,ALL,,BOM_CALENDARS,,COMREF,AAI
WORKDAY_CALENDAR,EBS,ALL,,BOM_CALENDARS,CREATED_BY,COMREF,AAI
WORKDAY_CALENDAR,EBS,ALL,,,,COMREF,AAI
WORKDAY_CALENDAR,EBS,ALL,,BOM_CALENDARS,DESCRIPTION,COMREF,AAI
WORKDAY_CALENDAR,EBS,ALL,,BOM_CALENDARS,CALENDAR_END_DATE,COMREF,AAI
WORKDAY_CALENDAR,EBS,ALL,,BOM_CALENDARS,DAYS_OFF,COMREF,AAI
WORKDAY_CALENDAR,EBS,ALL,,BOM_CALENDARS,QUARTERLY_CALENDAR_TYPE,COMREF,AAI
WORKDAY_CALENDAR,EBS,ALL,,BOM_CALENDARS,DAYS_ON,COMREF,AAI
WORKDAY_CALENDAR,EBS,ALL,,BOM_CALENDARS,LAST_UPDATED_BY,COMREF,AAI
WORKDAY_CALENDAR,EBS,ALL,,BOM_CALENDARS,CREATION_DATE,COMREF,AAI
CAMPAIGN,ELOQUA,MARKETING,CAMPAIGN,"DATORAMA_RFQ, DATORAMA_INTERNALEMAIL,
DATORAMA_EXTERNALEMAIL,
DATORAMA_EXTERNALCHANNEL,
Datorama_FormSubmission, DATORAMA_HSBDEALER","Internal Email ID, External Email ID, ""RFQ SF CAMPAIGN ID"", ""RFQ GA CAMPAIGN"", ELQ Registration SFID, External Email Name",COMREF,DBU
CAMPAIGN,ELOQUA,MARKETING,CAMPAIGN,"DATORAMA_RFQ, DATORAMA_INTERNALEMAIL,
DATORAMA_EXTERNALEMAIL,
DATORAMA_EXTERNALCHANNEL,
Datorama_FormSubmission, DATORAMA_HSBDEALER","Internal Email Name, External Email Name, ""RFQ SF CAMPAIGN ID"", ""RFQ GA CAMPAIGN"", ELQ Registration SFID",COMREF,DBU
CAMPAIGN,ELOQUA,MARKETING,CAMPAIGN,"DATORAMA_INTERNALEMAIL,
DATORAMA_EXTERNALEMAIL,
DATORAMA_EXTERNALCHANNEL",Email Campaign Type,COMREF,DBU
CAMPAIGN,ELOQUA,MARKETING,CAMPAIGN,"DATORAMA_INTERNALEMAIL,
DATORAMA_EXTERNALEMAIL,
DATORAMA_EXTERNALCHANNEL,
Datorama_FormSubmission,
Datorama_rfq",,COMREF,DBU
CAMPAIGN,ELOQUA,MARKETING,CAMPAIGN,,SENDER,COMREF,DBU
CAMPAIGN,ELOQUA,MARKETING,CAMPAIGN,"DATORAMA_RFQ, DATORAMA_INTERNALEMAIL,
DATORAMA_EXTERNALEMAIL,
DATORAMA_EXTERNALCHANNEL, DATORAMA_HSBDEALER, FORMSUBMISSION","Internal Email ID, External Email ID, ""RFQ SF CAMPAIGN ID"", ""RFQ GA CAMPAIGN"", ELQ Registration SFID, External Email Name",COMREF,DBU
CAMPAIGN,ELOQUA,MARKETING,CAMPAIGN,"DATORAMA_RFQ, DATORAMA_INTERNALEMAIL,
DATORAMA_EXTERNALEMAIL,
DATORAMA_EX, DATORAMA_HSBDEALERTERNALCHANNEL, FORMSUBMISSION","Internal Email ID, External Email ID, ""RFQ SF CAMPAIGN ID"", ""RFQ GA CAMPAIGN"", ELQ Registration SFID, External Email Name",COMREF,DBU
CAMPAIGN,ELOQUA,MARKETING,CAMPAIGN,DATORAMA_INTERNALEMAIL,BUSINESS UNIT,COMREF,DBU
CAMPAIGN,ELOQUA,MARKETING,CAMPAIGN,,,COMREF,DBU
CAMPAIGN,ELOQUA,MARKETING,CAMPAIGN,DATORAMA_INTERNALEMAIL,INTERNAL AUDIENCE SIZE,COMREF,DBU
CAMPAIGN,ELOQUA,MARKETING,CAMPAIGN,DATORAMA_INTERNALEMAIL,SENDER,COMREF,DBU
CAMPAIGN,ELOQUA,MARKETING,CAMPAIGN,DATORAMA_INTERNALEMAIL,Email Type,COMREF,DBU
CAMPAIGN,ELOQUA,MARKETING,CAMPAIGN,DATORAMA_INTERNALEMAIL,Internal Initiative,COMREF,DBU
WEBINAR,ELOQUA,MARKETING,WEBINAR,DATORAMA_REGISTRATION,,COMREF,DBU
WEBINAR,ELOQUA,MARKETING,WEBINAR,DATORAMA_REGISTRATION,ELQ Registration Topic,COMREF,DBU
WEBINAR,ELOQUA,MARKETING,WEBINAR,DATORAMA_REGISTRATION,DATA STREAM,COMREF,DBU
WEBINAR,ELOQUA,MARKETING,WEBINAR,,,COMREF,DBU
CUSTOMER_HIERARCHY,EUJI,CUSTOMER,CUSTOMER_HIERARCHY," "," ",COMREF,SCBI
CUSTOMER_HIERARCHY,EUJI,CUSTOMER,CUSTOMER_HIERARCHY,PG_CUSTOMER_HIERARCHY,LAST_UPDATE_DATE,COMREF,SCBI
CUSTOMER_HIERARCHY,EUJI,CUSTOMER,CUSTOMER_HIERARCHY,EBU_CUSTOMER_HIERARCHY,CUSTOMER_SITE,COMREF,SCBI
CUSTOMER_HIERARCHY,EUJI,CUSTOMER,CUSTOMER_HIERARCHY,EBU_CUSTOMER_HIERARCHY,CUSTOMER_TYPE,COMREF,SCBI
CUSTOMER_HIERARCHY,EUJI,CUSTOMER,CUSTOMER_HIERARCHY,EBU_CUSTOMER_HIERARCHY,LAST_UPDATE_DATE,COMREF,SCBI
CUSTOMER_HIERARCHY,EUJI,CUSTOMER,CUSTOMER_HIERARCHY,PG_CUSTOMER_HIERARCHY,SUPER REGION,COMREF,SCBI
CUSTOMER_HIERARCHY,EUJI,CUSTOMER,CUSTOMER_HIERARCHY,PG_CUSTOMER_HIERARCHY,AREA,COMREF,SCBI
CUSTOMER_HIERARCHY,EUJI,CUSTOMER,CUSTOMER_HIERARCHY,EBU_CUSTOMER_HIERARCHY,FCG_DESCRIPTION,COMREF,SCBI
CUSTOMER_HIERARCHY,EUJI,CUSTOMER,CUSTOMER_HIERARCHY,IM_CUSTOMER_HIERARCHY,FILE_NAME,COMREF,SCBI
CUSTOMER_HIERARCHY,EUJI,CUSTOMER,CUSTOMER_HIERARCHY,PG_CUSTOMER_HIERARCHY,COUNTRY,COMREF,SCBI
CUSTOMER_HIERARCHY,EUJI,CUSTOMER,CUSTOMER_HIERARCHY,EBU_CUSTOMER_HIERARCHY,COUNTRY,COMREF,SCBI
CUSTOMER_HIERARCHY,EUJI,CUSTOMER,CUSTOMER_HIERARCHY,IM_CUSTOMER_HIERARCHY,CUSTOMER,COMREF,SCBI
CUSTOMER_HIERARCHY,EUJI,CUSTOMER,CUSTOMER_HIERARCHY,PG_CUSTOMER_HIERARCHY,CUSTOMER_SITE,COMREF,SCBI
CUSTOMER_HIERARCHY,EUJI,CUSTOMER,INTERFACE_NAME,,,COMREF,SCBI
CUSTOMER_HIERARCHY,EUJI,CUSTOMER,CUSTOMER_HIERARCHY,IM_CUSTOMER_HIERARCHY,ACCOUNT_MANAGER,COMREF,SCBI
CUSTOMER_HIERARCHY,EUJI,CUSTOMER,CUSTOMER_HIERARCHY,EBU_CUSTOMER_HIERARCHY,CMI_BOOKINGS_HISTORY,COMREF,SCBI
CUSTOMER_HIERARCHY,EUJI,CUSTOMER,CUSTOMER_HIERARCHY,,,COMREF,SCBI
CUSTOMER_HIERARCHY,EUJI,CUSTOMER,CUSTOMER_HIERARCHY,IM_CUSTOMER_HIERARCHY,COUNTRY,COMREF,SCBI
CUSTOMER_HIERARCHY,EUJI,CUSTOMER,CUSTOMER_HIERARCHY,EBU_CUSTOMER_HIERARCHY,TRANS_FCG,COMREF,SCBI
CUSTOMER_HIERARCHY,EUJI,CUSTOMER,CUSTOMER_HIERARCHY,EBU_CUSTOMER_HIERARCHY,CREATION_DATE,COMREF,SCBI
CUSTOMER_HIERARCHY,EUJI,CUSTOMER,CUSTOMER_HIERARCHY,IM_CUSTOMER_HIERARCHY,SUB_BUSINESS_VIEW,COMREF,SCBI
CUSTOMER_HIERARCHY,EUJI,CUSTOMER,CUSTOMER_HIERARCHY,IM_CUSTOMER_HIERARCHY,REGION,COMREF,SCBI
CUSTOMER_HIERARCHY,EUJI,CUSTOMER,CUSTOMER_HIERARCHY,IM_CUSTOMER_HIERARCHY,TERRITORY,COMREF,SCBI
CUSTOMER_HIERARCHY,EUJI,CUSTOMER,CUSTOMER_HIERARCHY,IM_CUSTOMER_HIERARCHY,LAST_UPDATE_DATE,COMREF,SCBI
CUSTOMER_HIERARCHY,EUJI,CUSTOMER,CUSTOMER_HIERARCHY,PG_CUSTOMER_HIERARCHY,REGION,COMREF,SCBI
CUSTOMER_HIERARCHY,EUJI,CUSTOMER,CUSTOMER_HIERARCHY,EBU_CUSTOMER_HIERARCHY,CUSTOMER,COMREF,SCBI
CUSTOMER_HIERARCHY,EUJI,CUSTOMER,CUSTOMER_HIERARCHY,EBU_CUSTOMER_HIERARCHY,FILE_NAME,COMREF,SCBI
CUSTOMER_HIERARCHY,EUJI,CUSTOMER,CUSTOMER_HIERARCHY,IM_CUSTOMER_HIERARCHY,BUSINESS_VIEW,COMREF,SCBI
CUSTOMER_HIERARCHY,EUJI,CUSTOMER,CUSTOMER_HIERARCHY,IM_CUSTOMER_HIERARCHY,SUPER REGION,COMREF,SCBI
CUSTOMER_HIERARCHY,EUJI,CUSTOMER,CUSTOMER_HIERARCHY,IM_CUSTOMER_HIERARCHY,CUSTOMER_SITE,COMREF,SCBI
CUSTOMER_HIERARCHY,EUJI,CUSTOMER,CUSTOMER_HIERARCHY,PG_CUSTOMER_HIERARCHY,FILE_NAME,COMREF,SCBI
CUSTOMER_HIERARCHY,EUJI,CUSTOMER,CUSTOMER_HIERARCHY,EBU_CUSTOMER_HIERARCHY,FCG_CODE,COMREF,SCBI
CUSTOMER_HIERARCHY,EUJI,CUSTOMER,CUSTOMER_HIERARCHY,IM_CUSTOMER_HIERARCHY,FCG_DESCRIPTION,COMREF,SCBI
CUSTOMER_HIERARCHY,EUJI,CUSTOMER,CUSTOMER_HIERARCHY,EBU_CUSTOMER_HIERARCHY,ABO,COMREF,SCBI
CUSTOMER_HIERARCHY,EUJI,CUSTOMER,CUSTOMER_HIERARCHY,EBU_CUSTOMER_HIERARCHY,SOURCE_IDENTIFIER,COMREF,SCBI
CUSTOMER_HIERARCHY,EUJI,CUSTOMER,CUSTOMER_HIERARCHY,IM_CUSTOMER_HIERARCHY,CREATION_DATE,COMREF,SCBI
CUSTOMER_HIERARCHY,EUJI,CUSTOMER,CUSTOMER_HIERARCHY,PG_CUSTOMER_HIERARCHY,CREATION_DATE,COMREF,SCBI
CUSTOMER_HIERARCHY,EUJI,CUSTOMER,CUSTOMER_HIERARCHY,PG_CUSTOMER_HIERARCHY,CUSTOMER,COMREF,SCBI
CUSTOMER_HIERARCHY,EUJI,CUSTOMER,CUSTOMER_HIERARCHY,EBU_CUSTOMER_HIERARCHY,ABO_GROUP,COMREF,SCBI
CUSTOMER_HIERARCHY,EUJI,CUSTOMER,CUSTOMER_HIERARCHY,IM_CUSTOMER_HIERARCHY,AREA,COMREF,SCBI
CUSTOMER_HIERARCHY,EUJI,CUSTOMER,CUSTOMER_HIERARCHY,IM_CUSTOMER_HIERARCHY,FCG_CODE,COMREF,SCBI
ORGANIZATION_HIERARCHY,EUJI,LOCATION,ENTERPRISE_HIERARCHY,IM_ENTERPRISE_HIERARCHY,CREATION_DATE,COMREF,SCBI
ORGANIZATION_HIERARCHY,EUJI,LOCATION,ENTERPRISE_HIERARCHY,IM_ENTERPRISE_HIERARCHY,PARENT_ORG,COMREF,SCBI
ORGANIZATION_HIERARCHY,EUJI,LOCATION,ENTERPRISE_HIERARCHY,PG_ENTERPRISE_HIERARCHY,COUNTRY,COMREF,SCBI
ORGANIZATION_HIERARCHY,EUJI,LOCATION,ENTERPRISE_HIERARCHY,EBU_ENTERPRISE_HIERARCHY,PARENT_ORG,COMREF,SCBI
ORGANIZATION_HIERARCHY,EUJI,LOCATION,ENTERPRISE_HIERARCHY,EBU_ENTERPRISE_HIERARCHY,ORGANIZATION,COMREF,SCBI
ORGANIZATION_HIERARCHY,EUJI,LOCATION,ENTERPRISE_HIERARCHY,IM_ENTERPRISE_HIERARCHY," ",COMREF,SCBI
ORGANIZATION_HIERARCHY,EUJI,LOCATION,ENTERPRISE_HIERARCHY,PG_ENTERPRISE_HIERARCHY,REGION,COMREF,SCBI
ORGANIZATION_HIERARCHY,EUJI,LOCATION,ENTERPRISE_HIERARCHY,EBU_ENTERPRISE_HIERARCHY,FILE_NAME,COMREF,SCBI
ORGANIZATION_HIERARCHY,EUJI,LOCATION,ENTERPRISE_HIERARCHY,IM_ENTERPRISE_HIERARCHY,FILE_NAME,COMREF,SCBI
ORGANIZATION_HIERARCHY,EUJI,LOCATION,ENTERPRISE_HIERARCHY,IM_ENTERPRISE_HIERARCHY,COUNTRY,COMREF,SCBI
ORGANIZATION_HIERARCHY,EUJI,LOCATION,ENTERPRISE_HIERARCHY,PG_ENTERPRISE_HIERARCHY,LAST_UPDATE_DATE,COMREF,SCBI
ORGANIZATION_HIERARCHY,EUJI,LOCATION,ENTERPRISE_HIERARCHY,PG_ENTERPRISE_HIERARCHY,FILE_NAME,COMREF,SCBI
ORGANIZATION_HIERARCHY,EUJI,LOCATION,ENTERPRISE_HIERARCHY,IM_ENTERPRISE_HIERARCHY,ALL_ORGANIZATIONS,COMREF,SCBI
ORGANIZATION_HIERARCHY,EUJI,LOCATION,,,,COMREF,SCBI
ORGANIZATION_HIERARCHY,EUJI,LOCATION,ENTERPRISE_HIERARCHY,PG_ENTERPRISE_HIERARCHY,PARENT_ORG,COMREF,SCBI
ORGANIZATION_HIERARCHY,EUJI,LOCATION,ENTERPRISE_HIERARCHY,PG_ENTERPRISE_HIERARCHY,ORGANIZATION,COMREF,SCBI
ORGANIZATION_HIERARCHY,EUJI,LOCATION,ENTERPRISE_HIERARCHY,EBU_ENTERPRISE_HIERARCHY," ",COMREF,SCBI
ORGANIZATION_HIERARCHY,EUJI,LOCATION,ENTERPRISE_HIERARCHY,EBU_ENTERPRISE_HIERARCHY,COUNTRY,COMREF,SCBI
ORGANIZATION_HIERARCHY,EUJI,LOCATION,ENTERPRISE_HIERARCHY,EBU_ENTERPRISE_HIERARCHY,EBU_BOOKINGS_HISTORY,COMREF,SCBI
ORGANIZATION_HIERARCHY,EUJI,LOCATION,ENTERPRISE_HIERARCHY,EBU_ENTERPRISE_HIERARCHY,CREATION_DATE,COMREF,SCBI
ORGANIZATION_HIERARCHY,EUJI,LOCATION,ENTERPRISE_HIERARCHY,IM_ENTERPRISE_HIERARCHY,REGION,COMREF,SCBI
ORGANIZATION_HIERARCHY,EUJI,LOCATION," "," "," ",COMREF,SCBI
ORGANIZATION_HIERARCHY,EUJI,LOCATION,ENTERPRISE_HIERARCHY,PG_ENTERPRISE_HIERARCHY,ALL_ORGANIZATIONS,COMREF,SCBI
ORGANIZATION_HIERARCHY,EUJI,LOCATION,ENTERPRISE_HIERARCHY,EBU_ENTERPRISE_HIERARCHY,LAST_UPDATE_DATE,COMREF,SCBI
ORGANIZATION_HIERARCHY,EUJI,LOCATION,ENTERPRISE_HIERARCHY,IM_ENTERPRISE_HIERARCHY,,COMREF,SCBI
ORGANIZATION_HIERARCHY,EUJI,LOCATION,ENTERPRISE_HIERARCHY,PG_ENTERPRISE_HIERARCHY,CREATION_DATE,COMREF,SCBI
ORGANIZATION_HIERARCHY,EUJI,LOCATION,ENTERPRISE_HIERARCHY,PG_ENTERPRISE_HIERARCHY," ",COMREF,SCBI
ORGANIZATION_HIERARCHY,EUJI,LOCATION,ENTERPRISE_HIERARCHY,PG_ENTERPRISE_HIERARCHY,,COMREF,SCBI
ORGANIZATION_HIERARCHY,EUJI,LOCATION,ENTERPRISE_HIERARCHY,EBU_ENTERPRISE_HIERARCHY,SOURCE_IDENTIFIER,COMREF,SCBI
ORGANIZATION_HIERARCHY,EUJI,LOCATION,ENTERPRISE_HIERARCHY,EBU_ENTERPRISE_HIERARCHY,REGION,COMREF,SCBI
ORGANIZATION_HIERARCHY,EUJI,LOCATION,ENTERPRISE_HIERARCHY,IM_ENTERPRISE_HIERARCHY,ORGANIZATION,COMREF,SCBI
ORGANIZATION_HIERARCHY,EUJI,LOCATION,ENTERPRISE_HIERARCHY,IM_ENTERPRISE_HIERARCHY,LAST_UPDATE_DATE,COMREF,SCBI
PRODUCT_HIERARCHY,EUJI,PRODUCT,Product_Hierarchy,IM_PRODUCT_HIERARCHY,ENGINE_TYPE,COMREF,SCBI
PRODUCT_HIERARCHY,EUJI,PRODUCT,Product_Hierarchy,IM_PRODUCT_HIERARCHY,ITEM_DESCRIPTION,COMREF,SCBI
PRODUCT_HIERARCHY,EUJI,PRODUCT,Product_Hierarchy,IM_PRODUCT_HIERARCHY,CONFIGURATION,COMREF,SCBI
PRODUCT_HIERARCHY,EUJI,PRODUCT,Product_Hierarchy,PG_PRODUCT_HIERARCHY,CREATION_DATE,COMREF,SCBI
PRODUCT_HIERARCHY,EUJI,PRODUCT,Product_Hierarchy,EBU_PRODUCT_HIERARCHY,APP_FAMILY,COMREF,SCBI
PRODUCT_HIERARCHY,EUJI,PRODUCT,Product_Hierarchy,EBU_PRODUCT_HIERARCHY,ENGINE_FAMILY,COMREF,SCBI
PRODUCT_HIERARCHY,EUJI,PRODUCT,Product_Hierarchy,EBU_PRODUCT_HIERARCHY,CREATION_DATE,COMREF,SCBI
PRODUCT_HIERARCHY,EUJI,PRODUCT,Product_Hierarchy,IM_PRODUCT_HIERARCHY,CMI_ITEM,COMREF,SCBI
PRODUCT_HIERARCHY,EUJI,PRODUCT,Product_Hierarchy,IM_PRODUCT_HIERARCHY,MARKET_APPLICATION,COMREF,SCBI
PRODUCT_HIERARCHY,EUJI,PRODUCT,Product_Hierarchy,IM_PRODUCT_HIERARCHY,EMISSION_LEVEL_TIER_4,COMREF,SCBI
PRODUCT_HIERARCHY,EUJI,PRODUCT," "," "," ",COMREF,SCBI
PRODUCT_HIERARCHY,EUJI,PRODUCT,Product_Hierarchy,EBU_PRODUCT_HIERARCHY,MARKET_CONFIGURATION,COMREF,SCBI
PRODUCT_HIERARCHY,EUJI,PRODUCT,Product_Hierarchy,IM_PRODUCT_HIERARCHY,LAST_UPDATE_DATE,COMREF,SCBI
PRODUCT_HIERARCHY,EUJI,PRODUCT,Product_Hierarchy,PG_PRODUCT_HIERARCHY,CONFIG_TYPE,COMREF,SCBI
PRODUCT_HIERARCHY,EUJI,PRODUCT,Product_Hierarchy,EBU_PRODUCT_HIERARCHY,CMI_BUILD_ORG,COMREF,SCBI
PRODUCT_HIERARCHY,EUJI,PRODUCT,Product_Hierarchy,IM_PRODUCT_HIERARCHY,PLANNED_ITEM,COMREF,SCBI
PRODUCT_HIERARCHY,EUJI,PRODUCT,Product_Hierarchy,PG_PRODUCT_HIERARCHY,PRODUCT_FAMILY,COMREF,SCBI
PRODUCT_HIERARCHY,EUJI,PRODUCT,,,,COMREF,SCBI
PRODUCT_HIERARCHY,EUJI,PRODUCT,Product_Hierarchy,IM_PRODUCT_HIERARCHY,BUILD_ORG,COMREF,SCBI
PRODUCT_HIERARCHY,EUJI,PRODUCT,Product_Hierarchy,IM_PRODUCT_HIERARCHY,ENGINE_APPLICATION,COMREF,SCBI
PRODUCT_HIERARCHY,EUJI,PRODUCT,Product_Hierarchy,PG_PRODUCT_HIERARCHY,BU ,COMREF,SCBI
PRODUCT_HIERARCHY,EUJI,PRODUCT,Product_Hierarchy,PG_PRODUCT_HIERARCHY,SALES_TYPE,COMREF,SCBI
PRODUCT_HIERARCHY,EUJI,PRODUCT,Product_Hierarchy,PG_PRODUCT_HIERARCHY,LAST_UPDATE_DATE,COMREF,SCBI
PRODUCT_HIERARCHY,EUJI,PRODUCT,Product_Hierarchy,EBU_PRODUCT_HIERARCHY,PLANNED_ITEM,COMREF,SCBI
PRODUCT_HIERARCHY,EUJI,PRODUCT,Product_Hierarchy,EBU_PRODUCT_HIERARCHY,ITEM_DESCRIPTION,COMREF,SCBI
PRODUCT_HIERARCHY,EUJI,PRODUCT,Product_Hierarchy,EBU_PRODUCT_HIERARCHY,BU ,COMREF,SCBI
PRODUCT_HIERARCHY,EUJI,PRODUCT,Product_Hierarchy,IM_PRODUCT_HIERARCHY,MARKET_CONFIGURATION,COMREF,SCBI
PRODUCT_HIERARCHY,EUJI,PRODUCT,Product_Hierarchy,PG_PRODUCT_HIERARCHY,ITEM_DESCRIPTION,COMREF,SCBI
PRODUCT_HIERARCHY,EUJI,PRODUCT,Product_Hierarchy,EBU_PRODUCT_HIERARCHY,LOB_SEGMENT,COMREF,SCBI
PRODUCT_HIERARCHY,EUJI,PRODUCT,Product_Hierarchy,EBU_PRODUCT_HIERARCHY,SOURCE_IDENTIFIER,COMREF,SCBI
PRODUCT_HIERARCHY,EUJI,PRODUCT,Product_Hierarchy,EBU_PRODUCT_HIERARCHY,ITEM,COMREF,SCBI
PRODUCT_HIERARCHY,EUJI,PRODUCT,Product_Hierarchy,IM_PRODUCT_HIERARCHY,ITEM,COMREF,SCBI
PRODUCT_HIERARCHY,EUJI,PRODUCT,Product_Hierarchy,PG_PRODUCT_HIERARCHY,END_CUSTOMER,COMREF,SCBI
PRODUCT_HIERARCHY,EUJI,PRODUCT,Product_Hierarchy,EBU_PRODUCT_HIERARCHY,FILE_NAME,COMREF,SCBI
PRODUCT_HIERARCHY,EUJI,PRODUCT,Product_Hierarchy,PG_PRODUCT_HIERARCHY,PLANNED_ITEM,COMREF,SCBI
PRODUCT_HIERARCHY,EUJI,PRODUCT,Product_Hierarchy,PG_PRODUCT_HIERARCHY,FAMILY,COMREF,SCBI
PRODUCT_HIERARCHY,EUJI,PRODUCT,Product_Hierarchy,PG_PRODUCT_HIERARCHY,CMI_ITEM,COMREF,SCBI
PRODUCT_HIERARCHY,EUJI,PRODUCT,Product_Hierarchy,EBU_PRODUCT_HIERARCHY,ENGINE_TYPE,COMREF,SCBI
PRODUCT_HIERARCHY,EUJI,PRODUCT,Product_Hierarchy,EBU_PRODUCT_HIERARCHY,CMI_BOOKINGS_HISTORY,COMREF,SCBI
PRODUCT_HIERARCHY,EUJI,PRODUCT,Product_Hierarchy,EBU_PRODUCT_HIERARCHY,NON_TECH_CONFIG,COMREF,SCBI
PRODUCT_HIERARCHY,EUJI,PRODUCT,Product_Hierarchy,IM_PRODUCT_HIERARCHY,MARKET_SEGMENT,COMREF,SCBI
PRODUCT_HIERARCHY,EUJI,PRODUCT,Product_Hierarchy,IM_PRODUCT_HIERARCHY,CUSTOMER_SPEC,COMREF,SCBI
PRODUCT_HIERARCHY,EUJI,PRODUCT,Product_Hierarchy,IM_PRODUCT_HIERARCHY,ENGINE_FAMILY,COMREF,SCBI
PRODUCT_HIERARCHY,EUJI,PRODUCT,Product_Hierarchy,IM_PRODUCT_HIERARCHY,BU ,COMREF,SCBI
PRODUCT_HIERARCHY,EUJI,PRODUCT,Product_Hierarchy,PG_PRODUCT_HIERARCHY,PRODUCT_GROUP,COMREF,SCBI
PRODUCT_HIERARCHY,EUJI,PRODUCT,Product_Hierarchy,EBU_PRODUCT_HIERARCHY,MARKET_APPLICATION,COMREF,SCBI
PRODUCT_HIERARCHY,EUJI,PRODUCT,Product_Hierarchy,IM_PRODUCT_HIERARCHY,FILE_NAME,COMREF,SCBI
PRODUCT_HIERARCHY,EUJI,PRODUCT,Product_Hierarchy,EBU_PRODUCT_HIERARCHY,CUSTOMER_SPEC,COMREF,SCBI
PRODUCT_HIERARCHY,EUJI,PRODUCT,Product_Hierarchy,PG_PRODUCT_HIERARCHY,LOB_SEGMENT_GROUP,COMREF,SCBI
PRODUCT_HIERARCHY,EUJI,PRODUCT,,," ",COMREF,SCBI
PRODUCT_HIERARCHY,EUJI,PRODUCT,Product_Hierarchy,EBU_PRODUCT_HIERARCHY,MKTAPP_LONG,COMREF,SCBI
PRODUCT_HIERARCHY,EUJI,PRODUCT,Product_Hierarchy,EBU_PRODUCT_HIERARCHY,MARKET_SEGMENT,COMREF,SCBI
PRODUCT_HIERARCHY,EUJI,PRODUCT,Product_Hierarchy,IM_PRODUCT_HIERARCHY,CONFIG_TYPE,COMREF,SCBI
PRODUCT_HIERARCHY,EUJI,PRODUCT,Product_Hierarchy,PG_PRODUCT_HIERARCHY,FOC,COMREF,SCBI
PRODUCT_HIERARCHY,EUJI,PRODUCT,Product_Hierarchy,IM_PRODUCT_HIERARCHY,CREATION_DATE,COMREF,SCBI
PRODUCT_HIERARCHY,EUJI,PRODUCT,Product_Hierarchy,IM_PRODUCT_HIERARCHY,APP_FAMILY,COMREF,SCBI
PRODUCT_HIERARCHY,EUJI,PRODUCT,Product_Hierarchy,PG_PRODUCT_HIERARCHY,FILE_NAME,COMREF,SCBI
PRODUCT_HIERARCHY,EUJI,PRODUCT,Product_Hierarchy,EBU_PRODUCT_HIERARCHY,CONFIGURATION,COMREF,SCBI
PRODUCT_HIERARCHY,EUJI,PRODUCT,Product_Hierarchy,IM_PRODUCT_HIERARCHY,IBP_CATEGORY,COMREF,SCBI
PRODUCT_HIERARCHY,EUJI,PRODUCT,Product_Hierarchy,IM_PRODUCT_HIERARCHY,FAMILY,COMREF,SCBI
PRODUCT_HIERARCHY,EUJI,PRODUCT,Product_Hierarchy,PG_PRODUCT_HIERARCHY,ITEM,COMREF,SCBI
PRODUCT_HIERARCHY,EUJI,PRODUCT,Product_Hierarchy,PG_PRODUCT_HIERARCHY,BUILD_ORG,COMREF,SCBI
PRODUCT_HIERARCHY,EUJI,PRODUCT,Product_Hierarchy,PG_PRODUCT_HIERARCHY,LOB_SEGMENT,COMREF,SCBI
PRODUCT_HIERARCHY,EUJI,PRODUCT,Product_Hierarchy,EBU_PRODUCT_HIERARCHY,LAST_UPDATE_DATE,COMREF,SCBI
BROKER,EXPEDITOR,LOGISTICS,Logistics,EV_EXPEDITOR_TARIFF_DETAIL,BROKERCOUNTRY,COMREF,SCBI
BROKER,EXPEDITOR,LOGISTICS,Logistics,EV_EXPEDITOR_TARIFF_DETAIL,HDISDELETEDRECORD,COMREF,SCBI
BROKER,EXPEDITOR,LOGISTICS,Logistics,EV_EXPEDITOR_TARIFF_DETAILS,,COMREF,SCBI
BROKER,EXPEDITOR,LOGISTICS,Logistics,EV_EXPEDITOR_TARIFF_DETAIL,BROKERZIPCODE,COMREF,SCBI
BROKER,EXPEDITOR,LOGISTICS,Logistics,EV_EXPEDITOR_TARIFF_DETAIL,BROKERSTATE,COMREF,SCBI
BROKER,EXPEDITOR,LOGISTICS,Logistics,EV_EXPEDITOR_TARIFF_DETAIL,BROKERADDRESS1,COMREF,SCBI
BROKER,EXPEDITOR,LOGISTICS,Logistics,EV_EXPEDITOR_TARIFF_DETAIL,,COMREF,SCBI
BROKER,EXPEDITOR,LOGISTICS,Logistics,EV_EXPEDITOR_TARIFF_DETAIL,BROKERCITY,COMREF,SCBI
BROKER,EXPEDITOR,LOGISTICS,Logistics,EV_EXPEDITOR_TARIFF_DETAIL,SNOWFLAKE_MODIFIEDDTM,COMREF,SCBI
BROKER,EXPEDITOR,LOGISTICS,Logistics,EV_EXPEDITOR_TARIFF_DETAIL,SNOWFLAKE_CREATEDDTM,COMREF,SCBI
BROKER,EXPEDITOR,LOGISTICS,Logistics,EV_EXPEDITOR_TARIFF_DETAIL,BROKERADDRESS2,COMREF,SCBI
BROKER,EXPEDITOR,LOGISTICS,Logistics,EV_EXPEDITOR_TARIFF_DETAIL,DSN,COMREF,SCBI
BROKER,EXPEDITOR,LOGISTICS,Logistics,EV_EXPEDITOR_TARIFF_DETAIL,BROKERNAME,COMREF,SCBI
BROKER,EXPEDITOR,LOGISTICS,Logistics,EV_EXPEDITOR_TARIFF_DETAIL,REGION,COMREF,SCBI
CONSIGNEE,EXPEDITOR,LOGISTICS,Logistics,EV_EXPEDITOR_TARIFF_DETAIL,ULTIMATECONSIGNEENAME,COMREF,SCBI
CONSIGNEE,EXPEDITOR,LOGISTICS,Logistics,EV_EXPEDITOR_TARIFF_DETAIL,ULTIMATECONSIGNEECITY,COMREF,SCBI
CONSIGNEE,EXPEDITOR,LOGISTICS,Logistics,EV_EXPEDITOR_TARIFF_DETAIL,SNOWFLAKE_MODIFIEDDTM,COMREF,SCBI
CONSIGNEE,EXPEDITOR,LOGISTICS,Logistics,EV_EXPEDITOR_TARIFF_DETAIL,SNOWFLAKE_CREATEDDTM,COMREF,SCBI
CONSIGNEE,EXPEDITOR,LOGISTICS,Logistics,EV_EXPEDITOR_TARIFF_DETAIL,ULTIMATECONSIGNEEZIPCODE,COMREF,SCBI
CONSIGNEE,EXPEDITOR,LOGISTICS,Logistics,EV_EXPEDITOR_TARIFF_DETAIL,ULTIMATECONSIGNEE,COMREF,SCBI
CONSIGNEE,EXPEDITOR,LOGISTICS,Logistics,EV_EXPEDITOR_TARIFF_DETAIL,DSN,COMREF,SCBI
CONSIGNEE,EXPEDITOR,LOGISTICS,Logistics,EV_EXPEDITOR_TARIFF_DETAIL,,COMREF,SCBI
CONSIGNEE,EXPEDITOR,LOGISTICS,Logistics,EV_EXPEDITOR_TARIFF_DETAIL,ULTIMATECONSIGNEECOUNTRY,COMREF,SCBI
CONSIGNEE,EXPEDITOR,LOGISTICS,Logistics,EV_EXPEDITOR_TARIFF_DETAIL,ULTIMATECONSIGNEESTATE,COMREF,SCBI
CONSIGNEE,EXPEDITOR,LOGISTICS,Logistics,EV_EXPEDITOR_TARIFF_DETAIL,ULTIMATECONSIGNEEADDRESS1,COMREF,SCBI
IMPORTER,EXPEDITOR,LOGISTICS,Logistics,EV_EXPEDITOR_TARIFF_DETAIL,IMPORTERNAME,COMREF,SCBI
IMPORTER,EXPEDITOR,LOGISTICS,Logistics,EV_EXPEDITOR_TARIFF_DETAIL,DSN,COMREF,SCBI
IMPORTER,EXPEDITOR,LOGISTICS,Logistics,EV_EXPEDITOR_TARIFF_DETAIL,SNOWFLAKE_MODIFIEDDTM,COMREF,SCBI
IMPORTER,EXPEDITOR,LOGISTICS,Logistics,EV_EXPEDITOR_TARIFF_DETAIL,IMPORTERCITY,COMREF,SCBI
IMPORTER,EXPEDITOR,LOGISTICS,Logistics,EV_EXPEDITOR_TARIFF_DETAIL,IMPORTERZIPCODE,COMREF,SCBI
IMPORTER,EXPEDITOR,LOGISTICS,Logistics,EV_EXPEDITOR_TARIFF_DETAIL,IMPORTERCOUNTRY,COMREF,SCBI
IMPORTER,EXPEDITOR,LOGISTICS,Logistics,EV_EXPEDITOR_TARIFF_DETAIL,IMPORTERADDRESS1,COMREF,SCBI
IMPORTER,EXPEDITOR,LOGISTICS,Logistics,EV_EXPEDITOR_TARIFF_DETAIL,IMPORTERADDRESS2,COMREF,SCBI
IMPORTER,EXPEDITOR,LOGISTICS,Logistics,EV_EXPEDITOR_TARIFF_DETAIL,SNOWFLAKE_CREATEDDTM,COMREF,SCBI
IMPORTER,EXPEDITOR,LOGISTICS,Logistics,EV_EXPEDITOR_TARIFF_DETAIL,IMPORTERSTATE,COMREF,SCBI
IMPORTER,EXPEDITOR,LOGISTICS,Logistics,EV_EXPEDITOR_TARIFF_DETAIL,HDISDELETEDRECORD,COMREF,SCBI
IMPORTER,EXPEDITOR,LOGISTICS,Logistics,EV_EXPEDITOR_TARIFF_DETAIL," ",COMREF,SCBI
IMPORTER,EXPEDITOR,LOGISTICS,Logistics,EV_EXPEDITOR_TARIFF_DETAIL,,COMREF,SCBI
CONSIGNEE,EXPEDITORS,LOGISTICS,Logistics,TA_EXPEDITORS_INTERNATIONAL_SHIPMENT,DSN,COMREF,SCBI
CONSIGNEE,EXPEDITORS,LOGISTICS,Logistics,TA_EXPEDITORS_INTERNATIONAL_SHIPMENT,"Outbound_Consignee_Name,Ultimate_Consignee_City,Destination_Port_Country_Name,Outbound_Consignee_Zip",COMREF,SCBI
CONSIGNEE,EXPEDITORS,LOGISTICS,Logistics,LOOKUP_VALUES,LOOKUP_VALUE,COMREF,SCBI
CONSIGNEE,EXPEDITORS,LOGISTICS,Logistics,TA_EXPEDITORS_INTERNATIONAL_SHIPMENT,Destination_Port_Country_Name,COMREF,SCBI
CONSIGNEE,EXPEDITORS,LOGISTICS,Logistics,TA_Consignee_XREF,CORRECT_CONSIGNEE_CITY,COMREF,SCBI
CONSIGNEE,EXPEDITORS,LOGISTICS,Logistics,TA_Consignee_XREF,CORRECT_CONSIGNEE_COUNTRY,COMREF,SCBI
CONSIGNEE,EXPEDITORS,LOGISTICS,Logistics,TA_EXPEDITORS_INTERNATIONAL_SHIPMENT,,COMREF,SCBI
CONSIGNEE,EXPEDITORS,LOGISTICS,Logistics,TA_EXPEDITORS_INTERNATIONAL_SHIPMENT,Outbound_Consignee_Zip,COMREF,SCBI
CONSIGNEE,EXPEDITORS,LOGISTICS,Logistics,TA_EXPEDITORS_INTERNATIONAL_SHIPMENT,SNOWFLAKE_CREATEDDTM,COMREF,SCBI
CONSIGNEE,EXPEDITORS,LOGISTICS,Logistics,TA_EXPEDITORS_INTERNATIONAL_SHIPMENT,Outbound_Consignee_Name,COMREF,SCBI
CONSIGNEE,EXPEDITORS,LOGISTICS,Logistics,TA_EXPEDITORS_INTERNATIONAL_SHIPMENT,SNOWFLAKE_MODIFIEDDTM,COMREF,SCBI
CONSIGNEE,EXPEDITORS,LOGISTICS,Logistics,TA_Consignee_XREF,CONSIGNEE_ADJ,COMREF,SCBI
CONSIGNEE,EXPEDITORS,LOGISTICS,Logistics,TA_EXPEDITORS_INTERNATIONAL_SHIPMENT,destination_port_code,COMREF,SCBI
PORT_LOCATION,EXPEDITORS,LOGISTICS,Logistics,TA_EXPEDITORS_INTERNATIONAL_SHIPMENT,PORT_OF_UNLADING,COMREF,SCBI
PORT_LOCATION,EXPEDITORS,LOGISTICS,Logistics,TA_EXPEDITORS_INTERNATIONAL_SHIPMENT,SNOWFLAKE_MODIFIEDDTM,COMREF,SCBI
PORT_LOCATION,EXPEDITORS,LOGISTICS,Logistics,TA_EXPEDITORS_INTERNATIONAL_SHIPMENT,DESTINATION_PORT_COUNTRY_NAME,COMREF,SCBI
PORT_LOCATION,EXPEDITORS,LOGISTICS,Logistics,TA_PORT_CITIES_XREF,PORT_COUNTRY,COMREF,SCBI
PORT_LOCATION,EXPEDITORS,LOGISTICS,Logistics,TA_PORT_CITIES_XREF,PORT_CITY,COMREF,SCBI
PORT_LOCATION,EXPEDITORS,LOGISTICS,Logistics,TA_EXPEDITORS_INTERNATIONAL_SHIPMENT,SNOWFLAKE_CREATEDDTM,COMREF,SCBI
PORT_LOCATION,EXPEDITORS,LOGISTICS,Logistics,TA_EXPEDITORS_INTERNATIONAL_SHIPMENT,ORIGIN_PORT_COUNTRY_NAME,COMREF,SCBI
PORT_LOCATION,EXPEDITORS,LOGISTICS,Logistics,TA_EXPEDITORS_INTERNATIONAL_SHIPMENT,PORT_OF_LOADING,COMREF,SCBI
PORT_LOCATION,EXPEDITORS,LOGISTICS,Logistics,TA_EXPEDITORS_INTERNATIONAL_SHIPMENT,,COMREF,SCBI
PORT_LOCATION,EXPEDITORS,LOGISTICS,Logistics,TA_PORT_CITIES_XREF,PORT_CODE,COMREF,SCBI
PORT_LOCATION,EXPEDITORS,LOGISTICS,Logistics,TA_EXPEDITORS_INTERNATIONAL_SHIPMENT,CARRIER_NAME,COMREF,SCBI
PORT_LOCATION,EXPEDITORS,LOGISTICS,Logistics,TA_EXPEDITORS_INTERNATIONAL_SHIPMENT,DSN,COMREF,SCBI
PORT_LOCATION,EXPEDITORS,LOGISTICS,Logistics,TA_EXPEDITORS_INTERNATIONAL_SHIPMENT,"ORIGIN_PORT_COUNTRY_NAME, PORT_OF_LOADING, 
DESTINATION_PORT_COUTRY_NAME, PORT_OF_UNLADING",COMREF,SCBI
SHIPPER,EXPEDITORS,LOGISTICS,Logistics,TA_EXPEDITORS_INTERNATIONAL_SHIPMENT,OUTBOUND_SHIPPER_ADDRESS,COMREF,SCBI
SHIPPER,EXPEDITORS,LOGISTICS,Logistics,TA_EXPEDITORS_INTERNATIONAL_SHIPMENT,OUTBOUND_SHIPPER_NAME,COMREF,SCBI
SHIPPER,EXPEDITORS,LOGISTICS,Logistics,TA_EXPEDITORS_INTERNATIONAL_SHIPMENT,DSN,COMREF,SCBI
SHIPPER,EXPEDITORS,LOGISTICS,Logistics,TA_EXPEDITORS_INTERNATIONAL_SHIPMENT,"OUTBOUND_SHIPPER_NAME,LOOKUP_VALUE,ORIGIN_PORT_COUNTRY_NAME,OUTBOUND_SHIPPER_ZIP",COMREF,SCBI
SHIPPER,EXPEDITORS,LOGISTICS,Logistics,TA_EXPEDITORS_INTERNATIONAL_SHIPMENT,OUTBOUND_SHIPPER_ZIP,COMREF,SCBI
SHIPPER,EXPEDITORS,LOGISTICS,Logistics,TA_SHIPPER_XREF,CORRECT_SHIPPER_COUNTRY,COMREF,SCBI
SHIPPER,EXPEDITORS,LOGISTICS,Logistics,TA_EXPEDITORS_INTERNATIONAL_SHIPMENT,SNOWFLAKE_CREATEDDTM,COMREF,SCBI
SHIPPER,EXPEDITORS,LOGISTICS,Logistics,TA_EXPEDITORS_INTERNATIONAL_SHIPMENT,,COMREF,SCBI
SHIPPER,EXPEDITORS,LOGISTICS,Logistics,TA_EXPEDITORS_INTERNATIONAL_SHIPMENT,SNOWFLAKE_MODIFIEDDTM,COMREF,SCBI
SHIPPER,EXPEDITORS,LOGISTICS,Logistics,TA_SHIPPER_XREF,SHIPPER_NAME_ADJ,COMREF,SCBI
SHIPPER,EXPEDITORS,LOGISTICS,Logistics,TA_SHIPPER_XREF,CORRECT_SHIPPER_ADDRESS,COMREF,SCBI
SHIPPER,EXPEDITORS,LOGISTICS,Logistics,TA_EXPEDITORS_INTERNATIONAL_SHIPMENT,ORIGIN_PORT_COUNTRY_NAME,COMREF,SCBI
SHIPPER,EXPEDITORS,LOGISTICS,Logistics,TA_SHIPPER_XREF,CORRECT_SHIPPER_CITY,COMREF,SCBI
SHIPPER,EXPEDITORS,LOGISTICS,Logistics,TA_SHIPPER_XREF,CORRECT_SHIPPER_ZIP,COMREF,SCBI
SHIPPER,EXPEDITORS,LOGISTICS,Logistics,TA_EXPEDITORS_INTERNATIONAL_SHIPMENT,OUTBOUND_SHIPPER_STATE,COMREF,SCBI
SHIPPER,EXPEDITORS,LOGISTICS,Logistics,LOOKUP_VALUES,LOOKUP_VALUE,COMREF,SCBI
SHIPPER,EXPEDITORS,LOGISTICS,Logistics,TA_EXPEDITORS_INTERNATIONAL_SHIPMENT,CARRIER_NAME,COMREF,SCBI
SUPPLIER,FALCON,SUPPLIER,SUPPLIER,FLT_FALCON,,COMREF,AAI
SUPPLIER,FALCON,SUPPLIER,SUPPLIER,FLT_FALCON,DSN,COMREF,AAI
SUPPLIER,FALCON,SUPPLIER,SUPPLIER,FLT_FALCON," ",COMREF,AAI
SUPPLIER,FALCON,SUPPLIER,SUPPLIER,FLT_FALCON,SNOWFLAKE_CREATEDDTM,COMREF,AAI
SUPPLIER,FALCON,SUPPLIER,SUPPLIER,,,COMREF,AAI
SUPPLIER,FALCON,SUPPLIER,SUPPLIER,FLT_FALCON,NAME,COMREF,AAI
SUPPLIER,FALCON,SUPPLIER,SUPPLIER,FLT_FALCON,SNOWFLAKE_MODIFIEDDTM,COMREF,AAI
SUPPLIER,FALCON,SUPPLIER,SUPPLIER,FLT_FALCON,VENDORNUM,COMREF,AAI
CONSIGNEE,FEDEX,LOGISTICS,Logistics,EV_FEDEX_TARIFF_DETAIL,DSN,COMREF,SCBI
CONSIGNEE,FEDEX,LOGISTICS,Logistics,EV_FEDEX_TARIFF_DETAIL,ULTIMATE_CONSIGNEE_ADDRESS,COMREF,SCBI
CONSIGNEE,FEDEX,LOGISTICS,Logistics,TA_FEDEX_SHIPMENT,RECIPIENT_COMPANY_NAME,COMREF,SCBI
CONSIGNEE,FEDEX,LOGISTICS,Logistics,TA_Consignee_XREF,CORRECT_CONSIGNEE_CITY,COMREF,SCBI
CONSIGNEE,FEDEX,LOGISTICS,Logistics,EV_FEDEX_TARIFF_DETAIL,SNOWFLAKE_CREATEDDTM,COMREF,SCBI
CONSIGNEE,FEDEX,LOGISTICS,Logistics,EV_FEDEX_TARIFF_DETAIL,SNOWFLAKE_MODIFIEDDTM,COMREF,SCBI
CONSIGNEE,FEDEX,LOGISTICS,Logistics,TA_FEDEX_SHIPMENT,SNOWFLAKE_CREATEDDTM,COMREF,SCBI
CONSIGNEE,FEDEX,LOGISTICS,Logistics,TA_FEDEX_SHIPMENT,RECIPIENT_COUNTRY_TERRITORY,COMREF,SCBI
CONSIGNEE,FEDEX,LOGISTICS,Logistics,TA_Consignee_XREF,CONSIGNEE_ADJ,COMREF,SCBI
CONSIGNEE,FEDEX,LOGISTICS,Logistics,EV_FEDEX_TARIFF_DETAIL,,COMREF,SCBI
CONSIGNEE,FEDEX,LOGISTICS,Logistics,TA_FEDEX_SHIPMENT,,COMREF,SCBI
CONSIGNEE,FEDEX,LOGISTICS,Logistics,TA_FEDEX_SHIPMENT,SNOWFLAKE_MODIFIEDDTM,COMREF,SCBI
CONSIGNEE,FEDEX,LOGISTICS,Logistics,EV_FEDEX_TARIFF_DETAIL,ULTIMATE_CONSIGNEE_STATE,COMREF,SCBI
CONSIGNEE,FEDEX,LOGISTICS,Logistics,EV_FEDEX_TARIFF_DETAIL,CONSIGNEE_NO,COMREF,SCBI
CONSIGNEE,FEDEX,LOGISTICS,Logistics,EV_FEDEX_TARIFF_DETAIL,ULTIMATE_CONSIGNEE_POSTAL_CODE,COMREF,SCBI
CONSIGNEE,FEDEX,LOGISTICS,Logistics,TA_FEDEX_SHIPMENT,RECIPIENT_CITY,COMREF,SCBI
CONSIGNEE,FEDEX,LOGISTICS,Logistics,TA_FEDEX_SHIPMENT,DSN,COMREF,SCBI
CONSIGNEE,FEDEX,LOGISTICS,Logistics,EV_FEDEX_TARIFF_DETAIL,ULTIMATE_CONSIGNEE_CITY,COMREF,SCBI
CONSIGNEE,FEDEX,LOGISTICS,Logistics,EV_FEDEX_TARIFF_DETAIL,ULTIMATE_CONSIGNEE_NAME,COMREF,SCBI
CONSIGNEE,FEDEX,LOGISTICS,Logistics,TA_Consignee_XREF,CORRECT_CONSIGNEE_COUNTRY,COMREF,SCBI
CONSIGNEE,FEDEX,LOGISTICS,Logistics,TA_FEDEX_SHIPMENT,"Recipient_Company_Name ,Recipient_City,Recipient_Country,Recipient_Postal_Code",COMREF,SCBI
CONSIGNEE,FEDEX,LOGISTICS,Logistics,TA_FEDEX_SHIPMENT,RECIPIENT_POSTAL_CODE,COMREF,SCBI
IMPORTER,FEDEX,LOGISTICS,Logistics,EV_FEDEX_TARIFF_DETAIL,IMPORTER_CITY,COMREF,SCBI
IMPORTER,FEDEX,LOGISTICS,Logistics,EV_FEDEX_TARIFF_DETAIL,IMPORTER_ADDRESS,COMREF,SCBI
IMPORTER,FEDEX,LOGISTICS,Logistics,EV_FEDEX_TARIFF_DETAIL,SNOWFLAKE_CREATEDDTM,COMREF,SCBI
IMPORTER,FEDEX,LOGISTICS,Logistics,EV_FEDEX_TARIFF_DETAIL,SNOWFLAKE_MODIFIEDDTM,COMREF,SCBI
IMPORTER,FEDEX,LOGISTICS,Logistics,EV_FEDEX_TARIFF_DETAIL,IMPORTER_POSTAL_CODE,COMREF,SCBI
IMPORTER,FEDEX,LOGISTICS,Logistics,EV_FEDEX_TARIFF_DETAIL," ",COMREF,SCBI
IMPORTER,FEDEX,LOGISTICS,Logistics,EV_FEDEX_TARIFF_DETAIL,HDISDELETEDRECORD,COMREF,SCBI
IMPORTER,FEDEX,LOGISTICS,Logistics,EV_FEDEX_TARIFF_DETAIL,IMPORTER_NAME,COMREF,SCBI
IMPORTER,FEDEX,LOGISTICS,Logistics,EV_FEDEX_TARIFF_DETAIL,IMPORTER_STATE,COMREF,SCBI
IMPORTER,FEDEX,LOGISTICS,Logistics,EV_FEDEX_TARIFF_DETAIL,,COMREF,SCBI
IMPORTER,FEDEX,LOGISTICS,Logistics,EV_FEDEX_TARIFF_DETAIL,DSN,COMREF,SCBI
CONSIGNEE,FEDEXEXPRESS,LOGISTICS,Logistics,TA_FEDEX_EXPRESS_SHIPMENT,REGION,COMREF,SCBI
CONSIGNEE,FEDEXEXPRESS,LOGISTICS,Logistics,TA_FEDEX_EXPRESS_SHIPMENT,"RECIPIENT_COMPANY_NAME, RECIPIENT_CITY, DSN, RECIPIENT_COUNTRY_TERRITORY, RECIPIENT_POSTAL_CODE",COMREF,SCBI
CONSIGNEE,FEDEXEXPRESS,LOGISTICS,Logistics,TA_CONSIGNEE_XREF,CORRECT_CONSIGNEE_COUNTRY,COMREF,SCBI
CONSIGNEE,FEDEXEXPRESS,LOGISTICS,Logistics,TA_FEDEX_EXPRESS_SHIPMENT,RECIPIENT_CITY,COMREF,SCBI
CONSIGNEE,FEDEXEXPRESS,LOGISTICS,Logistics,TA_CONSIGNEE_XREF,CORRECT_CONSIGNEE_CITY,COMREF,SCBI
CONSIGNEE,FEDEXEXPRESS,LOGISTICS,Logistics,TA_FEDEX_EXPRESS_SHIPMENT,SNOWFLAKE_MODIFIEDDTM,COMREF,SCBI
CONSIGNEE,FEDEXEXPRESS,LOGISTICS,Logistics,TA_FEDEX_EXPRESS_SHIPMENT,SNOWFLAKE_CREATEDDTM,COMREF,SCBI
CONSIGNEE,FEDEXEXPRESS,LOGISTICS,Logistics,TA_FEDEX_EXPRESS_SHIPMENT,RECIPIENT_COUNTRY_TERRITORY,COMREF,SCBI
CONSIGNEE,FEDEXEXPRESS,LOGISTICS,Logistics,TA_FEDEX_EXPRESS_SHIPMENT,DSN,COMREF,SCBI
CONSIGNEE,FEDEXEXPRESS,LOGISTICS,Logistics,TA_CONSIGNEE_XREF,CORRECT_CONSIGNEE_NAME,COMREF,SCBI
CONSIGNEE,FEDEXEXPRESS,LOGISTICS,Logistics,TA_FEDEX_EXPRESS_SHIPMENT,RECIPIENT_COMPANY_NAME,COMREF,SCBI
CONSIGNEE,FEDEXEXPRESS,LOGISTICS,Logistics,TA_FEDEX_EXPRESS_SHIPMENT,,COMREF,SCBI
CONSIGNEE,FEDEXEXPRESS,LOGISTICS,Logistics,TA_FEDEX_EXPRESS_SHIPMENT,RECIPIENT_POSTAL_CODE,COMREF,SCBI
SHIPPER,FEDEXEXPRESS,LOGISTICS,Logistics,TA_SHIPPER_XREF,SHIPPER_NAME_ADJ,COMREF,SCBI
SHIPPER,FEDEXEXPRESS,LOGISTICS,Logistics,TA_FEDEX_EXPRESS_SHIPMENT,,COMREF,SCBI
SHIPPER,FEDEXEXPRESS,LOGISTICS,Logistics,TA_FEDEX_EXPRESS_SHIPMENT,SHIPPER_CITY,COMREF,SCBI
SHIPPER,FEDEXEXPRESS,LOGISTICS,Logistics,TA_SHIPPER_XREF,CORRECT_SHIPPER_ZIP,COMREF,SCBI
SHIPPER,FEDEXEXPRESS,LOGISTICS,Logistics,TA_SHIPPER_XREF,CORRECT_SHIPPER_CITY,COMREF,SCBI
SHIPPER,FEDEXEXPRESS,LOGISTICS,Logistics,TA_FEDEX_EXPRESS_SHIPMENT,SHIPPER_COUNTRY_TERRITORY,COMREF,SCBI
SHIPPER,FEDEXEXPRESS,LOGISTICS,Logistics,TA_SHIPPER_XREF,CORRECT_SHIPPER_ADDRESS,COMREF,SCBI
SHIPPER,FEDEXEXPRESS,LOGISTICS,Logistics,TA_SHIPPER_XREF,CORRECT_SHIPPER_COUNTRY,COMREF,SCBI
SHIPPER,FEDEXEXPRESS,LOGISTICS,Logistics,TA_FEDEX_EXPRESS_SHIPMENT,REGION,COMREF,SCBI
SHIPPER,FEDEXEXPRESS,LOGISTICS,Logistics,TA_FEDEX_EXPRESS_SHIPMENT,DSN,COMREF,SCBI
SHIPPER,FEDEXEXPRESS,LOGISTICS,Logistics,TA_FEDEX_EXPRESS_SHIPMENT,SNOWFLAKE_CREATEDDTM,COMREF,SCBI
SHIPPER,FEDEXEXPRESS,LOGISTICS,Logistics,TA_FEDEX_EXPRESS_SHIPMENT,SNOWFLAKE_MODIFIEDDTM,COMREF,SCBI
SHIPPER,FEDEXEXPRESS,LOGISTICS,Logistics,TA_FEDEX_EXPRESS_SHIPMENT,SHIPPER_POSTAL_CODE,COMREF,SCBI
SHIPPER,FEDEXEXPRESS,LOGISTICS,Logistics,TA_FEDEX_EXPRESS_SHIPMENT,SHIPPER_COMPANY_NAME,COMREF,SCBI
CONSIGNEE,FEDEXLGL,LOGISTICS,Logistics,TA_FEDEX_LOGISTICS_SHIPMENT,,COMREF,SCBI
CONSIGNEE,FEDEXLGL,LOGISTICS,Logistics,TA_CONSIGNEE_XREF,CORRECT_CONSIGNEE_CITY,COMREF,SCBI
CONSIGNEE,FEDEXLGL,LOGISTICS,Logistics,TA_CONSIGNEE_XREF,CORRECT_CONSIGNEE_COUNTRY,COMREF,SCBI
CONSIGNEE,FEDEXLGL,LOGISTICS,Logistics,TA_FEDEX_LOGISTICS_SHIPMENT,SNOWFLAKE_MODIFIEDDTM,COMREF,SCBI
CONSIGNEE,FEDEXLGL,LOGISTICS,Logistics,TA_FEDEX_LOGISTICS_SHIPMENT,"DSN, CONSIGNEE_NAME, CONSIGNEE_NAME_AND_ADDRESS, COUNTRY_OF_DESTINATION_CODE",COMREF,SCBI
CONSIGNEE,FEDEXLGL,LOGISTICS,Logistics,TA_CONSIGNEE_XREF,CORRECT_CONSIGNEE_NAME,COMREF,SCBI
CONSIGNEE,FEDEXLGL,LOGISTICS,Logistics,TA_FEDEX_LOGISTICS_SHIPMENT,CONSIGNEE_NAME_AND_ADDRESS,COMREF,SCBI
CONSIGNEE,FEDEXLGL,LOGISTICS,Logistics,TA_FEDEX_LOGISTICS_SHIPMENT,SNOWFLAKE_CREATEDDTM,COMREF,SCBI
CONSIGNEE,FEDEXLGL,LOGISTICS,Logistics,TA_FEDEX_LOGISTICS_SHIPMENT,COUNTRY_OF_DESTINATION_CODE,COMREF,SCBI
CONSIGNEE,FEDEXLGL,LOGISTICS,Logistics,TA_FEDEX_LOGISTICS_SHIPMENT,REGION,COMREF,SCBI
CONSIGNEE,FEDEXLGL,LOGISTICS,Logistics,TA_FEDEX_LOGISTICS_SHIPMENT,CONSIGNEE_NAME,COMREF,SCBI
CONSIGNEE,FEDEXLGL,LOGISTICS,Logistics,TA_FEDEX_LOGISTICS_SHIPMENT,DSN,COMREF,SCBI
PORT_LOCATION,FEDEXLGL,LOGISTICS,Logistics,TA_FEDEX_LOGISTICS_SHIPMENT,COUNTRY_OF_DESTINATION_CODE,COMREF,SCBI
PORT_LOCATION,FEDEXLGL,LOGISTICS,Logistics,TA_FEDEX_LOGISTICS_SHIPMENT,,COMREF,SCBI
PORT_LOCATION,FEDEXLGL,LOGISTICS,Logistics,TA_PORT_CITIES_XREF,PORT_COUNTRY,COMREF,SCBI
PORT_LOCATION,FEDEXLGL,LOGISTICS,Logistics,TA_FEDEX_LOGISTICS_SHIPMENT,"COUNTRY_OF_ORIGIN_CODE, HB_L_HAWB_ORIGIN_PORT_CODE, 
COUNTRY_OF_DESTINATION_CODE, HB_L_HAWB_DESTINATION_PORT_CODE",COMREF,SCBI
PORT_LOCATION,FEDEXLGL,LOGISTICS,Logistics,TA_FEDEX_LOGISTICS_SHIPMENT,REGION,COMREF,SCBI
PORT_LOCATION,FEDEXLGL,LOGISTICS,Logistics,TA_FEDEX_LOGISTICS_SHIPMENT,HB_L_HAWB_ORIGIN_PORT_CODE,COMREF,SCBI
PORT_LOCATION,FEDEXLGL,LOGISTICS,Logistics,TA_PORT_CITIES_XREF,PORT_CODE,COMREF,SCBI
PORT_LOCATION,FEDEXLGL,LOGISTICS,Logistics,TA_FEDEX_LOGISTICS_SHIPMENT,HB_L_HAWB_DESTINATION_PORT_CODE,COMREF,SCBI
PORT_LOCATION,FEDEXLGL,LOGISTICS,Logistics,TA_FEDEX_LOGISTICS_SHIPMENT,DSN,COMREF,SCBI
PORT_LOCATION,FEDEXLGL,LOGISTICS,Logistics,TA_FEDEX_LOGISTICS_SHIPMENT,SNOWFLAKE_MODIFIEDDTM,COMREF,SCBI
PORT_LOCATION,FEDEXLGL,LOGISTICS,Logistics,TA_FEDEX_LOGISTICS_SHIPMENT,COUNTRY_OF_ORIGIN_CODE,COMREF,SCBI
PORT_LOCATION,FEDEXLGL,LOGISTICS,Logistics,TA_FEDEX_LOGISTICS_SHIPMENT,SNOWFLAKE_CREATEDDTM ,COMREF,SCBI
PORT_LOCATION,FEDEXLGL,LOGISTICS,Logistics,TA_PORT_CITIES_XREF,PORT_CITY,COMREF,SCBI
SHIPPER,FEDEXLGL,LOGISTICS,Logistics,TA_SHIPPER_XREF,CORRECT_SHIPPER_ZIP,COMREF,SCBI
SHIPPER,FEDEXLGL,LOGISTICS,Logistics,TA_FEDEX_LOGISTICS_SHIPMENT,SHIPPER_NAME,COMREF,SCBI
SHIPPER,FEDEXLGL,LOGISTICS,Logistics,TA_SHIPPER_XREF,CORRECT_SHIPPER_COUNTRY,COMREF,SCBI
SHIPPER,FEDEXLGL,LOGISTICS,Logistics,TA_SHIPPER_XREF,CORRECT_SHIPPER_CITY,COMREF,SCBI
SHIPPER,FEDEXLGL,LOGISTICS,Logistics,TA_FEDEX_LOGISTICS_SHIPMENT,,COMREF,SCBI
SHIPPER,FEDEXLGL,LOGISTICS,Logistics,TA_FEDEX_LOGISTICS_SHIPMENT,SHIPPER_NAME_AND_ADDRESS,COMREF,SCBI
SHIPPER,FEDEXLGL,LOGISTICS,Logistics,TA_FEDEX_LOGISTICS_SHIPMENT,SNOWFLAKE_MODIFIEDDTM,COMREF,SCBI
SHIPPER,FEDEXLGL,LOGISTICS,Logistics,TA_FEDEX_LOGISTICS_SHIPMENT,"DSN, SHIPPER_NAME,SHIPPER_NAME_AND_ADDRESS,COUNTRY_OF_ORIGIN_CODE",COMREF,SCBI
SHIPPER,FEDEXLGL,LOGISTICS,Logistics,TA_FEDEX_LOGISTICS_SHIPMENT,REGION,COMREF,SCBI
SHIPPER,FEDEXLGL,LOGISTICS,Logistics,TA_SHIPPER_XREF,CORRECT_SHIPPER_ADDRESS,COMREF,SCBI
SHIPPER,FEDEXLGL,LOGISTICS,Logistics,TA_FEDEX_LOGISTICS_SHIPMENT,SNOWFLAKE_CREATEDDTM,COMREF,SCBI
SHIPPER,FEDEXLGL,LOGISTICS,Logistics,TA_FEDEX_LOGISTICS_SHIPMENT,DSN,COMREF,SCBI
SHIPPER,FEDEXLGL,LOGISTICS,Logistics,TA_SHIPPER_XREF,SHIPPER_NAME_ADJ,COMREF,SCBI
SHIPPER,FEDEXLGL,LOGISTICS,Logistics,TA_FEDEX_LOGISTICS_SHIPMENT,COUNTRY_OF_ORIGIN_CODE,COMREF,SCBI
AFTERMARKET_BOM,GOMS,PRODUCT,BOM,PRODUCT_STRUCTURE," ",COMREF,AAI
AFTERMARKET_BOM,GOMS,PRODUCT,BOM,PRODUCT_STRUCTURE,CREATE_DATE,COMREF,AAI
AFTERMARKET_BOM,GOMS,PRODUCT,BOM,PRODUCT_STRUCTURE,BOM_TYPE,COMREF,AAI
AFTERMARKET_BOM,GOMS,PRODUCT,BOM," "," ",COMREF,AAI
AFTERMARKET_BOM,GOMS,PRODUCT,BOM,PRODUCT_STRUCTURE,EFF_PHASE_OUT_DATE ,COMREF,AAI
AFTERMARKET_BOM,GOMS,PRODUCT,BOM,PRODUCT_STRUCTURE,PRIMARY_COMPONENT_FLAG,COMREF,AAI
AFTERMARKET_BOM,GOMS,PRODUCT,BOM,PRODUCT_STRUCTURE,UPDATED_BY,COMREF,AAI
AFTERMARKET_BOM,GOMS,PRODUCT,BOM,PRODUCT_STRUCTURE,PARENT_MSC_CODE,COMREF,AAI
AFTERMARKET_BOM,GOMS,PRODUCT,BOM,PRODUCT_STRUCTURE,"PARENT_PART,COMPONENT_PART, LINE_ITEM_NO, EFF_PHASE_IN_DATE",COMREF,AAI
AFTERMARKET_BOM,GOMS,PRODUCT,BOM,PRODUCT_STRUCTURE,LINE_ITEM_NO,COMREF,AAI
AFTERMARKET_BOM,GOMS,PRODUCT,BOM,PRODUCT_STRUCTURE,QTY_PER_ASSEMBLY ,COMREF,AAI
AFTERMARKET_BOM,GOMS,PRODUCT,BOM,PRODUCT_STRUCTURE,EFF_CODE,COMREF,AAI
AFTERMARKET_BOM,GOMS,PRODUCT,BOM,PRODUCT_STRUCTURE,USE_FLAG,COMREF,AAI
AFTERMARKET_BOM,GOMS,PRODUCT,BOM,PRODUCT_STRUCTURE,HDISDELETEDRECORD,COMREF,AAI
AFTERMARKET_BOM,GOMS,PRODUCT,BOM,PRODUCT_STRUCTURE,COMPONENT_PART ,COMREF,AAI
AFTERMARKET_BOM,GOMS,PRODUCT,BOM,PRODUCT_STRUCTURE,COMPONENT_SCRAP,COMREF,AAI
AFTERMARKET_BOM,GOMS,PRODUCT,BOM,PRODUCT_STRUCTURE,RECORD_DATE,COMREF,AAI
AFTERMARKET_BOM,GOMS,PRODUCT,BOM,PRODUCT_STRUCTURE,COMPONENT_MSC_CODE,COMREF,AAI
AFTERMARKET_BOM,GOMS,PRODUCT,BOM,PRODUCT_STRUCTURE,LAST_ACTIVITY_DATE,COMREF,AAI
AFTERMARKET_BOM,GOMS,PRODUCT,BOM,PRODUCT_STRUCTURE,ENG_CHG_LEVEL,COMREF,AAI
AFTERMARKET_BOM,GOMS,PRODUCT,BOM,PRODUCT_STRUCTURE,PHANTOM_COMPONENT_FLAG,COMREF,AAI
AFTERMARKET_BOM,GOMS,PRODUCT,BOM,PRODUCT_STRUCTURE,PARENT_PART,COMREF,AAI
AFTERMARKET_BOM,GOMS,PRODUCT,BOM,PRODUCT_STRUCTURE,CREATED_BY,COMREF,AAI
AFTERMARKET_BOM,GOMS,PRODUCT,BOM,PRODUCT_STRUCTURE,SHRINKAGE_FAC,COMREF,AAI
AFTERMARKET_BOM,GOMS,PRODUCT,BOM,PRODUCT_STRUCTURE,EFF_PHASE_IN_DATE ,COMREF,AAI
BASE_PRICE,GOMS,ALL,Pricing,BASE_PRICE_DETAILS_F,CURRENCY_CODE,COMREF,SCBI
BASE_PRICE,GOMS,ALL,Pricing,BASE_PRICE_DETAILS_F," ",COMREF,SCBI
BASE_PRICE,GOMS,ALL,Pricing,BASE_PRICE_DETAILS_F,BASE_PRICE_NO,COMREF,SCBI
BASE_PRICE,GOMS,ALL,Pricing,BASE_PRICE_DETAILS_F,END_DATE,COMREF,SCBI
BASE_PRICE,GOMS,ALL,Pricing,BASE_PRICE_DETAILS_F,CATALOG_NO,COMREF,SCBI
BASE_PRICE,GOMS,ALL,Pricing,BASE_PRICE_DETAILS_F,BASE_PRICE,COMREF,SCBI
BASE_PRICE,GOMS,ALL,Pricing,BASE_PRICE_DETAILS_F,BEGIN_DATE,COMREF,SCBI
CUSTOMER,GOMS,CUSTOMER,Customer,OECUSTOMER,RECORD_DATE,COMREF,AAI
CUSTOMER,GOMS,CUSTOMER,Customer,OECUSTOMER,CREDIT_HOLD_FLAG,COMREF,AAI
CUSTOMER,GOMS,CUSTOMER,Customer,OECUSTOMER,HOME_COMPANY_CODE,COMREF,AAI
CUSTOMER,GOMS,CUSTOMER,Customer,OECUSTOMER,ACTIVEIND,COMREF,AAI
CUSTOMER,GOMS,CUSTOMER,Customer,OECUSTOMER,CUSTOMER_NO,COMREF,AAI
CUSTOMER,GOMS,CUSTOMER,Customer,OECUSTOMER,UPDATED_BY,COMREF,AAI
CUSTOMER,GOMS,CUSTOMER,Customer,OECUSTOMER,NAME,COMREF,AAI
CUSTOMER,GOMS,CUSTOMER,Customer,,,COMREF,AAI
CUSTOMER,GOMS,CUSTOMER,Customer,OECUSTOMER,CREATED_BY,COMREF,AAI
CUSTOMER,GOMS,CUSTOMER,Customer,OECUSTOMER,,COMREF,AAI
CUSTOMER,GOMS,CUSTOMER,Customer,OECUSTOMER,CREATED_DATE,COMREF,AAI
CUSTOMER_BILL_TO_LOCATION,GOMS,CUSTOMER,Customer,OECUSTOMER_BILLING,CREATED_BY,COMREF,AAI
CUSTOMER_BILL_TO_LOCATION,GOMS,CUSTOMER,Customer,OECUSTOMER_BILLING,PAYMENT_TYPE,COMREF,AAI
CUSTOMER_BILL_TO_LOCATION,GOMS,CUSTOMER,Customer,OECUSTOMER_BILLING,BILL_TO_ADDR_1,COMREF,AAI
CUSTOMER_BILL_TO_LOCATION,GOMS,CUSTOMER,Customer,OECUSTOMER_BILLING,BILL_TO_CITY,COMREF,AAI
CUSTOMER_BILL_TO_LOCATION,GOMS,CUSTOMER,Customer,OECUSTOMER_BILLING,BILL_TO_ZIP,COMREF,AAI
CUSTOMER_BILL_TO_LOCATION,GOMS,CUSTOMER,Customer,OECUSTOMER_BILLING,BILL_TO_NAME,COMREF,AAI
CUSTOMER_BILL_TO_LOCATION,GOMS,CUSTOMER,Customer,PAYMENT_TERM_CODES_DESC,PAYMENT_TERM_DESC,COMREF,AAI
CUSTOMER_BILL_TO_LOCATION,GOMS,CUSTOMER,Customer,CHANNEL_CODES,CHANNEL_DESC,COMREF,AAI
CUSTOMER_BILL_TO_LOCATION,GOMS,CUSTOMER,Customer,OECUSTOMER_BILLING,RECORD_DATE,COMREF,AAI
CUSTOMER_BILL_TO_LOCATION,GOMS,CUSTOMER,Customer,OECUSTOMER_BILLING,UPDATED_BY,COMREF,AAI
CUSTOMER_BILL_TO_LOCATION,GOMS,CUSTOMER,Customer,OECUSTOMER_BILLING,HOME_COMPANY_CODE,COMREF,AAI
CUSTOMER_BILL_TO_LOCATION,GOMS,CUSTOMER,CUSTOMER,CUSTOMER_TYPES_F,CUSTOMER_TYPE_CODE,COMREF,AAI
CUSTOMER_BILL_TO_LOCATION,GOMS,CUSTOMER,Customer,OECUSTOMER_BILLING,BILL_TO_COUNTY,COMREF,AAI
CUSTOMER_BILL_TO_LOCATION,GOMS,CUSTOMER,Customer,OECUSTOMER_BILLING,CREATE_DATE,COMREF,AAI
CUSTOMER_BILL_TO_LOCATION,GOMS,CUSTOMER,Customer,,,COMREF,AAI
CUSTOMER_BILL_TO_LOCATION,GOMS,CUSTOMER,Customer,OECUSTOMER_BILLING,CUSTOMER_NO,COMREF,AAI
CUSTOMER_BILL_TO_LOCATION,GOMS,CUSTOMER,Customer,OECUSTOMER_BILLING,HDISDELETEDRECORD,COMREF,AAI
CUSTOMER_BILL_TO_LOCATION,GOMS,CUSTOMER,Customer,OECUSTOMER_BILLING,BILL_TO_COUNTRY,COMREF,AAI
CUSTOMER_BILL_TO_LOCATION,GOMS,CUSTOMER,Customer,OECUSTOMER_BILLING,BILL_TO_ADDR_4,COMREF,AAI
CUSTOMER_BILL_TO_LOCATION,GOMS,CUSTOMER,Customer,OECUSTOMER_BILLING,REGION_CODE,COMREF,AAI
CUSTOMER_BILL_TO_LOCATION,GOMS,CUSTOMER,Customer,OECUSTOMER_BILLING,CUSTOMER_TYPE,COMREF,AAI
CUSTOMER_BILL_TO_LOCATION,GOMS,CUSTOMER,Customer,OECUSTOMER_BILLING,BILL_TO_CONTACT,COMREF,AAI
CUSTOMER_BILL_TO_LOCATION,GOMS,CUSTOMER,Customer,OECUSTOMER_BILLING,INTERNAL_DEPT_CODE,COMREF,AAI
CUSTOMER_BILL_TO_LOCATION,GOMS,CUSTOMER,Customer,OECUSTOMER_BILLING,BILL_TO_ADDR_2,COMREF,AAI
CUSTOMER_BILL_TO_LOCATION,GOMS,CUSTOMER,Customer,OECUSTOMER_BILLING,PAYMENT_TERM_CODE,COMREF,AAI
CUSTOMER_BILL_TO_LOCATION,GOMS,CUSTOMER,Customer,CUSTOMER_TYPES_F,CUSTOMER_TYPE_DESC,COMREF,AAI
CUSTOMER_BILL_TO_LOCATION,GOMS,CUSTOMER,Customer,OECUSTOMER_BILLING,"CUSTOMER_NO, BILL_TO_LOCATION",COMREF,AAI
CUSTOMER_BILL_TO_LOCATION,GOMS,CUSTOMER,Customer,OECUSTOMER_BILLING,"CUSTOMER_NO,BILL_TO_LOCATION",COMREF,AAI
CUSTOMER_BILL_TO_LOCATION,GOMS,CUSTOMER,Customer,OECUSTOMER_BILLING,BILL_TO_STATE,COMREF,AAI
CUSTOMER_BILL_TO_LOCATION,GOMS,CUSTOMER,Customer,OECUSTOMER_BILLING,CHANNEL_CODE,COMREF,AAI
CUSTOMER_BILL_TO_LOCATION,GOMS,CUSTOMER,Customer,OECUSTOMER_BILLING,BILL_TO_LOCATION,COMREF,AAI
CUSTOMER_BILL_TO_LOCATION,GOMS,CUSTOMER,Customer,OECUSTOMER_BILLING,BILL_TO_ADDR_3,COMREF,AAI
CUSTOMER_BILL_TO_LOCATION,GOMS,CUSTOMER,Customer,REGION_CODES,REGION_DESC,COMREF,AAI
CUSTOMER_SHIP_TO_DESTINATION_LOCATION,GOMS,CUSTOMER,CUSTOMER,OECUSTOMER_SHIP_DESTINATION,DUE_DATE_TYPE,COMREF,AAI
CUSTOMER_SHIP_TO_DESTINATION_LOCATION,GOMS,CUSTOMER,CUSTOMER,OECUSTOMER_SHIP_DESTINATION,DEST_ZIP,COMREF,AAI
CUSTOMER_SHIP_TO_DESTINATION_LOCATION,GOMS,CUSTOMER,CUSTOMER,OECUSTOMER_SHIP_DESTINATION,CREATED_BY,COMREF,AAI
CUSTOMER_SHIP_TO_DESTINATION_LOCATION,GOMS,CUSTOMER,CUSTOMER,OECUSTOMER_SHIP_DESTINATION,DEST_COUNTY,COMREF,AAI
CUSTOMER_SHIP_TO_DESTINATION_LOCATION,GOMS,CUSTOMER,CUSTOMER,OECUSTOMER_SHIP_DESTINATION,FOB_CODE,COMREF,AAI
CUSTOMER_SHIP_TO_DESTINATION_LOCATION,GOMS,CUSTOMER,CUSTOMER,OECUSTOMER_SHIP_DESTINATION,DEST_CITY,COMREF,AAI
CUSTOMER_SHIP_TO_DESTINATION_LOCATION,GOMS,CUSTOMER,CUSTOMER,OECUSTOMER_SHIP_DESTINATION,SHIP_TO_LOCATION,COMREF,AAI
CUSTOMER_SHIP_TO_DESTINATION_LOCATION,GOMS,CUSTOMER,CUSTOMER,OECUSTOMER_SHIP_DESTINATION,DEST_COUNTRY,COMREF,AAI
CUSTOMER_SHIP_TO_DESTINATION_LOCATION,GOMS,CUSTOMER,CUSTOMER,OECUSTOMER_SHIP_DESTINATION,UPDATED_BY,COMREF,AAI
CUSTOMER_SHIP_TO_DESTINATION_LOCATION,GOMS,CUSTOMER,CUSTOMER,OECUSTOMER_SHIP_DESTINATION,DEST_ADDR_3,COMREF,AAI
CUSTOMER_SHIP_TO_DESTINATION_LOCATION,GOMS,CUSTOMER,CUSTOMER,OECUSTOMER_SHIP_DESTINATION,CREATE_DATE,COMREF,AAI
CUSTOMER_SHIP_TO_DESTINATION_LOCATION,GOMS,CUSTOMER,CUSTOMER,OECUSTOMER_SHIP_DESTINATION,WAREHOUSE,COMREF,AAI
CUSTOMER_SHIP_TO_DESTINATION_LOCATION,GOMS,CUSTOMER,CUSTOMER,OECUSTOMER_SHIP_DESTINATION,DEST_PHONE,COMREF,AAI
CUSTOMER_SHIP_TO_DESTINATION_LOCATION,GOMS,CUSTOMER,CUSTOMER,OECUSTOMER_SHIP_DESTINATION,DEST_LOCATION,COMREF,AAI
CUSTOMER_SHIP_TO_DESTINATION_LOCATION,GOMS,CUSTOMER,CUSTOMER,OECUSTOMER_SHIP_DESTINATION,"CUSTOMER_NO,BILL_TO_LOCATION,SHIP_TO_LOCATION,DEST_LOCATION",COMREF,AAI
CUSTOMER_SHIP_TO_DESTINATION_LOCATION,GOMS,CUSTOMER,CUSTOMER,OECUSTOMER_SHIP_DESTINATION,DEST_CONTACT,COMREF,AAI
CUSTOMER_SHIP_TO_DESTINATION_LOCATION,GOMS,CUSTOMER,CUSTOMER,OECUSTOMER_SHIP_DESTINATION,,COMREF,AAI
CUSTOMER_SHIP_TO_DESTINATION_LOCATION,GOMS,CUSTOMER,CUSTOMER,OECUSTOMER_SHIP_DESTINATION,HDISDELETEDRECORD,COMREF,AAI
CUSTOMER_SHIP_TO_DESTINATION_LOCATION,GOMS,CUSTOMER,CUSTOMER,OECUSTOMER_SHIP_DESTINATION,"CUSTOMER_NO,BILL_TO_LOCATION, SHIP_TO_LOCATION",COMREF,AAI
CUSTOMER_SHIP_TO_DESTINATION_LOCATION,GOMS,CUSTOMER,CUSTOMER,OECUSTOMER_SHIP_DESTINATION,RECORD_DATE,COMREF,AAI
CUSTOMER_SHIP_TO_DESTINATION_LOCATION,GOMS,CUSTOMER,CUSTOMER,OECUSTOMER_SHIP_DESTINATION,DEST_STATE,COMREF,AAI
CUSTOMER_SHIP_TO_DESTINATION_LOCATION,GOMS,CUSTOMER,CUSTOMER,OECUSTOMER_SHIP_DESTINATION,CUSTOMER_NO,COMREF,AAI
CUSTOMER_SHIP_TO_DESTINATION_LOCATION,GOMS,CUSTOMER,CUSTOMER,,,COMREF,AAI
CUSTOMER_SHIP_TO_DESTINATION_LOCATION,GOMS,CUSTOMER,CUSTOMER,OECUSTOMER_SHIP_DESTINATION,DEST_NAME,COMREF,AAI
CUSTOMER_SHIP_TO_DESTINATION_LOCATION,GOMS,CUSTOMER,CUSTOMER,OECUSTOMER_SHIP_DESTINATION,BILL_TO_LOCATION,COMREF,AAI
CUSTOMER_SHIP_TO_DESTINATION_LOCATION,GOMS,CUSTOMER,CUSTOMER,OECUSTOMER_SHIP_DESTINATION,DEST_ADDR_1,COMREF,AAI
CUSTOMER_SHIP_TO_DESTINATION_LOCATION,GOMS,CUSTOMER,CUSTOMER,OECUSTOMER_SHIP_DESTINATION,DEST_ADDR_2,COMREF,AAI
CUSTOMER_SHIP_TO_LOCATION,GOMS,CUSTOMER,Customer,OECUSTOMER_SHIPPING,CREATED_BY,COMREF,AAI
CUSTOMER_SHIP_TO_LOCATION,GOMS,CUSTOMER,Customer,OECUSTOMER_SHIPPING,DUE_DATE_TYPE,COMREF,AAI
CUSTOMER_SHIP_TO_LOCATION,GOMS,CUSTOMER,Customer,OECUSTOMER_SHIPPING,BILL_TO_LOCATION,COMREF,AAI
CUSTOMER_SHIP_TO_LOCATION,GOMS,CUSTOMER,Customer,OECUSTOMER_SHIPPING,SHIP_TO_ZIP,COMREF,AAI
CUSTOMER_SHIP_TO_LOCATION,GOMS,CUSTOMER,Customer,OECUSTOMER_SHIPPING,SHIP_TO_ADDR_2,COMREF,AAI
CUSTOMER_SHIP_TO_LOCATION,GOMS,CUSTOMER,Customer,OECUSTOMER_SHIPPING,SHIP_TO_CITY,COMREF,AAI
CUSTOMER_SHIP_TO_LOCATION,GOMS,CUSTOMER,Customer,OECUSTOMER_SHIPPING,SHIP_TO_CONTACT,COMREF,AAI
CUSTOMER_SHIP_TO_LOCATION,GOMS,CUSTOMER,Customer,OECUSTOMER_SHIPPING,RECORD_DATE,COMREF,AAI
CUSTOMER_SHIP_TO_LOCATION,GOMS,CUSTOMER,Customer,OECUSTOMER_SHIPPING,PAYMENT_TERM_CODE,COMREF,AAI
CUSTOMER_SHIP_TO_LOCATION,GOMS,CUSTOMER,Customer,OECUSTOMER_SHIPPING,ABBREVIATION,COMREF,AAI
CUSTOMER_SHIP_TO_LOCATION,GOMS,CUSTOMER,Customer,OECUSTOMER_SHIPPING,SHIP_TO_PHONE,COMREF,AAI
CUSTOMER_SHIP_TO_LOCATION,GOMS,CUSTOMER,Customer,OECUSTOMER_SHIPPING,CUSTOMER_NO,COMREF,AAI
CUSTOMER_SHIP_TO_LOCATION,GOMS,CUSTOMER,Customer,OECUSTOMER_SHIPPING,SHIP_TO_STATE,COMREF,AAI
CUSTOMER_SHIP_TO_LOCATION,GOMS,CUSTOMER,Customer,OECUSTOMER_SHIPPING,SHIP_TO_COUNTRY,COMREF,AAI
CUSTOMER_SHIP_TO_LOCATION,GOMS,CUSTOMER,Customer,OECUSTOMER_SHIPPING,CREATE_DATE,COMREF,AAI
CUSTOMER_SHIP_TO_LOCATION,GOMS,CUSTOMER,Customer,,,COMREF,AAI
CUSTOMER_SHIP_TO_LOCATION,GOMS,CUSTOMER,Customer,OECUSTOMER_SHIPPING,SHIP_TO_COUNTY,COMREF,AAI
CUSTOMER_SHIP_TO_LOCATION,GOMS,CUSTOMER,Customer,OESHIP_DATE_SCHEDULES_F,DUE_DATE_DESC,COMREF,AAI
CUSTOMER_SHIP_TO_LOCATION,GOMS,CUSTOMER,Customer,OECUSTOMER_SHIPPING,HDISDELETEDRECORD,COMREF,AAI
CUSTOMER_SHIP_TO_LOCATION,GOMS,CUSTOMER,Customer,OECUSTOMER_SHIPPING,WAREHOUSE,COMREF,AAI
CUSTOMER_SHIP_TO_LOCATION,GOMS,CUSTOMER,Customer,OECUSTOMER_SHIPPING,SHIP_TO_NAME,COMREF,AAI
CUSTOMER_SHIP_TO_LOCATION,GOMS,CUSTOMER,Customer,OECUSTOMER_SHIPPING,SHIP_TO_LOCATION,COMREF,AAI
CUSTOMER_SHIP_TO_LOCATION,GOMS,CUSTOMER,Customer,OECUSTOMER_SHIPPING,SHIP_TO_ADDR_3,COMREF,AAI
CUSTOMER_SHIP_TO_LOCATION,GOMS,CUSTOMER,Customer,PAYMENT_TERM_CODES_DESC,PAYMENT_TERM_DESC,COMREF,AAI
CUSTOMER_SHIP_TO_LOCATION,GOMS,CUSTOMER,Customer,OECUSTOMER_SHIPPING,UPDATED_BY,COMREF,AAI
CUSTOMER_SHIP_TO_LOCATION,GOMS,CUSTOMER,Customer,OECUSTOMER_SHIPPING,SHIP_TO_ADDR_1,COMREF,AAI
CUSTOMER_SHIP_TO_LOCATION,GOMS,CUSTOMER,Customer,OECUSTOMER_SHIPPING,"CUSTOMER_NO,BILL_TO_LOCATION,SHIP_TO_LOCATION",COMREF,AAI
DIRTY_CORE_PRODUCT_RELATIONSHIP,GOMS,PRODUCT,PRODUCT,CDPART_XREFS,DSN,COMREF,AAI
DIRTY_CORE_PRODUCT_RELATIONSHIP,GOMS,PRODUCT,PRODUCT,CDPART_XREFS,PART_STATUS_FLAG,COMREF,AAI
DIRTY_CORE_PRODUCT_RELATIONSHIP,GOMS,PRODUCT,PRODUCT,CDPART_XREFS,CREATED_BY,COMREF,AAI
DIRTY_CORE_PRODUCT_RELATIONSHIP,GOMS,PRODUCT,PRODUCT,CDPART_XREFS,,COMREF,AAI
DIRTY_CORE_PRODUCT_RELATIONSHIP,GOMS,PRODUCT,PRODUCT,LOOKUP_VALUES,LOOKUP_CODE,COMREF,AAI
DIRTY_CORE_PRODUCT_RELATIONSHIP,GOMS,PRODUCT,PRODUCT,CDPART_XREFS,UPDATED_BY,COMREF,AAI
DIRTY_CORE_PRODUCT_RELATIONSHIP,GOMS,PRODUCT,PRODUCT,CDPART_XREFS,DPART_CONTRACT,COMREF,AAI
DIRTY_CORE_PRODUCT_RELATIONSHIP,GOMS,PRODUCT,PRODUCT,CDPART_XREFS,DML_FLAG,COMREF,AAI
DIRTY_CORE_PRODUCT_RELATIONSHIP,GOMS,PRODUCT,PRODUCT,CDPART_XREFS,DPART_PART_NO,COMREF,AAI
DIRTY_CORE_PRODUCT_RELATIONSHIP,GOMS,PRODUCT,PRODUCT,CDPART_XREFS,RECORD_DATE,COMREF,AAI
DIRTY_CORE_PRODUCT_RELATIONSHIP,GOMS,PRODUCT,PRODUCT,CDPART_XREFS,CREATE_DATE,COMREF,AAI
DIRTY_CORE_PRODUCT_RELATIONSHIP,GOMS,PRODUCT,PRODUCT,CDPART_XREFS,CPART_PART_NO,COMREF,AAI
DIRTY_CORE_PRODUCT_RELATIONSHIP,GOMS,PRODUCT,PRODUCT,CDPART_XREFS,CPART_CONTRACT,COMREF,AAI
LOCATION,GOMS,LOCATION,Location,WAREHOUSES_F,WAREHOUSE_DESC,COMREF,AAI
LOCATION,GOMS,LOCATION,Location,WAREHOUSES_F,COMPANY_CODE,COMREF,AAI
LOCATION,GOMS,LOCATION,Location,,,COMREF,AAI
LOCATION,GOMS,LOCATION,Location,OEHOME_COMPANY,HOME_COMPANY_CODE,COMREF,AAI
LOCATION,GOMS,LOCATION,Location,OEHOME_COMPANY,ADDR_3,COMREF,AAI
LOCATION,GOMS,LOCATION,Location,OEHOME_COMPANY,CREATED_BY,COMREF,AAI
LOCATION,GOMS,LOCATION,Location,WAREHOUSES_F,,COMREF,AAI
LOCATION,GOMS,LOCATION,Location,WAREHOUSE_ADDRESSES_F,CITY,COMREF,AAI
LOCATION,GOMS,LOCATION,Location,WAREHOUSES_F,CREATE_DATE,COMREF,AAI
LOCATION,GOMS,LOCATION,Location,OEHOME_COMPANY,UPDATED_BY,COMREF,AAI
LOCATION,GOMS,LOCATION,Location,OEHOME_COMPANY,HOME_TELEPHONE,COMREF,AAI
LOCATION,GOMS,LOCATION,Location,WAREHOUSES_F,HDISDELETEDRECORD,COMREF,AAI
LOCATION,GOMS,LOCATION,Location,WAREHOUSES_F,WAREHOUSE,COMREF,AAI
LOCATION,GOMS,LOCATION,Location,OEHOME_COMPANY,RECORD_DATE,COMREF,AAI
LOCATION,GOMS,LOCATION,Location,WAREHOUSE_ADDRESSES_F,ADDR_2 ,COMREF,AAI
LOCATION,GOMS,LOCATION,Location,OEHOME_COMPANY,POSTAL_CODE,COMREF,AAI
LOCATION,GOMS,LOCATION,Location,OEHOME_COMPANY,CREATE_DATE,COMREF,AAI
LOCATION,GOMS,LOCATION,Location,OEHOME_COMPANY,STATE ,COMREF,AAI
LOCATION,GOMS,LOCATION,Location,WAREHOUSE_ADDRESSES_F,ADDR_3,COMREF,AAI
LOCATION,GOMS,LOCATION,Location,OEHOME_COMPANY,,COMREF,AAI
LOCATION,GOMS,LOCATION,Location,OEHOME_COMPANY,CITY,COMREF,AAI
LOCATION,GOMS,LOCATION,Location,OEHOME_COMPANY,ADDR_2 ,COMREF,AAI
LOCATION,GOMS,LOCATION,Location,WAREHOUSE_ADDRESSES_F,WAREHOUSE_NAME,COMREF,AAI
LOCATION,GOMS,LOCATION,Location,OEHOME_COMPANY,COMPANY_NAME,COMREF,AAI
LOCATION,GOMS,LOCATION,Location,WAREHOUSE_ADDRESSES_F,ADDR_1,COMREF,AAI
LOCATION,GOMS,LOCATION,Location,WAREHOUSES_F,TIMEZONE,COMREF,AAI
LOCATION,GOMS,LOCATION,Location,OEHOME_COMPANY,HDISDELETEDRECORD,COMREF,AAI
LOCATION,GOMS,LOCATION,Location,OEHOME_COMPANY,COUNTRY,COMREF,AAI
LOCATION,GOMS,LOCATION,Location,WAREHOUSE_ADDRESSES_F,POSTAL_CODE,COMREF,AAI
LOCATION,GOMS,LOCATION,Location,OEHOME_COMPANY,ADDR_1,COMREF,AAI
LOCATION,GOMS,LOCATION,Location,WAREHOUSES_F,COST_GROUP,COMREF,AAI
LOCATION,GOMS,LOCATION,Location,WAREHOUSES_F,UPDATED_BY,COMREF,AAI
LOCATION,GOMS,LOCATION,Location,WAREHOUSES_F,RECORD_DATE,COMREF,AAI
LOCATION,GOMS,LOCATION,Location,WAREHOUSE_ADDRESSES_F,COUNTRY,COMREF,AAI
LOCATION,GOMS,LOCATION,Location,WAREHOUSE_ADDRESSES_F,STATE ,COMREF,AAI
LOCATION,GOMS,LOCATION,Location,WAREHOUSES_F,CREATED_BY,COMREF,AAI
LOOKUP_VALUES,GOMS,ALL,PRICING,REGION_CODES,CREATED_BY,COMREF,AAI
LOOKUP_VALUES,GOMS,ALL,PRICING,PVC_CODES,CREATED_BY,COMREF,AAI
LOOKUP_VALUES,GOMS,ALL,PRICING,,,COMREF,AAI
LOOKUP_VALUES,GOMS,ALL,DUE DATE TYPE,OESHIP_DATE_SCHEDULES_F,DUE_DATE_CODE,COMREF,AAI
LOOKUP_VALUES,GOMS,ALL,PRICING,PVC_CODES,CREATE_DATE,COMREF,AAI
LOOKUP_VALUES,GOMS,ALL,PRICING,PVC_CODES,DML_FLAG,COMREF,AAI
LOOKUP_VALUES,GOMS,ALL,COST_GROUPS,COST_GROUPS,,COMREF,AAI
LOOKUP_VALUES,GOMS,ALL,COST_GROUPS,COST_GROUPS,DEFAULT_COST_GROUP,COMREF,AAI
LOOKUP_VALUES,GOMS,ALL,PRICING,PVC_CODES,RECORD_DATE,COMREF,AAI
LOOKUP_VALUES,GOMS,ALL,ADDRESS_TYPES,Â ,ADDRESS_TYPE,COMREF,AAI
LOOKUP_VALUES,GOMS,ALL,DUE DATE TYPE,OESHIP_DATE_SCHEDULES_F,,COMREF,AAI
LOOKUP_VALUES,GOMS,ALL,DUE DATE TYPE,OESHIP_DATE_SCHEDULES_F,WAREHOUSE,COMREF,AAI
LOOKUP_VALUES,GOMS,ALL,PRICING,REGION_CODES,,COMREF,AAI
LOOKUP_VALUES,GOMS,ALL,PRICING,REGION_CODES,REGION_DESC,COMREF,AAI
LOOKUP_VALUES,GOMS,ALL,ADDRESS_TYPES,ADDRESS_TYPES,UPDATED_BY,COMREF,AAI
LOOKUP_VALUES,GOMS,ALL,COST_GROUPS,COST_GROUPS,CREATE_USER,COMREF,AAI
LOOKUP_VALUES,GOMS,ALL,PRICING,CHANNEL_CODES,,COMREF,AAI
LOOKUP_VALUES,GOMS,ALL,PRICING,REGION_CODES,CREATE_DATE,COMREF,AAI
LOOKUP_VALUES,GOMS,ALL,DUE DATE TYPE,OESHIP_DATE_SCHEDULES_F,RECORD_DATE,COMREF,AAI
LOOKUP_VALUES,GOMS,ALL,DUE DATE TYPE,OESHIP_DATE_SCHEDULES_F,CREATE_DATE,COMREF,AAI
LOOKUP_VALUES,GOMS,ALL,PRICING,REGION_CODES,REGION_CODE,COMREF,AAI
LOOKUP_VALUES,GOMS,ALL,ADDRESS_TYPES,ADDRESS_TYPES,ADDRESS_CODE,COMREF,AAI
LOOKUP_VALUES,GOMS,ALL,PRICING,CHANNEL_CODES,CHANNEL_DESC,COMREF,AAI
LOOKUP_VALUES,GOMS,ALL,PRICING,CHANNEL_CODES,CHANNEL_CODE,COMREF,AAI
LOOKUP_VALUES,GOMS,ALL,COST_GROUPS,COST_GROUPS,COST_GROUP,COMREF,AAI
LOOKUP_VALUES,GOMS,ALL,COST_GROUPS,COST_GROUPS,CREATE_DATE,COMREF,AAI
LOOKUP_VALUES,GOMS,ALL,DUE DATE TYPE,OESHIP_DATE_SCHEDULES_F,CREATED_BY,COMREF,AAI
LOOKUP_VALUES,GOMS,ALL,PRICING,PVC_CODES,PVC_DESC,COMREF,AAI
LOOKUP_VALUES,GOMS,ALL,PRICING,CHANNEL_CODES,DSN,COMREF,AAI
LOOKUP_VALUES,GOMS,ALL,COST_GROUPS,COST_GROUPS,COST_GROUP_DESC,COMREF,AAI
LOOKUP_VALUES,GOMS,ALL,PRICING,REGION_CODES,DSN,COMREF,AAI
LOOKUP_VALUES,GOMS,ALL,ADDRESS_TYPES,ADDRESS_TYPES,CREATE_DATE,COMREF,AAI
LOOKUP_VALUES,GOMS,ALL,DUE DATE TYPE,,,COMREF,AAI
LOOKUP_VALUES,GOMS,ALL,ADDRESS_TYPES,ADDRESS_TYPES,CREATED_BY,COMREF,AAI
LOOKUP_VALUES,GOMS,ALL,PRICING,REGION_CODES,UPDATED_BY,COMREF,AAI
LOOKUP_VALUES,GOMS,ALL,PRICING,PVC_CODES,UPDATED_BY,COMREF,AAI
LOOKUP_VALUES,GOMS,ALL,PRICING,PVC_CODES,,COMREF,AAI
LOOKUP_VALUES,GOMS,ALL,ADDRESS_TYPES,ADDRESS_TYPES,RECORD_DATE,COMREF,AAI
LOOKUP_VALUES,GOMS,ALL,DUE DATE TYPE,OESHIP_DATE_SCHEDULES_F,DSN,COMREF,AAI
LOOKUP_VALUES,GOMS,ALL,DUE DATE TYPE,OESHIP_DATE_SCHEDULES_F,DUE_DATE_DESC,COMREF,AAI
LOOKUP_VALUES,GOMS,ALL,ADDRESS_TYPES,ADDRESS_TYPES,,COMREF,AAI
LOOKUP_VALUES,GOMS,ALL,PRICING,PVC_CODES,DSN,COMREF,AAI
LOOKUP_VALUES,GOMS,ALL,PRICING,REGION_CODES,DML_FLAG,COMREF,AAI
LOOKUP_VALUES,GOMS,ALL,ADDRESS_TYPES,ADDRESS_TYPES,ADDRESS_DESC,COMREF,AAI
LOOKUP_VALUES,GOMS,ALL,ADDRESS_TYPES,,,COMREF,AAI
LOOKUP_VALUES,GOMS,ALL,ADDRESS_TYPES,ADDRESS_TYPES,ADDRESS_TYPE,COMREF,AAI
LOOKUP_VALUES,GOMS,ALL,DUE DATE TYPE,OESHIP_DATE_SCHEDULES_F,UPDATED_BY,COMREF,AAI
LOOKUP_VALUES,GOMS,ALL,ADDRESS_TYPES,ADDRESS_TYPES,HDISDELETEDRECORD,COMREF,AAI
LOOKUP_VALUES,GOMS,ALL,DUE DATE TYPE,OESHIP_DATE_SCHEDULES_F,DUE_DATE_TYPE,COMREF,AAI
LOOKUP_VALUES,GOMS,ALL,ADDRESS_TYPES,Â ,Â ,COMREF,AAI
LOOKUP_VALUES,GOMS,ALL,COST_GROUPS,COST_GROUPS,DSN,COMREF,AAI
LOOKUP_VALUES,GOMS,ALL,DUE DATE TYPE,OESHIP_DATE_SCHEDULES_F,ALLOC_OFFSET_DAYS,COMREF,AAI
LOOKUP_VALUES,GOMS,ALL,PRICING,PVC_CODES,PVC_CODE,COMREF,AAI
LOOKUP_VALUES,GOMS,ALL,PRICING,REGION_CODES,RECORD_DATE,COMREF,AAI
ORGANIZATION,GOMS,LOCATION,Organization,OEHOME_COMPANY,company_name,COMREF,AAI
ORGANIZATION,GOMS,LOCATION,Organization,OEHOME_COMPANY,CREATE_DATE,COMREF,AAI
ORGANIZATION,GOMS,LOCATION,Organization,OEHOME_COMPANY,RECORD_DATE,COMREF,AAI
ORGANIZATION,GOMS,LOCATION,Organization,OEHOME_COMPANY,DSN,COMREF,AAI
ORGANIZATION,GOMS,LOCATION,Organization,OEHOME_COMPANY,CREATED_BY,COMREF,AAI
ORGANIZATION,GOMS,LOCATION,Organization,OEHOME_COMPANY,HOME_COMPANY_CODE,COMREF,AAI
ORGANIZATION,GOMS,LOCATION,Organization,,,COMREF,AAI
ORGANIZATION,GOMS,LOCATION,Organization,OEHOME_COMPANY,UPDATED_BY,COMREF,AAI
PARTY,GOMS,ALL,ORGANIZATION,OEHOME_COMPANY,COMPANY_NAME,COMREF,AAI
PARTY,GOMS,ALL,SUPPLIER,COMPANY_UNITS,HDISDELETEDRECORD,COMREF,AAI
PARTY,GOMS,ALL,CUSTOMER,OECUSTOMER,RECORD_DATE,COMREF,AAI
PARTY,GOMS,ALL,ORGANIZATION,,,COMREF,AAI
PARTY,GOMS,ALL,CUSTOMER,OECUSTOMER,NAME,COMREF,AAI
PARTY,GOMS,ALL,ORGANIZATION,OEHOME_COMPANY,UPDATED_BY,COMREF,AAI
PARTY,GOMS,ALL,ORGANIZATION,OEHOME_COMPANY,CREATE_DATE,COMREF,AAI
PARTY,GOMS,ALL,SUPPLIER,COMPANY_UNITS,UPDATED_BY,COMREF,AAI
PARTY,GOMS,ALL,CUSTOMER,OECUSTOMER,CUSTOMER_NO,COMREF,AAI
PARTY,GOMS,ALL,CUSTOMER,OECUSTOMER,ACTIVEIND,COMREF,AAI
PARTY,GOMS,ALL,CUSTOMER,OECUSTOMER,HDISDELETEDRECORD,COMREF,AAI
PARTY,GOMS,ALL,ORGANIZATION,,NAME,COMREF,AAI
PARTY,GOMS,ALL,ORGANIZATION,OEHOME_COMPANY,HDISDELETEDRECORD,COMREF,AAI
PARTY,GOMS,ALL,SUPPLIER,COMPANY_UNITS,CREATED_BY,COMREF,AAI
PARTY,GOMS,ALL,SUPPLIER,COMPANY_UNITS,COMPANY_NAME,COMREF,AAI
PARTY,GOMS,ALL,SUPPLIER,COMPANY_UNITS,COMPANY_CODE,COMREF,AAI
PARTY,GOMS,ALL,CUSTOMER,OECUSTOMER,UPDATED_BY,COMREF,AAI
PARTY,GOMS,ALL,CUSTOMER,OECUSTOMER,CREATED_DATE,COMREF,AAI
PARTY,GOMS,ALL,ORGANIZATION,OEHOME_COMPANY,CREATED_BY,COMREF,AAI
PARTY,GOMS,ALL,SUPPLIER,,,COMREF,AAI
PARTY,GOMS,ALL,CUSTOMER,,,COMREF,AAI
PARTY,GOMS,ALL,SUPPLIER,COMPANY_UNITS,,COMREF,AAI
PARTY,GOMS,ALL,ORGANIZATION,OEHOME_COMPANY,,COMREF,AAI
PARTY,GOMS,ALL,ORGANIZATION,OEHOME_COMPANY,HOME_COMPANY_CODE,COMREF,AAI
PARTY,GOMS,ALL,ORGANIZATION,OEHOME_COMPANY,RECORD_DATE,COMREF,AAI
PARTY,GOMS,ALL,SUPPLIER,COMPANY_UNITS,CREATE_DATE,COMREF,AAI
PARTY,GOMS,ALL,SUPPLIER,COMPANY_UNITS,RECORD_DATE,COMREF,AAI
PARTY,GOMS,ALL,CUSTOMER,OECUSTOMER,CREATED_BY,COMREF,AAI
PLANNER,GOMS,,,,,COMREF,AAI
PLANNER,GOMS,,,ROLE_ASSIGNMENTS,ASSIGNEE_NAME,COMREF,AAI
PLANNER,GOMS,,,ROLE_ASSIGNMENTS,,COMREF,AAI
PLANNER,GOMS,,,ROLE_ASSIGNMENTS,UPDATED_BY,COMREF,AAI
PLANNER,GOMS,,,ROLE_ASSIGNMENTS,RECORD_DATE,COMREF,AAI
PLANNER,GOMS,,,ROLE_ASSIGNMENTS,HDISDELETEDRECORD,COMREF,AAI
PLANNER,GOMS,,,ROLE_ASSIGNMENTS,CREATE_DATE,COMREF,AAI
PLANNER,GOMS,,,ROLE_ASSIGNMENTS,CREATED_BY,COMREF,AAI
PLANNER,GOMS,,,ROLE_ASSIGNMENTS,ASSIGNEE_CODE,COMREF,AAI
PRICE_MULTIPLIERS,GOMS,FINANCE,Pricing,PRICE_MULTIPLIER,BEGIN_DATE,COMREF,SCBI
PRICE_MULTIPLIERS,GOMS,FINANCE,Pricing,PRICE_MULTIPLIER,IsDeleted,COMREF,SCBI
PRICE_MULTIPLIERS,GOMS,FINANCE,Pricing,PRICE_MULTIPLIER,SPC_TYPE,COMREF,SCBI
PRICE_MULTIPLIERS,GOMS,FINANCE,Pricing,PRICE_MULTIPLIER,MULTIPLIER,COMREF,SCBI
PRICE_MULTIPLIERS,GOMS,FINANCE,Pricing,PRICE_MULTIPLIER,END_DATE,COMREF,SCBI
PRICE_MULTIPLIERS,GOMS,FINANCE,Pricing,PRICE_MULTIPLIER,UPDATED_BY,COMREF,SCBI
PRICE_MULTIPLIERS,GOMS,FINANCE,Pricing,PRICE_MULTIPLIER,PVC_CODE,COMREF,SCBI
PRICE_MULTIPLIERS,GOMS,FINANCE,Pricing,PRICE_MULTIPLIER,"REGION_CODE, CHANNEL_CODE, PVC_CODE, SPC_TYPE, BEGIN_DATE, END_DATE",COMREF,SCBI
PRICE_MULTIPLIERS,GOMS,FINANCE,Pricing,PRICE_MULTIPLIER,CREATED_BY,COMREF,SCBI
PRICE_MULTIPLIERS,GOMS,FINANCE,Pricing,PRICE_MULTIPLIER,CREATE_DATE,COMREF,SCBI
PRICE_MULTIPLIERS,GOMS,FINANCE,Pricing,PRICE_MULTIPLIER,,COMREF,SCBI
PRICE_MULTIPLIERS,GOMS,FINANCE,Pricing,PRICE_MULTIPLIER,BASE_PRICE_NO,COMREF,SCBI
PRICE_MULTIPLIERS,GOMS,FINANCE,Pricing,PRICE_MULTIPLIER,CHANNEL_CODE,COMREF,SCBI
PRICE_MULTIPLIERS,GOMS,FINANCE,Pricing,PRICE_MULTIPLIER,RECORD_DATE,COMREF,SCBI
PRICE_MULTIPLIERS,GOMS,FINANCE,Pricing,PRICE_MULTIPLIER,REGION_CODE,COMREF,SCBI
PRODUCT,GOMS,PRODUCT,Product,PART_DESCRIPTION,PRINT_PART_NO,COMREF,AAI
PRODUCT,GOMS,PRODUCT,Product,PART_DESCRIPTION,FUTURE_EFFECT_CODE_EFF_DATE,COMREF,AAI
PRODUCT,GOMS,PRODUCT,Product,PART_DESCRIPTION,PART_LENGTH,COMREF,AAI
PRODUCT,GOMS,PRODUCT,Product,PART_DESCRIPTION,DESCRIPTION,COMREF,AAI
PRODUCT,GOMS,PRODUCT,Product,PART_DESCRIPTION,CURRENT_SALES_STATUS_CODE,COMREF,AAI
PRODUCT,GOMS,PRODUCT,Product,PART_DESCRIPTION,CURRENT_SSC_EFFECTIVE_DATE,COMREF,AAI
PRODUCT,GOMS,PRODUCT,Product,PART_DESCRIPTION,FUTURE_SSC_EFFECTIVE_DATE,COMREF,AAI
PRODUCT,GOMS,PRODUCT,Product,PART_DESCRIPTION,INACTIVE_OBS_FLAG,COMREF,AAI
PRODUCT,GOMS,PRODUCT,Product,PART_DESCRIPTION,PLAN_IN_KINAXIS,COMREF,AAI
PRODUCT,GOMS,PRODUCT,Product,PART_DESCRIPTION,UNIT_MEAS,COMREF,AAI
PRODUCT,GOMS,PRODUCT,Product,PART_DESCRIPTION,BUY_UNIT_MEAS,COMREF,AAI
PRODUCT,GOMS,PRODUCT,Product,OESALES_CATALOG,PVC_CODE,COMREF,AAI
PRODUCT,GOMS,PRODUCT,Product,PVC_CODES,PVC_DESC,COMREF,AAI
PRODUCT,GOMS,PRODUCT,Product,PART_DESCRIPTION,UNIT_PRICE,COMREF,AAI
PRODUCT,GOMS,PRODUCT,Product,OESALES_CATALOG,CARTON_WIDTH,COMREF,AAI
PRODUCT,GOMS,PRODUCT,Product,PART_DESCRIPTION,FUTURE_EFFECT_CODE,COMREF,AAI
PRODUCT,GOMS,PRODUCT,Product,PART_DESCRIPTION,FUTURE_SALES_STATUS_CODE,COMREF,AAI
PRODUCT,GOMS,PRODUCT,Product,PART_DESCRIPTION,,COMREF,AAI
PRODUCT,GOMS,PRODUCT,Product,OESALES_CATALOG,MIN_ORDER_QTY,COMREF,AAI
PRODUCT,GOMS,PRODUCT,Product,PART_DESCRIPTION,CREATED_BY,COMREF,AAI
PRODUCT,GOMS,PRODUCT,Product,SPC_TYPES,SPC_MAJ_CODE,COMREF,AAI
PRODUCT,GOMS,PRODUCT,Product,MOVE_PRODUCT_CODES,FLOW_THRU_FLAG,COMREF,AAI
PRODUCT,GOMS,PRODUCT,Product,SPC_TYPES,SPC_MIN_CODE,COMREF,AAI
PRODUCT,GOMS,PRODUCT,Product,PART_DESCRIPTION,SUPER_FAMILY_CODE,COMREF,AAI
PRODUCT,GOMS,PRODUCT,Product,PART_DESCRIPTION,SERIALIZATION_FLAG,COMREF,AAI
PRODUCT,GOMS,PRODUCT,Product,PART_DESCRIPTION,ABC_CODE,COMREF,AAI
PRODUCT,GOMS,PRODUCT,Product,OESALES_CATALOG,QTY_IN_CARTON,COMREF,AAI
PRODUCT,GOMS,PRODUCT,Product,PART_DESCRIPTION,TRANSP_PART_TYPE,COMREF,AAI
PRODUCT,GOMS,PRODUCT,Product,PART_DESCRIPTION,DISP_CODE,COMREF,AAI
PRODUCT,GOMS,PRODUCT,Product,,,COMREF,AAI
PRODUCT,GOMS,PRODUCT,Product,PART_DESCRIPTION,DEFAULT_MSC_CODE,COMREF,AAI
PRODUCT,GOMS,PRODUCT,Product,PART_DESCRIPTION,COUNTRY_OF_ORIGIN,COMREF,AAI
PRODUCT,GOMS,PRODUCT,Product,PART_DESCRIPTION,FIN_BUSINESS_CODE,COMREF,AAI
PRODUCT,GOMS,PRODUCT,Product,PART_DESCRIPTION,RESTRICTED_FLAG,COMREF,AAI
PRODUCT,GOMS,PRODUCT,Product,PART_FORECAST_ANALYSIS,FORECAST_STATUS_CODE,COMREF,AAI
PRODUCT,GOMS,PRODUCT,Product,OESALES_CATALOG,BROKERED_PART_FLAG,COMREF,AAI
PRODUCT,GOMS,PRODUCT,Product,PART_DESCRIPTION,UPDATED_BY,COMREF,AAI
PRODUCT,GOMS,PRODUCT,Product,PART_DESCRIPTION,HDISDELETEDRECORD,COMREF,AAI
PRODUCT,GOMS,PRODUCT,Product,PART_DESCRIPTION,CREATE_DATE,COMREF,AAI
PRODUCT,GOMS,PRODUCT,Product,PART_DESCRIPTION,RECORD_DATE ,COMREF,AAI
PRODUCT,GOMS,PRODUCT,Product,OESALES_CATALOG,CARTON_LENGTH,COMREF,AAI
PRODUCT,GOMS,PRODUCT,Product,PART_DESCRIPTION,BROK_REM_FLAG,COMREF,AAI
PRODUCT,GOMS,PRODUCT,Product,PART_DESCRIPTION,HAZARD_CODE,COMREF,AAI
PRODUCT,GOMS,PRODUCT,Product,PART_DESCRIPTION,ID_SERIAL_CODE,COMREF,AAI
PRODUCT,GOMS,PRODUCT,Product,PART_DESCRIPTION,FIN_RESP_CODE,COMREF,AAI
PRODUCT,GOMS,PRODUCT,Product,PART_DESCRIPTION,PART_WEIGHT,COMREF,AAI
PRODUCT,GOMS,PRODUCT,Product,PART_DESCRIPTION,DSN,COMREF,AAI
PRODUCT,GOMS,PRODUCT,Product,PART_DESCRIPTION,PLANNER_BUYER,COMREF,AAI
PRODUCT,GOMS,PRODUCT,Product,PART_DESCRIPTION,FIN_SUB_BUSINESS_CODE,COMREF,AAI
PRODUCT,GOMS,PRODUCT,Product,OESALES_CATALOG,CARTON_HEIGHT,COMREF,AAI
PRODUCT,GOMS,PRODUCT,Product,PART_DESCRIPTION,PART_STATUS,COMREF,AAI
PRODUCT,GOMS,PRODUCT,Product,PART_DESCRIPTION,TYPE_CODE,COMREF,AAI
PRODUCT,GOMS,PRODUCT,Product,PART_DESCRIPTION,CURRENT_EFFECT_CODE_EFF_DATE,COMREF,AAI
PRODUCT,GOMS,PRODUCT,Product,PART_DESCRIPTION,CDRXPART_FLAG,COMREF,AAI
PRODUCT,GOMS,PRODUCT,Product,PART_DESCRIPTION,CONTRACT,COMREF,AAI
PRODUCT,GOMS,PRODUCT,Product,PART_DESCRIPTION,MRP_ORDER_CODE,COMREF,AAI
PRODUCT,GOMS,PRODUCT,Product,PART_DESCRIPTION,HARMONIZED_TARIFF_NO,COMREF,AAI
PRODUCT,GOMS,PRODUCT,Product,PART_DESCRIPTION,PART_GROUP_CODE,COMREF,AAI
PRODUCT,GOMS,PRODUCT,Product,PART_DESCRIPTION,PART_HEIGHT,COMREF,AAI
PRODUCT,GOMS,PRODUCT,Product,PART_DESCRIPTION,CURRENT_EFFECT_CODE,COMREF,AAI
PRODUCT,GOMS,PRODUCT,Product,PART_DESCRIPTION,MOVE_PRODUCT_CODE,COMREF,AAI
PRODUCT,GOMS,PRODUCT,Product,PART_DESCRIPTION,MAKE_TO_FLAG,COMREF,AAI
PRODUCT,GOMS,PRODUCT,Product,ANALYSIS_CATEGORIES,CATEGORY_DESC,COMREF,AAI
PRODUCT,GOMS,PRODUCT,Product,PART_DESCRIPTION,PART_WIDTH,COMREF,AAI
PRODUCT,GOMS,PRODUCT,Product,SPC_TYPES,SPC_INT_CODE,COMREF,AAI
PRODUCT,GOMS,PRODUCT,Product,PART_DESCRIPTION,SPC_TYPE,COMREF,AAI
PRODUCT,GOMS,PRODUCT,Product,PART_DESCRIPTION,PART_NO ,COMREF,AAI
PRODUCT,GOMS,PRODUCT,Product,ANALYSIS_CATEGORY_MEMBERS,CATEGORY_ID,COMREF,AAI
PRODUCT_LOCATION,GOMS,"LOCATION, PRODUCT",,PART_WAREHOUSE_MASTER_DATA,ABC_CODE,COMREF,SCBI
PRODUCT_LOCATION,GOMS,"LOCATION, PRODUCT",,PART_WAREHOUSE_MASTER_DATA,"PART_NO,CONTRACT,WAREHOUSE",COMREF,SCBI
PRODUCT_LOCATION,GOMS,"LOCATION, PRODUCT",,PART_WAREHOUSE_MASTER_DATA,UPDATED_BY,COMREF,SCBI
PRODUCT_LOCATION,GOMS,"LOCATION, PRODUCT",,PART_WAREHOUSE_MASTER_DATA,WAREHOUSE,COMREF,SCBI
PRODUCT_LOCATION,GOMS,"LOCATION, PRODUCT",,PART_WAREHOUSE_MASTER_DATA,DEFAULT_MSC_CODE,COMREF,SCBI
PRODUCT_LOCATION,GOMS,"LOCATION, PRODUCT",,PART_WAREHOUSE_MASTER_DATA,PART_NO,COMREF,SCBI
PRODUCT_LOCATION,GOMS,"LOCATION, PRODUCT",,PART_WAREHOUSE_MASTER_DATA,"DSN, PART_NO, CONTRACT",COMREF,SCBI
PRODUCT_LOCATION,GOMS,"LOCATION, PRODUCT",,PART_WAREHOUSE_MASTER_DATA,RECORD_DATE,COMREF,SCBI
PRODUCT_LOCATION,GOMS,"LOCATION, PRODUCT",,MSC_CODES,MSC_DESC,COMREF,SCBI
PRODUCT_LOCATION,GOMS,"LOCATION, PRODUCT",,PART_WAREHOUSE_MASTER_DATA,AVG_MONTHLY_USAGE,COMREF,SCBI
PRODUCT_LOCATION,GOMS,"LOCATION, PRODUCT",,MANUAL_ALLOCATED_PARTS,PART_NO,COMREF,SCBI
PRODUCT_LOCATION,GOMS,"LOCATION, PRODUCT",,PART_WAREHOUSE_MASTER_DATA,PRIMARY_WAREHOUSE_S2P,COMREF,SCBI
PRODUCT_LOCATION,GOMS,"LOCATION, PRODUCT",,PART_WAREHOUSE_MASTER_DATA,CREATE_DATE,COMREF,SCBI
PRODUCT_LOCATION,GOMS,"LOCATION, PRODUCT",,PART_WAREHOUSE_MASTER_DATA,TYPE_CODE,COMREF,SCBI
PRODUCT_LOCATION,GOMS,"LOCATION, PRODUCT",,PART_WAREHOUSE_MASTER_DATA,PRIMARY_WAREHOUSE,COMREF,SCBI
PRODUCT_LOCATION,GOMS,"LOCATION, PRODUCT",,PART_WAREHOUSE_MASTER_DATA,COUNTRY_OF_ORIGIN,COMREF,SCBI
PRODUCT_LOCATION,GOMS,"LOCATION, PRODUCT",,PART_WAREHOUSE_MASTER_DATA,SPLASH_ORDER_FLAG,COMREF,SCBI
PRODUCT_LOCATION,GOMS,"LOCATION, PRODUCT",,PART_WAREHOUSE_MASTER_DATA,WH_PLANNER,COMREF,SCBI
PRODUCT_LOCATION,GOMS,"LOCATION, PRODUCT",,,,COMREF,SCBI
PRODUCT_SEGMENT,GOMS,PRODUCT,Pricing,PART_DESCRIPTION,EAC_CODE,COMREF,AAI
PRODUCT_SEGMENT,GOMS,PRODUCT,Pricing,PART_DESCRIPTION,,COMREF,AAI
PRODUCT_SEGMENT,GOMS,PRODUCT,Pricing,PART_DESCRIPTION,PART_NO,COMREF,AAI
PRODUCT_SEGMENT,GOMS,PRODUCT,Pricing,PART_DESCRIPTION,SUPER_FAMILY_CODE,COMREF,AAI
PRODUCT_SEGMENT,GOMS,PRODUCT,Pricing,PART_DESCRIPTION,HDISDELETEDRECORD,COMREF,AAI
PRODUCT_SEGMENT,GOMS,PRODUCT,Pricing,PART_DESCRIPTION,UPDATED_BY,COMREF,AAI
PRODUCT_SEGMENT,GOMS,PRODUCT,Pricing,,,COMREF,AAI
PRODUCT_SEGMENT,GOMS,PRODUCT,Pricing,PART_DESCRIPTION,RECORD_DATE,COMREF,AAI
PRODUCT_SEGMENT,GOMS,PRODUCT,Pricing,PART_DESCRIPTION,CREATED_BY,COMREF,AAI
PRODUCT_SEGMENT,GOMS,PRODUCT,Pricing,PART_DESCRIPTION,CREATE_DATE,COMREF,AAI
PRODUCT_SEGMENT,GOMS,PRODUCT,Pricing,PART_DESCRIPTION,DSN,COMREF,AAI
PRODUCT_SEGMENT,GOMS,PRODUCT,Pricing,PART_DESCRIPTION,EAC_MODEL,COMREF,AAI
PRODUCT_SUPERSESSION,GOMS,PRODUCT,Product,PART_SUPERSESSION_DETAIL,PART_NO,COMREF,AAI
PRODUCT_SUPERSESSION,GOMS,PRODUCT,Product,,,COMREF,AAI
PRODUCT_SUPERSESSION,GOMS,PRODUCT,Product,PART_SUPERSESSION_DETAIL,SUPERSEDING_CONTRACT,COMREF,AAI
PRODUCT_SUPERSESSION,GOMS,PRODUCT,Product,PART_SUPERSESSION_DETAIL,CREATE_DATE,COMREF,AAI
PRODUCT_SUPERSESSION,GOMS,PRODUCT,Product,PART_SUPERSESSION_DETAIL,,COMREF,AAI
PRODUCT_SUPERSESSION,GOMS,PRODUCT,Product,PART_SUPERSESSION_DETAIL,SUPERSEDING_PART_NO,COMREF,AAI
PRODUCT_SUPERSESSION,GOMS,PRODUCT,Product,PART_SUPERSESSION_DETAIL,PHASE_OUT_DATE,COMREF,AAI
PRODUCT_SUPERSESSION,GOMS,PRODUCT,Product,PART_SUPERSESSION_DETAIL,DSN,COMREF,AAI
PRODUCT_SUPERSESSION,GOMS,PRODUCT,Product,PART_SUPERSESSION_DETAIL,RECORD_DATE,COMREF,AAI
PRODUCT_SUPERSESSION,GOMS,PRODUCT,Product,PART_SUPERSESSION_DETAIL,QTY_PER,COMREF,AAI
PRODUCT_SUPERSESSION,GOMS,PRODUCT,Product,PART_SUPERSESSION_DETAIL,CONTRACT,COMREF,AAI
PRODUCT_SUPERSESSION,GOMS,PRODUCT,Product,PART_SUPERSESSION_DETAIL,UPDATED_BY,COMREF,AAI
PRODUCT_SUPERSESSION,GOMS,PRODUCT,Product,PART_SUPERSESSION_DETAIL,CREATED_BY,COMREF,AAI
PRODUCT_SUPERSESSION,GOMS,PRODUCT,Product,PART_SUPERSESSION_DETAIL,HDISDELETEDRECORD,COMREF,AAI
PRODUCT_SUPERSESSION,GOMS,PRODUCT,Product,PART_SUPERSESSION_DETAIL,PRIMARY_FLAG,COMREF,AAI
PRODUCT_SUPPLIER,GOMS,"PRODUCT, SUPPLIER",Product,SUPPLIER_PARTS,COMPANY_CODE,COMREF,AAI
PRODUCT_SUPPLIER,GOMS,"PRODUCT, SUPPLIER",Product,SUPPLIER_PARTS,MUL_ORDER_QTY,COMREF,AAI
PRODUCT_SUPPLIER,GOMS,"PRODUCT, SUPPLIER",Product,SUPPLIER_PARTS,MSC_CODE,COMREF,AAI
PRODUCT_SUPPLIER,GOMS,"PRODUCT, SUPPLIER",Product,SUPPLIER_PARTS,WAREHOUSE,COMREF,AAI
PRODUCT_SUPPLIER,GOMS,"PRODUCT, SUPPLIER",Product,SUPPLIER_PARTS,,COMREF,AAI
PRODUCT_SUPPLIER,GOMS,"PRODUCT, SUPPLIER",Product,SUPPLIER_PARTS,PART_NO,COMREF,AAI
PRODUCT_SUPPLIER,GOMS,"PRODUCT, SUPPLIER",Product,SUPPLIER_PARTS,SUPPLIER_PART_NO,COMREF,AAI
PRODUCT_SUPPLIER,GOMS,"PRODUCT, SUPPLIER",Product,SUPPLIER_PARTS,DSN,COMREF,AAI
PRODUCT_SUPPLIER,GOMS,"PRODUCT, SUPPLIER",Product,SUPPLIER_PARTS,HDISDELETEDRECORD,COMREF,AAI
PRODUCT_SUPPLIER,GOMS,"PRODUCT, SUPPLIER",Product,SUPPLIER_PARTS,RECORD_DATE,COMREF,AAI
PRODUCT_SUPPLIER,GOMS,"PRODUCT, SUPPLIER",Product,SUPPLIER_PARTS,LOT_SIZE,COMREF,AAI
PRODUCT_SUPPLIER,GOMS,"PRODUCT, SUPPLIER",Product,SUPPLIER_PARTS,CREATED_BY,COMREF,AAI
PRODUCT_SUPPLIER,GOMS,"PRODUCT, SUPPLIER",Product,SUPPLIER_PARTS,CONTRACT,COMREF,AAI
PRODUCT_SUPPLIER,GOMS,"PRODUCT, SUPPLIER",Product,,,COMREF,AAI
PRODUCT_SUPPLIER,GOMS,"PRODUCT, SUPPLIER",Product,SUPPLIER_PARTS,PURCHASE_LEADTIME,COMREF,AAI
PRODUCT_SUPPLIER,GOMS,"PRODUCT, SUPPLIER",Product,SUPPLIER_PARTS,UPDATED_BY,COMREF,AAI
PRODUCT_SUPPLIER,GOMS,"PRODUCT, SUPPLIER",Product,SUPPLIER_PARTS,PREFERRED_FLAG,COMREF,AAI
PRODUCT_SUPPLIER,GOMS,"PRODUCT, SUPPLIER",Product,SUPPLIER_PARTS,SUPPLIER_SPLIT,COMREF,AAI
PRODUCT_SUPPLIER,GOMS,"PRODUCT, SUPPLIER",Product,SUPPLIER_PARTS,CREATE_DATE,COMREF,AAI
PRODUCT_SUPPLIER,GOMS,"PRODUCT, SUPPLIER",Product,SUPPLIER_PARTS,SUPPLIER_SHARE,COMREF,AAI
PURCHASE_ORDER_BUYER,GOMS,PROCUREMENT,Purchase Order,TEMP_PLANNER_BUYER,,COMREF,AAI
PURCHASE_ORDER_BUYER,GOMS,PROCUREMENT,Purchase Order,TEMP_PLANNER_BUYER,HDISDELETEDRECORD,COMREF,AAI
PURCHASE_ORDER_BUYER,GOMS,PROCUREMENT,Purchase Order,TEMP_PLANNER_BUYER,BUYER_NAME,COMREF,AAI
PURCHASE_ORDER_BUYER,GOMS,PROCUREMENT,Purchase Order,TEMP_PLANNER_BUYER,BUYER_CODE,COMREF,AAI
PURCHASE_ORDER_BUYER,GOMS,PROCUREMENT,Purchase Order,TEMP_PLANNER_BUYER,WWID,COMREF,AAI
PURCHASE_ORDER_BUYER,GOMS,PROCUREMENT,Purchase Order,TEMP_PLANNER_BUYER,PLANNER_CODE,COMREF,AAI
PURCHASE_ORDER_BUYER,GOMS,PROCUREMENT,Purchase Order,TEMP_PLANNER_BUYER,DSN,COMREF,AAI
PURCHASE_ORDER_BUYER,GOMS,PROCUREMENT,Purchase Order,,,COMREF,AAI
RECON_DIRTY_CORE_PRODUCT_RELATIONSHIP,GOMS,PRODUCT,PRODUCT,RXDCPART_XREFS,,COMREF,AAI
RECON_DIRTY_CORE_PRODUCT_RELATIONSHIP,GOMS,PRODUCT,PRODUCT,RXDCPART_XREFS,DML_FLAG,COMREF,AAI
RECON_DIRTY_CORE_PRODUCT_RELATIONSHIP,GOMS,PRODUCT,PRODUCT,RXDCPART_XREFS,UPDATED_BY,COMREF,AAI
RECON_DIRTY_CORE_PRODUCT_RELATIONSHIP,GOMS,PRODUCT,PRODUCT,RXDCPART_XREFS,CREATE_DATE,COMREF,AAI
RECON_DIRTY_CORE_PRODUCT_RELATIONSHIP,GOMS,PRODUCT,PRODUCT,RXDCPART_XREFS,CPART_PART_NO,COMREF,AAI
RECON_DIRTY_CORE_PRODUCT_RELATIONSHIP,GOMS,PRODUCT,PRODUCT,RXDCPART_XREFS,RXPART_CONTRACT,COMREF,AAI
RECON_DIRTY_CORE_PRODUCT_RELATIONSHIP,GOMS,PRODUCT,PRODUCT,RXDCPART_XREFS,DPART_CONTRACT,COMREF,AAI
RECON_DIRTY_CORE_PRODUCT_RELATIONSHIP,GOMS,PRODUCT,PRODUCT,RXDCPART_XREFS,CPART_CONTRACT,COMREF,AAI
RECON_DIRTY_CORE_PRODUCT_RELATIONSHIP,GOMS,PRODUCT,PRODUCT,RXDCPART_XREFS,CREATED_BY,COMREF,AAI
RECON_DIRTY_CORE_PRODUCT_RELATIONSHIP,GOMS,PRODUCT,PRODUCT,RXDCPART_XREFS,RECORD_DATE,COMREF,AAI
RECON_DIRTY_CORE_PRODUCT_RELATIONSHIP,GOMS,PRODUCT,PRODUCT,RXDCPART_XREFS,DSN,COMREF,AAI
RECON_DIRTY_CORE_PRODUCT_RELATIONSHIP,GOMS,PRODUCT,PRODUCT,RXDCPART_XREFS,DPART_PART_NO,COMREF,AAI
RECON_DIRTY_CORE_PRODUCT_RELATIONSHIP,GOMS,PRODUCT,PRODUCT,RXDCPART_XREFS,RXPART_PART_NO,COMREF,AAI
RECON_DIRTY_CORE_PRODUCT_RELATIONSHIP,GOMS,PRODUCT,PRODUCT,RXDCPART_XREFS,DPART_QUANTITY,COMREF,AAI
SHIPPING_CALENDAR,GOMS,LOGISTICS,CALENDAR,OESHIP_CALENDAR_F,WAREHOUSE,COMREF,AAI
SHIPPING_CALENDAR,GOMS,LOGISTICS,CALENDAR,,,COMREF,AAI
SHIPPING_CALENDAR,GOMS,LOGISTICS,CALENDAR,OESHIP_CALENDAR_F,CREATE_DATE,COMREF,AAI
SHIPPING_CALENDAR,GOMS,LOGISTICS,CALENDAR,OESHIP_CALENDAR_F,SHIP_DAY,COMREF,AAI
SHIPPING_CALENDAR,GOMS,LOGISTICS,CALENDAR,OESHIP_CALENDAR_F,DSN,COMREF,AAI
SHIPPING_CALENDAR,GOMS,LOGISTICS,CALENDAR,OESHIP_CALENDAR_F,WEEK_LENGTH,COMREF,AAI
SHIPPING_CALENDAR,GOMS,LOGISTICS,CALENDAR,OESHIP_CALENDAR_F,RECORD_DATE,COMREF,AAI
SHIPPING_CALENDAR,GOMS,LOGISTICS,CALENDAR,OESHIP_CALENDAR_F,UPDATED_BY,COMREF,AAI
SHIPPING_CALENDAR,GOMS,LOGISTICS,CALENDAR,OESHIP_CALENDAR_F,COUNTER,COMREF,AAI
SHIPPING_CALENDAR,GOMS,LOGISTICS,CALENDAR,OESHIP_CALENDAR_F,,COMREF,AAI
SHIPPING_CALENDAR,GOMS,LOGISTICS,CALENDAR,OESHIP_CALENDAR_F,HDISDELETEDRECORD,COMREF,AAI
SHIPPING_CALENDAR,GOMS,LOGISTICS,CALENDAR,OESHIP_CALENDAR_F,CREATED_BY,COMREF,AAI
SUPPLIER,GOMS,SUPPLIER,SUPPLIER,COMPANY_UNITS,UPDATED_BY,COMREF,AAI
SUPPLIER,GOMS,SUPPLIER,SUPPLIER,COMPANY_UNITS,SIM_SITE_ID,COMREF,AAI
SUPPLIER,GOMS,SUPPLIER,SUPPLIER,COMPANY_UNITS,VENDOR_SITE_ID,COMREF,AAI
SUPPLIER,GOMS,SUPPLIER,SUPPLIER,COMPANY_UNITS,COMPANY_NAME,COMREF,AAI
SUPPLIER,GOMS,SUPPLIER,SUPPLIER,COMPANY_UNITS,COMPANY_CODE,COMREF,AAI
SUPPLIER,GOMS,SUPPLIER,SUPPLIER,INTERNAL_DEPT_CODES,INTERNAL_DEPT_DESC,COMREF,AAI
SUPPLIER,GOMS,SUPPLIER,SUPPLIER,COMPANY_UNITS,SIM_SUPPLIER_NO,COMREF,AAI
SUPPLIER,GOMS,SUPPLIER,SUPPLIER,COMPANY_UNITS,TAX_ID_NO,COMREF,AAI
SUPPLIER,GOMS,SUPPLIER,,,,COMREF,AAI
SUPPLIER,GOMS,SUPPLIER,SUPPLIER,COMPANY_UNITS,,COMREF,AAI
SUPPLIER,GOMS,SUPPLIER,SUPPLIER,,,COMREF,AAI
SUPPLIER,GOMS,SUPPLIER,SUPPLIER,COMPANY_UNITS,GSM_SUPPLIER_NO,COMREF,AAI
SUPPLIER,GOMS,SUPPLIER,SUPPLIER,COMPANY_UNITS,RECORD_DATE,COMREF,AAI
SUPPLIER,GOMS,SUPPLIER,SUPPLIER,COMPANY_UNITS,CREATE_DATE,COMREF,AAI
SUPPLIER,GOMS,SUPPLIER,SUPPLIER,COMPANY_UNITS,INTERNAL_DEPT_CODE,COMREF,AAI
SUPPLIER,GOMS,SUPPLIER,SUPPLIER,COMPANY_UNITS,CREATED_BY,COMREF,AAI
SUPPLIER_SITE,GOMS,SUPPLIER,SUPPLIER_SITE,COMPANY_ADDRESSES,BEGIN_DATE,COMREF,AAI
SUPPLIER_SITE,GOMS,SUPPLIER,SUPPLIER_SITE,COMPANY_ADDRESSES,RECORD_DATE,COMREF,AAI
SUPPLIER_SITE,GOMS,SUPPLIER,SUPPLIER_SITE,COMPANY_ADDRESSES,COMPANY_CODE,COMREF,AAI
SUPPLIER_SITE,GOMS,SUPPLIER,SUPPLIER_SITE,COMPANY_ADDRESSES,COMPANY_ADDRESS_TOKEN,COMREF,AAI
SUPPLIER_SITE,GOMS,SUPPLIER,SUPPLIER_SITE,COMPANY_ADDRESSES,PROVINCE_NAME,COMREF,AAI
SUPPLIER_SITE,GOMS,SUPPLIER,SUPPLIER_SITE,,,COMREF,AAI
SUPPLIER_SITE,GOMS,SUPPLIER,SUPPLIER_SITE,COMPANY_ADDRESSES,ADDRESS_LINE_TWO,COMREF,AAI
SUPPLIER_SITE,GOMS,SUPPLIER,SUPPLIER_SITE,COMPANY_ADDRESSES,COUNTY_CODE,COMREF,AAI
SUPPLIER_SITE,GOMS,SUPPLIER,SUPPLIER_SITE,COMPANY_ADDRESSES,COUNTRY_CODE,COMREF,AAI
SUPPLIER_SITE,GOMS,SUPPLIER,SUPPLIER_SITE,ADDRESS_TYPES,ADDRESS_DESC,COMREF,AAI
SUPPLIER_SITE,GOMS,SUPPLIER,SUPPLIER_SITE,COMPANY_ADDRESSES,UPDATED_BY,COMREF,AAI
SUPPLIER_SITE,GOMS,SUPPLIER,SUPPLIER_SITE,COMPANY_ADDRESSES,ADDRESS_LINE_ONE,COMREF,AAI
SUPPLIER_SITE,GOMS,SUPPLIER,SUPPLIER_SITE,COMPANY_ADDRESSES,STATE_CODE,COMREF,AAI
SUPPLIER_SITE,GOMS,SUPPLIER,SUPPLIER_SITE,COMPANY_ADDRESSES,ADDRESS_TYPE ,COMREF,AAI
SUPPLIER_SITE,GOMS,SUPPLIER,SUPPLIER_SITE,COMPANY_ADDRESSES,POSTAL_CODE,COMREF,AAI
SUPPLIER_SITE,GOMS,SUPPLIER,SUPPLIER_SITE,COMPANY_ADDRESSES,ADDRESS_LINE_THREE,COMREF,AAI
SUPPLIER_SITE,GOMS,SUPPLIER,SUPPLIER_SITE,COMPANY_ADDRESSES,CITY_NAME,COMREF,AAI
SUPPLIER_SITE,GOMS,SUPPLIER,SUPPLIER_SITE,COMPANY_ADDRESSES,CREATE_DATE,COMREF,AAI
SUPPLIER_SITE,GOMS,SUPPLIER,SUPPLIER_SITE,COMPANY_ADDRESSES,CREATED_BY,COMREF,AAI
UNIT_OF_MEASURE,GOMS,ALL,,CIIM_DEFAULTS,,COMREF,AAI
UNIT_OF_MEASURE,GOMS,ALL,,,,COMREF,AAI
UNIT_OF_MEASURE,GOMS,ALL,,CIIM_DEFAULTS,CIIM_DEFAULTS_TOKEN,COMREF,AAI
UNIT_OF_MEASURE,GOMS,ALL,,CIIM_DEFAULTS,USER_NAME,COMREF,AAI
UNIT_OF_MEASURE,GOMS,ALL,,CIIM_DEFAULTS,COLUMN_NAME,COMREF,AAI
UNIT_OF_MEASURE,GOMS,ALL,,CIIM_DEFAULTS,DATE_VALUE,COMREF,AAI
UNIT_OF_MEASURE,GOMS,ALL,,CIIM_DEFAULTS,UPDATED_BY,COMREF,AAI
UNIT_OF_MEASURE,GOMS,ALL,,CIIM_DEFAULTS,DATA_TYPE,COMREF,AAI
UNIT_OF_MEASURE,GOMS,ALL,,CIIM_DEFAULTS,CREATED_BY,COMREF,AAI
UNIT_OF_MEASURE,GOMS,ALL,,CIIM_DEFAULTS,NUMBER_VALUE,COMREF,AAI
UNIT_OF_MEASURE,GOMS,ALL,,CIIM_DEFAULTS,CREATE_DATE,COMREF,AAI
UNIT_OF_MEASURE,GOMS,ALL,,CIIM_DEFAULTS,CHAR_VALUE,COMREF,AAI
UNIT_OF_MEASURE,GOMS,ALL,,CIIM_DEFAULTS,TABLE_NAME,COMREF,AAI
UNIT_OF_MEASURE,GOMS,ALL,,CIIM_DEFAULTS,RECORD_DATE,COMREF,AAI
UNIT_OF_MEASURE,GOMS,ALL,,CIIM_DEFAULTS,HDISDELETEDRECORD,COMREF,AAI
UNIT_OF_MEASURE,GOMS,ALL,,CIIM_DEFAULTS,ACTION_ID,COMREF,AAI
UNIT_OF_MEASURE_CONVERSION,GOMS,ALL,UOM,UOM_CONVERSIONS,UPDATED_BY,COMREF,AAI
UNIT_OF_MEASURE_CONVERSION,GOMS,ALL,UOM,UOM_CONVERSIONS,HDISDELETEDRECORD,COMREF,AAI
UNIT_OF_MEASURE_CONVERSION,GOMS,ALL,UOM,UOM_CONVERSIONS,MULTIPLIER_FACTOR,COMREF,AAI
UNIT_OF_MEASURE_CONVERSION,GOMS,ALL,UOM,,,COMREF,AAI
UNIT_OF_MEASURE_CONVERSION,GOMS,ALL,UOM,UOM_CONVERSIONS,UOM_CODE,COMREF,AAI
UNIT_OF_MEASURE_CONVERSION,GOMS,ALL,UOM,UOM_CONVERSIONS,RECORD_DATE,COMREF,AAI
UNIT_OF_MEASURE_CONVERSION,GOMS,ALL,UOM,UOM_CONVERSIONS,CREATED_BY,COMREF,AAI
UNIT_OF_MEASURE_CONVERSION,GOMS,ALL,UOM,UOM_CONVERSIONS,CREATE_DATE,COMREF,AAI
UNIT_OF_MEASURE_CONVERSION,GOMS,ALL,UOM,UOM_CONVERSIONS,UOM_CODE_TO,COMREF,AAI
CAMPAIGN,GOOGLANL,MARKETING,CAMPAIGN,"TRAFFIC,GA4TRAFFIC",GA External Campaign Name,COMREF,DBU
CAMPAIGN,GOOGLANL,MARKETING,CAMPAIGN,,,COMREF,DBU
PRODUCT,GOOGLANL,PRODUCT,Product,DATORAMA_PRODUCT,,COMREF,DBU
PRODUCT,GOOGLANL,PRODUCT,Product,DATORAMA_PRODUCT,DSN,COMREF,DBU
PRODUCT,GOOGLANL,PRODUCT,Product,DATORAMA_PRODUCT,GA External Product Name (Ecom View),COMREF,DBU
PRODUCT,GOOGLANL,PRODUCT,Product,,,COMREF,DBU
PRODUCT,GOOGLANL,PRODUCT,Product,DATORAMA_PRODUCT,DAY,COMREF,DBU
CONSIGNEE,HELLMANN,LOGISTICS,Logistics,TA_HELLMANN_SHIPMENT,CONSIGNEE_ZIP_CODE,COMREF,SCBI
CONSIGNEE,HELLMANN,LOGISTICS,Logistics,TA_HELLMANN_SHIPMENT,DSN,COMREF,SCBI
CONSIGNEE,HELLMANN,LOGISTICS,Logistics,TA_HELLMANN_SHIPMENT,SNOWFLAKE_CREATEDDTM,COMREF,SCBI
CONSIGNEE,HELLMANN,LOGISTICS,Logistics,TA_HELLMANN_SHIPMENT,REGION,COMREF,SCBI
CONSIGNEE,HELLMANN,LOGISTICS,Logistics,TA_HELLMANN_SHIPMENT,CONSIGNEE_COUNTRY,COMREF,SCBI
CONSIGNEE,HELLMANN,LOGISTICS,Logistics,TA_HELLMANN_SHIPMENT,,COMREF,SCBI
CONSIGNEE,HELLMANN,LOGISTICS,Logistics,TA_HELLMANN_SHIPMENT,SNOWFLAKE_MODIFIEDDTM,COMREF,SCBI
CONSIGNEE,HELLMANN,LOGISTICS,Logistics,TA_HELLMANN_SHIPMENT,CONSIGNEE_NAME,COMREF,SCBI
CONSIGNEE,HELLMANN,LOGISTICS,Logistics,TA_CONSIGNEE_XREF,CORRECT_CONSIGNEE_CITY,COMREF,SCBI
CONSIGNEE,HELLMANN,LOGISTICS,Logistics,TA_CONSIGNEE_XREF,CORRECT_CONSIGNEE_COUNTRY,COMREF,SCBI
CONSIGNEE,HELLMANN,LOGISTICS,Logistics,TA_HELLMANN_SHIPMENT,"CONSIGNEE_NAME, CONSIGNEE_CITY, CONSIGNEE_COUNTRY, CONSIGNEE_ZIP_CODE",COMREF,SCBI
CONSIGNEE,HELLMANN,LOGISTICS,Logistics,TA_CONSIGNEE_XREF,CORRECT_CONSIGNEE_NAME,COMREF,SCBI
CONSIGNEE,HELLMANN,LOGISTICS,Logistics,TA_HELLMANN_SHIPMENT,CONSIGNEE_CITY,COMREF,SCBI
PORT_LOCATION,HELLMANN,LOGISTICS,Logistics,TA_HELLMANN_SHIPMENT,"SHIPPER_COUNTRY,DEPARTURE_PORT, 
DESTINATION_COUNTRY,DESTINATION_PORT",COMREF,SCBI
PORT_LOCATION,HELLMANN,LOGISTICS,Logistics,TA_HELLMANN_SHIPMENT,DSN,COMREF,SCBI
PORT_LOCATION,HELLMANN,LOGISTICS,Logistics,TA_HELLMANN_SHIPMENT,DEPARTURE_PORT,COMREF,SCBI
PORT_LOCATION,HELLMANN,LOGISTICS,Logistics,TA_HELLMANN_SHIPMENT,DESTINATION_COUNTRY,COMREF,SCBI
PORT_LOCATION,HELLMANN,LOGISTICS,Logistics,TA_HELLMANN_SHIPMENT,,COMREF,SCBI
PORT_LOCATION,HELLMANN,LOGISTICS,Logistics,TA_HELLMANN_SHIPMENT,DESTINATION_PORT,COMREF,SCBI
PORT_LOCATION,HELLMANN,LOGISTICS,Logistics,TA_HELLMANN_SHIPMENT,REGION,COMREF,SCBI
PORT_LOCATION,HELLMANN,LOGISTICS,Logistics,TA_HELLMANN_SHIPMENT,SNOWFLAKE_MODIFIEDDTM,COMREF,SCBI
PORT_LOCATION,HELLMANN,LOGISTICS,Logistics,TA_HELLMANN_SHIPMENT,SHIPPER_COUNTRY,COMREF,SCBI
PORT_LOCATION,HELLMANN,LOGISTICS,Logistics,TA_HELLMANN_SHIPMENT,SNOWFLAKE_CREATEDDTM ,COMREF,SCBI
CONSIGNEE,ICL,LOGISTICS,Logistics,TA_ICL_SHIPMENT,"CONSIGNEE, CONSIGNEE_CITY, CONSIGNEE_COUNTRY, CONSIGNEE_POSTAL_CODE",COMREF,SCBI
CONSIGNEE,ICL,LOGISTICS,Logistics,TA_ICL_SHIPMENT,CONSIGNEE_COUNTRY,COMREF,SCBI
CONSIGNEE,ICL,LOGISTICS,Logistics,TA_ICL_SHIPMENT,CONSIGNEE_POSTAL_CODE,COMREF,SCBI
CONSIGNEE,ICL,LOGISTICS,Logistics,TA_CONSIGNEE_XREF,CORRECT_CONSIGNEE_COUNTRY,COMREF,SCBI
CONSIGNEE,ICL,LOGISTICS,Logistics,TA_ICL_SHIPMENT,DSN,COMREF,SCBI
CONSIGNEE,ICL,LOGISTICS,Logistics,TA_CONSIGNEE_XREF,CORRECT_CONSIGNEE_CITY,COMREF,SCBI
CONSIGNEE,ICL,LOGISTICS,Logistics,TA_ICL_SHIPMENT,CONSIGNEE_CITY,COMREF,SCBI
CONSIGNEE,ICL,LOGISTICS,Logistics,TA_ICL_SHIPMENT,,COMREF,SCBI
CONSIGNEE,ICL,LOGISTICS,Logistics,TA_ICL_SHIPMENT,CONSIGNEE,COMREF,SCBI
CONSIGNEE,ICL,LOGISTICS,Logistics,TA_CONSIGNEE_XREF,CORRECT_CONSIGNEE_NAME,COMREF,SCBI
CONSIGNEE,ICL,LOGISTICS,Logistics,TA_ICL_SHIPMENT,SNOWFLAKE_MODIFIEDDTM,COMREF,SCBI
CONSIGNEE,ICL,LOGISTICS,Logistics,TA_ICL_SHIPMENT,SNOWFLAKE_CREATEDDTM,COMREF,SCBI
CONSIGNEE,ICL,LOGISTICS,Logistics,TA_ICL_SHIPMENT,REGION,COMREF,SCBI
CONSIGNEE,JAS,LOGISTICS,Logistics,TA_JAS_SHIPMENT,"Consignee_Name ,Delivery_Address_City,Consignee_Country,Delivery_Address_Post_Code",COMREF,SCBI
CONSIGNEE,JAS,LOGISTICS,Logistics,TA_JAS_SHIPMENT,SNOWFLAKE_CREATEDDTM,COMREF,SCBI
CONSIGNEE,JAS,LOGISTICS,Logistics,TA_JAS_SHIPMENT,Delivery_Address_Post_Code,COMREF,SCBI
CONSIGNEE,JAS,LOGISTICS,Logistics,TA_JAS_SHIPMENT,Consignee_Name,COMREF,SCBI
CONSIGNEE,JAS,LOGISTICS,Logistics,TA_JAS_SHIPMENT,,COMREF,SCBI
CONSIGNEE,JAS,LOGISTICS,Logistics,TA_JAS_SHIPMENT,Consignee_Country,COMREF,SCBI
CONSIGNEE,JAS,LOGISTICS,Logistics,TA_JAS_SHIPMENT,DSN,COMREF,SCBI
CONSIGNEE,JAS,LOGISTICS,Logistics,TA_JAS_SHIPMENT,SNOWFLAKE_MODIFIEDDTM,COMREF,SCBI
CONSIGNEE,JAS,LOGISTICS,Logistics,TA_JAS_SHIPMENT,Delivery_Address_City,COMREF,SCBI
CONSIGNEE,JAS,LOGISTICS,Logistics,TA_Consignee_XREF,CORRECT_CONSIGNEE_COUNTRY,COMREF,SCBI
CONSIGNEE,JAS,LOGISTICS,Logistics,TA_Consignee_XREF,CORRECT_CONSIGNEE_CITY,COMREF,SCBI
CONSIGNEE,JAS,LOGISTICS,Logistics,TA_Consignee_XREF,CONSIGNEE_ADJ,COMREF,SCBI
PORT_LOCATION,JAS,LOGISTICS,Logistics,TA_JAS_SHIPMENT,CARRIER,COMREF,SCBI
PORT_LOCATION,JAS,LOGISTICS,Logistics,TA_PORT_CITIES_XREF,PORT_COUNTRY,COMREF,SCBI
PORT_LOCATION,JAS,LOGISTICS,Logistics,TA_PORT_CITIES_XREF,PORT_CITY,COMREF,SCBI
PORT_LOCATION,JAS,LOGISTICS,Logistics,TA_JAS_SHIPMENT,,COMREF,SCBI
PORT_LOCATION,JAS,LOGISTICS,Logistics,TA_PORT_CITIES_XREF,PORT_CODE,COMREF,SCBI
PORT_LOCATION,JAS,LOGISTICS,Logistics,TA_JAS_SHIPMENT,SNOWFLAKE_CREATEDDTM,COMREF,SCBI
PORT_LOCATION,JAS,LOGISTICS,Logistics,TA_JAS_SHIPMENT,ORIGIN_COUNTRY,COMREF,SCBI
PORT_LOCATION,JAS,LOGISTICS,Logistics,TA_JAS_SHIPMENT,DSN,COMREF,SCBI
PORT_LOCATION,JAS,LOGISTICS,Logistics,TA_JAS_SHIPMENT,DEST_PORT_CODE,COMREF,SCBI
PORT_LOCATION,JAS,LOGISTICS,Logistics,TA_JAS_SHIPMENT,DEST_CTRY,COMREF,SCBI
PORT_LOCATION,JAS,LOGISTICS,Logistics,TA_JAS_SHIPMENT,"ORIGIN_COUNTRY, ORIGIN_HUB_CODE, DEST_CTRY, DEST_PORT_CODE",COMREF,SCBI
PORT_LOCATION,JAS,LOGISTICS,Logistics,TA_JAS_SHIPMENT,ORIGIN_HUB_CODE,COMREF,SCBI
PORT_LOCATION,JAS,LOGISTICS,Logistics,TA_JAS_SHIPMENT,SNOWFLAKE_MODIFIEDDTM,COMREF,SCBI
SHIPPER,JAS,LOGISTICS,Logistics,TA_SHIPPER_XREF,CORRECT_SHIPPER_ZIP,COMREF,SCBI
SHIPPER,JAS,LOGISTICS,Logistics,TA_JAS_SHIPMENT,Origin_Address_City,COMREF,SCBI
SHIPPER,JAS,LOGISTICS,Logistics,TA_JAS_SHIPMENT,Origin_Address_Post_Code,COMREF,SCBI
SHIPPER,JAS,LOGISTICS,Logistics,TA_SHIPPER_XREF,CORRECT_SHIPPER_ADDRESS,COMREF,SCBI
SHIPPER,JAS,LOGISTICS,Logistics,TA_SHIPPER_XREF,CORRECT_SHIPPER_COUNTRY,COMREF,SCBI
SHIPPER,JAS,LOGISTICS,Logistics,TA_JAS_SHIPMENT,Carrier,COMREF,SCBI
SHIPPER,JAS,LOGISTICS,Logistics,TA_JAS_SHIPMENT,"Shipper_Name,Origin_Address_City,Origin_Country,Origin_Address_Post_Code",COMREF,SCBI
SHIPPER,JAS,LOGISTICS,Logistics,TA_JAS_SHIPMENT,,COMREF,SCBI
SHIPPER,JAS,LOGISTICS,Logistics,TA_JAS_SHIPMENT,Shipper_Name,COMREF,SCBI
SHIPPER,JAS,LOGISTICS,Logistics,TA_SHIPPER_XREF,CORRECT_SHIPPER_CITY,COMREF,SCBI
SHIPPER,JAS,LOGISTICS,Logistics,TA_JAS_SHIPMENT,Shipper_Address,COMREF,SCBI
SHIPPER,JAS,LOGISTICS,Logistics,TA_JAS_SHIPMENT,DSN,COMREF,SCBI
SHIPPER,JAS,LOGISTICS,Logistics,TA_JAS_SHIPMENT,Origin_Country,COMREF,SCBI
SHIPPER,JAS,LOGISTICS,Logistics,TA_JAS_SHIPMENT,SNOWFLAKE_MODIFIEDDTM,COMREF,SCBI
SHIPPER,JAS,LOGISTICS,Logistics,TA_JAS_SHIPMENT,Shipper_State,COMREF,SCBI
SHIPPER,JAS,LOGISTICS,Logistics,TA_JAS_SHIPMENT,SNOWFLAKE_CREATEDDTM,COMREF,SCBI
SHIPPER,JAS,LOGISTICS,Logistics,TA_SHIPPER_XREF,SHIPPER_NAME_ADJ,COMREF,SCBI
PRODUCT,JVS,PRODUCT,Product,F4101,Description ,COMREF,SCBI
PRODUCT,JVS,PRODUCT,Product,F4101,DrawingNumber,COMREF,SCBI
PRODUCT,JVS,PRODUCT,Product,F4101,RevNo,COMREF,SCBI
PRODUCT,JVS,PRODUCT,Product,F4101,HDISDELETEDRECORD,COMREF,SCBI
PRODUCT,JVS,PRODUCT,Product,F4101,SecondItemNumber,COMREF,SCBI
PRODUCT,JVS,PRODUCT,Product,F4101,,COMREF,SCBI
PRODUCT,JVS,PRODUCT,Product,F4101,DSN,COMREF,SCBI
PRODUCT,JVS,PRODUCT,Product,F4101,SNOWFLAKE_CREATEDDTM,COMREF,SCBI
PRODUCT,JVS,PRODUCT,Product,F4101,UM ,COMREF,SCBI
PRODUCT,JVS,PRODUCT,Product,F4101,DATEUPDATED,COMREF,SCBI
SUPPLIER,JVS,SUPPLIER,SUPPLIER,F0401,,COMREF,SCBI
SUPPLIER,JVS,SUPPLIER,SUPPLIER,F0401,DSN,COMREF,SCBI
SUPPLIER,JVS,SUPPLIER,SUPPLIER,F0401,AddressNumber,COMREF,SCBI
SUPPLIER,JVS,SUPPLIER,SUPPLIER,F0101,ALPHANAME,COMREF,SCBI
SUPPLIER,JVS,SUPPLIER,SUPPLIER,F0401,DATEUPDATED,COMREF,SCBI
SUPPLIER,JVS,SUPPLIER,SUPPLIER,F0401,SNOWFLAKE_CREATEDDTM,COMREF,SCBI
SUPPLIER,JVS,SUPPLIER,SUPPLIER,F0401,HDISDELETEDRECORD,COMREF,SCBI
SUPPLIER,JVS,SUPPLIER,SUPPLIER,F0401,PMTTERM,COMREF,SCBI
SUPPLIER_SITE,JVS,SUPPLIER,SUPPLIER_SITE,F0116,PostalCode,COMREF,SCBI
SUPPLIER_SITE,JVS,SUPPLIER,SUPPLIER_SITE,F0116,AddressNumber,COMREF,SCBI
SUPPLIER_SITE,JVS,SUPPLIER,SUPPLIER_SITE,F0116,,COMREF,SCBI
SUPPLIER_SITE,JVS,SUPPLIER,SUPPLIER_SITE,F0116,SNOWFLAKE_CREATEDDTM,COMREF,SCBI
SUPPLIER_SITE,JVS,SUPPLIER,SUPPLIER_SITE,F0116,City ,COMREF,SCBI
SUPPLIER_SITE,JVS,SUPPLIER,SUPPLIER_SITE,F0116,ST,COMREF,SCBI
SUPPLIER_SITE,JVS,SUPPLIER,SUPPLIER_SITE,F0116,Country,COMREF,SCBI
SUPPLIER_SITE,JVS,SUPPLIER,SUPPLIER_SITE,F0116,AddressLine 3,COMREF,SCBI
SUPPLIER_SITE,JVS,SUPPLIER,SUPPLIER_SITE,F0116,DSN,COMREF,SCBI
SUPPLIER_SITE,JVS,SUPPLIER,SUPPLIER_SITE,F0116,AddressLine 4,COMREF,SCBI
SUPPLIER_SITE,JVS,SUPPLIER,SUPPLIER_SITE,F0116,County,COMREF,SCBI
SUPPLIER_SITE,JVS,SUPPLIER,SUPPLIER_SITE,F0116,AddressLine 1,COMREF,SCBI
SUPPLIER_SITE,JVS,SUPPLIER,SUPPLIER_SITE,F0116,AddressLine 2,COMREF,SCBI
SUPPLIER_SITE,JVS,SUPPLIER,SUPPLIER_SITE,F0116,DATEUPDATED,COMREF,SCBI
PRODUCT_HIERARCHY,KINAXIS,PRODUCT," ",Supply_Planning_ReferencePart,Global_Planner,COMREF,SCBI
PRODUCT_HIERARCHY,KINAXIS,PRODUCT," ",Supply_Planning_ReferencePart,CREATED_BY,COMREF,SCBI
PRODUCT_HIERARCHY,KINAXIS,PRODUCT," ",Supply_Planning_ReferencePart,UPDATED_BY,COMREF,SCBI
PRODUCT_HIERARCHY,KINAXIS,PRODUCT," ",Supply_Planning_ReferencePart,GLOBAL_PART_PRIORITY,COMREF,SCBI
PRODUCT_HIERARCHY,KINAXIS,PRODUCT," ",Supply_Planning_ReferencePart,PRODUCT_HIERARCHY_2,COMREF,SCBI
PRODUCT_HIERARCHY,KINAXIS,PRODUCT," ",Supply_Planning_ReferencePart,CREATION_DATE,COMREF,SCBI
PRODUCT_HIERARCHY,KINAXIS,PRODUCT," ",Supply_Planning_ReferencePart,STATUS,COMREF,SCBI
PRODUCT_HIERARCHY,KINAXIS,PRODUCT," ",Supply_Planning_ReferencePart,GLOBAL_PART_LATE_REVENUE,COMREF,SCBI
PRODUCT_HIERARCHY,KINAXIS,PRODUCT," ",Supply_Planning_ReferencePart,PRODUCT_HIERARCHY_3,COMREF,SCBI
PRODUCT_HIERARCHY,KINAXIS,PRODUCT," ",Supply_Planning_ReferencePart,UPDATED_DATE,COMREF,SCBI
PRODUCT_HIERARCHY,KINAXIS,PRODUCT," ",Supply_Planning_ReferencePart,PRODUCT_HIERARCHY_1,COMREF,SCBI
PRODUCT_HIERARCHY,KINAXIS,PRODUCT," ",Supply_Planning_ReferencePart," ",COMREF,SCBI
PRODUCT_HIERARCHY,KINAXIS,PRODUCT," ",,,COMREF,SCBI
PRODUCT_HIERARCHY,KINAXIS,PRODUCT," ",Supply_Planning_ReferencePart,Value,COMREF,SCBI
PRODUCT_LOCATION,KINAXIS,"LOCATION, PRODUCT",,ABCCODE,DSN,COMREF,SCBI
PRODUCT_LOCATION,KINAXIS,"LOCATION, PRODUCT",,ABCCODE,PART,COMREF,SCBI
PRODUCT_LOCATION,KINAXIS,"LOCATION, PRODUCT",,ABCCODE,UPDATED_BY,COMREF,SCBI
PRODUCT_LOCATION,KINAXIS,"LOCATION, PRODUCT",,XYZCODE,CREATED_BY,COMREF,SCBI
PRODUCT_LOCATION,KINAXIS,"LOCATION, PRODUCT",,XYZCODE,UPDATED_BY,COMREF,SCBI
PRODUCT_LOCATION,KINAXIS,"LOCATION, PRODUCT",,ABCCODE,"DSN,PART, SITE",COMREF,SCBI
PRODUCT_LOCATION,KINAXIS,"LOCATION, PRODUCT",,ABCCODE,SITE,COMREF,SCBI
PRODUCT_LOCATION,KINAXIS,"LOCATION, PRODUCT",,XYZCODE,"DSN,PART, SITE",COMREF,SCBI
PRODUCT_LOCATION,KINAXIS,"LOCATION, PRODUCT",,XYZCODE,UPDATED_DATE,COMREF,SCBI
PRODUCT_LOCATION,KINAXIS,"LOCATION, PRODUCT",,XYZCODE,SITE,COMREF,SCBI
PRODUCT_LOCATION,KINAXIS,"LOCATION, PRODUCT",,ABCCODE,"DSN,PART",COMREF,SCBI
PRODUCT_LOCATION,KINAXIS,"LOCATION, PRODUCT",,ABCCODE,VALUE,COMREF,SCBI
PRODUCT_LOCATION,KINAXIS,"LOCATION, PRODUCT",,ABCCODE,CREATION_DATE,COMREF,SCBI
PRODUCT_LOCATION,KINAXIS,"LOCATION, PRODUCT",,ABCCODE,UPDATED_DATE,COMREF,SCBI
PRODUCT_LOCATION,KINAXIS,"LOCATION, PRODUCT",,XYZCODE,CREATION_DATE,COMREF,SCBI
PRODUCT_LOCATION,KINAXIS,"LOCATION, PRODUCT",,ABCCODE,CREATED_BY,COMREF,SCBI
PRODUCT_LOCATION,KINAXIS,"LOCATION, PRODUCT",,XYZCODE,DSN,COMREF,SCBI
PRODUCT_LOCATION,KINAXIS,"LOCATION, PRODUCT",,,,COMREF,SCBI
PRODUCT_LOCATION,KINAXIS,"LOCATION, PRODUCT",,XYZCODE,"DSN,PART",COMREF,SCBI
PRODUCT_LOCATION,KINAXIS,"LOCATION, PRODUCT",,XYZCODE,PART,COMREF,SCBI
PRODUCT_LOCATION,KINAXIS,"LOCATION, PRODUCT",,XYZCODE,VALUE,COMREF,SCBI
CONSIGNEE,KUEHNENAGEL,LOGISTICS,Logistics,TA_KN_SHIPMENT,DSN,COMREF,SCBI
CONSIGNEE,KUEHNENAGEL,LOGISTICS,Logistics,TA_KN_SHIPMENT,Carrier_Name,COMREF,SCBI
CONSIGNEE,KUEHNENAGEL,LOGISTICS,Logistics,TA_CONSIGNEE_XREF,CONSIGNEE_ADJ,COMREF,SCBI
CONSIGNEE,KUEHNENAGEL,LOGISTICS,Logistics,TA_KN_SHIPMENT,SNOWFLAKE_CREATEDDTM,COMREF,SCBI
CONSIGNEE,KUEHNENAGEL,LOGISTICS,Logistics,TA_KN_SHIPMENT,Consignee_Country_Name,COMREF,SCBI
CONSIGNEE,KUEHNENAGEL,LOGISTICS,Logistics,TA_KN_SHIPMENT,SNOWFLAKE_MODIFIEDDTM,COMREF,SCBI
CONSIGNEE,KUEHNENAGEL,LOGISTICS,Logistics,TA_KN_SHIPMENT,"Consignee_Name,Consignee_City ,Consignee_Country_Name,Consignee_ZIP_Code",COMREF,SCBI
CONSIGNEE,KUEHNENAGEL,LOGISTICS,Logistics,TA_CONSIGNEE_XREF,CORRECT_CONSIGNEE_COUNTRY,COMREF,SCBI
CONSIGNEE,KUEHNENAGEL,LOGISTICS,Logistics,TA_KN_SHIPMENT,Consignee_ZIP_Code,COMREF,SCBI
CONSIGNEE,KUEHNENAGEL,LOGISTICS,Logistics,TA_CONSIGNEE_XREF,CORRECT_CONSIGNEE_CITY,COMREF,SCBI
CONSIGNEE,KUEHNENAGEL,LOGISTICS,Logistics,TA_KN_SHIPMENT,Consignee_City,COMREF,SCBI
CONSIGNEE,KUEHNENAGEL,LOGISTICS,Logistics,TA_KN_SHIPMENT,,COMREF,SCBI
CONSIGNEE,KUEHNENAGEL,LOGISTICS,Logistics,TA_KN_SHIPMENT,Consignee_Name,COMREF,SCBI
PORT_LOCATION,KUEHNENAGEL,LOGISTICS,Logistics,TA_KN_SHIPMENT,,COMREF,SCBI
PORT_LOCATION,KUEHNENAGEL,LOGISTICS,Logistics,TA_KN_SHIPMENT,"DEPARTURE_COUNTRY_UN_CODE,DEPARTURE_NAME,  
ARRIVAL_COUNTRY_UN_CODE, ARRIVAL_NAME",COMREF,SCBI
PORT_LOCATION,KUEHNENAGEL,LOGISTICS,Logistics,TA_PORT_CITIES_XREF,PORT_CODE_ADJ,COMREF,SCBI
PORT_LOCATION,KUEHNENAGEL,LOGISTICS,Logistics,TA_PORT_CITIES_XREF,PORT_COUNTRY,COMREF,SCBI
PORT_LOCATION,KUEHNENAGEL,LOGISTICS,Logistics,TA_KN_SHIPMENT,CARRIER_NAME,COMREF,SCBI
PORT_LOCATION,KUEHNENAGEL,LOGISTICS,Logistics,TA_KN_SHIPMENT,DSN,COMREF,SCBI
PORT_LOCATION,KUEHNENAGEL,LOGISTICS,Logistics,TA_KN_SHIPMENT,DEPARTURE_NAME,COMREF,SCBI
PORT_LOCATION,KUEHNENAGEL,LOGISTICS,Logistics,TA_KN_SHIPMENT,SNOWFLAKE_CREATEDDTM,COMREF,SCBI
PORT_LOCATION,KUEHNENAGEL,LOGISTICS,Logistics,TA_PORT_CITIES_XREF,PORT_CITY,COMREF,SCBI
PORT_LOCATION,KUEHNENAGEL,LOGISTICS,Logistics,TA_KN_SHIPMENT,ARRIVAL_COUNTRY_UN_CODE,COMREF,SCBI
PORT_LOCATION,KUEHNENAGEL,LOGISTICS,Logistics,TA_KN_SHIPMENT,SNOWFLAKE_MODIFIEDDTM,COMREF,SCBI
PORT_LOCATION,KUEHNENAGEL,LOGISTICS,Logistics,TA_KN_SHIPMENT,DEPARTURE_COUNTRY_UN_CODE,COMREF,SCBI
PORT_LOCATION,KUEHNENAGEL,LOGISTICS,Logistics,TA_KN_SHIPMENT,ARRIVAL_NAME,COMREF,SCBI
SHIPPER,KUEHNENAGEL,LOGISTICS,Logistics,TA_KN_SHIPMENT,Shipper_ZIP_Code,COMREF,SCBI
SHIPPER,KUEHNENAGEL,LOGISTICS,Logistics,TA_KN_SHIPMENT,Shipper_Name,COMREF,SCBI
SHIPPER,KUEHNENAGEL,LOGISTICS,Logistics,TA_KN_SHIPMENT,SNOWFLAKE_MODIFIEDDTM,COMREF,SCBI
SHIPPER,KUEHNENAGEL,LOGISTICS,Logistics,TA_KN_SHIPMENT,SNOWFLAKE_CREATEDDTM,COMREF,SCBI
SHIPPER,KUEHNENAGEL,LOGISTICS,Logistics,TA_KN_SHIPMENT,Shipper_City,COMREF,SCBI
SHIPPER,KUEHNENAGEL,LOGISTICS,Logistics,TA_KN_SHIPMENT,"Shipper_Name,Shipper_City,Shipper_Country_Name,Shipper_ZIP_Code",COMREF,SCBI
SHIPPER,KUEHNENAGEL,LOGISTICS,Logistics,TA_SHIPPER_XREF,CORRECT_SHIPPER_COUNTRY,COMREF,SCBI
SHIPPER,KUEHNENAGEL,LOGISTICS,Logistics,TA_SHIPPER_XREF,CORRECT_SHIPPER_CITY,COMREF,SCBI
SHIPPER,KUEHNENAGEL,LOGISTICS,Logistics,TA_SHIPPER_XREF,CORRECT_SHIPPER_ADDRESS,COMREF,SCBI
SHIPPER,KUEHNENAGEL,LOGISTICS,Logistics,TA_KN_SHIPMENT,Carrier_Name,COMREF,SCBI
SHIPPER,KUEHNENAGEL,LOGISTICS,Logistics,TA_SHIPPER_XREF,SHIPPER_NAME_ADJ,COMREF,SCBI
SHIPPER,KUEHNENAGEL,LOGISTICS,Logistics,TA_KN_SHIPMENT,,COMREF,SCBI
SHIPPER,KUEHNENAGEL,LOGISTICS,Logistics,TA_KN_SHIPMENT,DSN,COMREF,SCBI
SHIPPER,KUEHNENAGEL,LOGISTICS,Logistics,TA_KN_SHIPMENT,Shipper_Country_Name,COMREF,SCBI
SHIPPER,KUEHNENAGEL,LOGISTICS,Logistics,TA_SHIPPER_XREF,CORRECT_SHIPPER_ZIP,COMREF,SCBI
PRODUCT_MATERIAL,MCC,PRODUCT,,MCC_HIGHEST_MATERIAL_CONTENT,MAJORITY_MATERIAL,COMREF,SCBI
PRODUCT_MATERIAL,MCC,PRODUCT,MCC_HIGHEST_MATERIAL_CONTENT,MCC_HIGHEST_MATERIAL_CONTENT,PART_NUMBER,COMREF,SCBI
PRODUCT_MATERIAL,MCC,PRODUCT,,MCC_HIGHEST_MATERIAL_CONTENT,PART_NUMBER,COMREF,SCBI
PRODUCT_MATERIAL,MCC,PRODUCT,,MCC_HIGHEST_MATERIAL_CONTENT,MAJORITY_MATERIAL_BY_PERCENTAGE,COMREF,SCBI
PRODUCT_MATERIAL,MCC,PRODUCT,,MCC_HIGHEST_MATERIAL_CONTENT,PART_DESCRIPTION,COMREF,SCBI
PRODUCT_MATERIAL,MCC,PRODUCT,,MCC_HIGHEST_MATERIAL_CONTENT,DSN,COMREF,SCBI
PRODUCT_MATERIAL,MCC,PRODUCT,,MCC_HIGHEST_MATERIAL_CONTENT,SNOWFLAKE_MODIFIEDDTM,COMREF,SCBI
PRODUCT_MATERIAL,MCC,PRODUCT,,MCC_HIGHEST_MATERIAL_CONTENT,SNOWFLAKE_CREATEDDTM,COMREF,SCBI
PRODUCT_MATERIAL,MCC,PRODUCT,,MCC_HIGHEST_MATERIAL_CONTENT,,COMREF,SCBI
SUPPLIER,MDMS360,SUPPLIER,SUPPLIER,,DSN,COMREF,AAI
SUPPLIER,MDMS360,SUPPLIER,SUPPLIER,C_XO_PAYMENTS,X_PYMNT_MTHD_LKP_CD,COMREF,AAI
SUPPLIER,MDMS360,SUPPLIER,SUPPLIER,C_XO_PAYMENTS,X_TRMS,COMREF,AAI
SUPPLIER,MDMS360,SUPPLIER,SUPPLIER,C_BO_PRTY,FULL_NM,COMREF,AAI
SUPPLIER,MDMS360,SUPPLIER,SUPPLIER,C_BO_PRTY,CREATOR,COMREF,AAI
SUPPLIER,MDMS360,SUPPLIER,SUPPLIER,C_BO_PRTY,LAST_UPDATE_DATE,COMREF,AAI
SUPPLIER,MDMS360,SUPPLIER,SUPPLIER,C_BO_PRTY,OWNRSHP_TYP,COMREF,AAI
SUPPLIER,MDMS360,SUPPLIER,SUPPLIER,C_BO_PRTY,HDISDELETEDRECORD,COMREF,AAI
SUPPLIER,MDMS360,SUPPLIER,SUPPLIER,not there,HDISDELETEDRECORD,COMREF,AAI
SUPPLIER,MDMS360,SUPPLIER,SUPPLIER,,,COMREF,AAI
SUPPLIER,MDMS360,SUPPLIER,SUPPLIER,C_BO_PRTY,,COMREF,AAI
SUPPLIER,MDMS360,SUPPLIER,SUPPLIER,C_BO_PRTY,SPLR_TYP,COMREF,AAI
SUPPLIER,MDMS360,SUPPLIER,SUPPLIER,C_BO_PRTY,ROWID_OBJECT,COMREF,AAI
SUPPLIER,MDMS360,SUPPLIER,SUPPLIER,C_BO_PRTY,CREATE_DATE,COMREF,AAI
SUPPLIER,MDMS360,SUPPLIER,SUPPLIER,C_BO_PRTY,UPDATED_BY,COMREF,AAI
SUPPLIER,MDMS360,SUPPLIER,SUPPLIER,C_BO_PRTY,X_PRCHSNG_SUP_TYP,COMREF,AAI
SUPPLIER,MDMS360,SUPPLIER,SUPPLIER,C_BO_PRTY,X_SUPPLIER_NUM,COMREF,AAI
SUPPLIER_SITE,MDMS360,SUPPLIER,SUPPLIER_SITE,C_BO_PSTL_ADDR,COUNTY,COMREF,AAI
SUPPLIER_SITE,MDMS360,SUPPLIER,SUPPLIER_SITE,C_BR_PRTY_PSTL_ADDR,PRTY_FK,COMREF,AAI
SUPPLIER_SITE,MDMS360,SUPPLIER,SUPPLIER_SITE,C_BR_PRTY_PSTL_ADDR,CREATOR,COMREF,AAI
SUPPLIER_SITE,MDMS360,SUPPLIER,SUPPLIER_SITE,C_XR_PPA_SITE_REL,X_STATUS,COMREF,AAI
SUPPLIER_SITE,MDMS360,SUPPLIER,SUPPLIER_SITE,C_BR_PRTY_PSTL_ADDR,ROWID_OBJECT,COMREF,AAI
SUPPLIER_SITE,MDMS360,SUPPLIER,SUPPLIER_SITE,,,COMREF,AAI
SUPPLIER_SITE,MDMS360,SUPPLIER,SUPPLIER_SITE," "," ",COMREF,AAI
SUPPLIER_SITE,MDMS360,SUPPLIER,SUPPLIER_SITE,C_XO_SITE,X_OPERATING_UNIT,COMREF,AAI
SUPPLIER_SITE,MDMS360,SUPPLIER,SUPPLIER_SITE,C_BR_PRTY_PSTL_ADDR,CREATE_DATE,COMREF,AAI
SUPPLIER_SITE,MDMS360,SUPPLIER,SUPPLIER_SITE,"C_XO_SITE,C_BR_PRTY_PSTL_ADDR,C_XR_PPA_SITE_REL",ROWID_OBJECT,COMREF,AAI
SUPPLIER_SITE,MDMS360,SUPPLIER,SUPPLIER_SITE,,DSN,COMREF,AAI
SUPPLIER_SITE,MDMS360,SUPPLIER,SUPPLIER_SITE,C_XO_SITE,X_VENDOR_SITE_CD,COMREF,AAI
SUPPLIER_SITE,MDMS360,SUPPLIER,SUPPLIER_SITE,C_XO_SITE,X_VENDOR_SITE_CD_ALT,COMREF,AAI
SUPPLIER_SITE,MDMS360,SUPPLIER,SUPPLIER_SITE,C_BO_PSTL_ADDR,CITY,COMREF,AAI
SUPPLIER_SITE,MDMS360,SUPPLIER,SUPPLIER_SITE,C_BO_PSTL_ADDR,STATE,COMREF,AAI
SUPPLIER_SITE,MDMS360,SUPPLIER,SUPPLIER_SITE,C_BR_PRTY_PSTL_ADDR,LAST_UPDATE_DATE,COMREF,AAI
SUPPLIER_SITE,MDMS360,SUPPLIER,SUPPLIER_SITE,C_BO_PSTL_ADDR,ADDR_LN_2,COMREF,AAI
SUPPLIER_SITE,MDMS360,SUPPLIER,SUPPLIER_SITE,C_BO_PRTY,X_HOLD_FLAG_ALL_NEW_ORDERS,COMREF,AAI
SUPPLIER_SITE,MDMS360,SUPPLIER,SUPPLIER_SITE,C_BO_PSTL_ADDR,ADDR_LN_4,COMREF,AAI
SUPPLIER_SITE,MDMS360,SUPPLIER,SUPPLIER_SITE,C_BR_PRTY_PSTL_ADDR,UPDATED_BY,COMREF,AAI
SUPPLIER_SITE,MDMS360,SUPPLIER,SUPPLIER_SITE,C_BO_PSTL_ADDR,PSTL_CD,COMREF,AAI
SUPPLIER_SITE,MDMS360,SUPPLIER,SUPPLIER_SITE,C_BO_PSTL_ADDR,ADDR_LN_3,COMREF,AAI
SUPPLIER_SITE,MDMS360,SUPPLIER,SUPPLIER_SITE,C_BO_PSTL_ADDR,CNTRY_CD,COMREF,AAI
SUPPLIER_SITE,MDMS360,SUPPLIER,SUPPLIER_SITE,C_XO_SITE,X_PAY_ON_CD,COMREF,AAI
SUPPLIER_SITE,MDMS360,SUPPLIER,SUPPLIER_SITE,C_BO_PRTY,X_SUPPLIER_NUM,COMREF,AAI
SUPPLIER_SITE,MDMS360,SUPPLIER,SUPPLIER_SITE,C_BO_PSTL_ADDR,ADDR_LN_1,COMREF,AAI
SUPPLIER_SITE,MDMS360,SUPPLIER,SUPPLIER_SITE,C_XO_SITE,X_PYMNT_CRNCY_CD,COMREF,AAI
SUPPLIER_SITE,MDMS360,SUPPLIER,SUPPLIER_SITE,C_BO_PRTY,X_PURCHASING_HOLD_REASON,COMREF,AAI
SUPPLIER_SITE,MDMS360,SUPPLIER,SUPPLIER_SITE,C_XO_SITE,X_INVOICE_CURRENCY_CD,COMREF,AAI
SUPPLIER,MDMS360SIM,SUPPLIER,SUPPLIER,C_XO_GSM,CREATOR,COMREF,AAI
SUPPLIER,MDMS360SIM,SUPPLIER,,,,COMREF,AAI
SUPPLIER,MDMS360SIM,SUPPLIER,SUPPLIER,C_XO_GSM,UPDATED_BY,COMREF,AAI
SUPPLIER,MDMS360SIM,SUPPLIER,SUPPLIER,C_XO_GSM,X_IMS_SUPPL_NUM,COMREF,AAI
SUPPLIER,MDMS360SIM,SUPPLIER,SUPPLIER,,,COMREF,AAI
SUPPLIER,MDMS360SIM,SUPPLIER,SUPPLIER,C_XO_GSM,LAST_UPDATE_DATE,COMREF,AAI
SUPPLIER,MDMS360SIM,SUPPLIER,SUPPLIER,C_XO_GSM,X_SUPPL_NM,COMREF,AAI
SUPPLIER,MDMS360SIM,SUPPLIER,SUPPLIER,,DSN,COMREF,AAI
SUPPLIER,MDMS360SIM,SUPPLIER,SUPPLIER,C_XO_GSM,ROWID_OBJECT,COMREF,AAI
SUPPLIER,MDMS360SIM,SUPPLIER,SUPPLIER,C_XO_GSM,X_LEGACY_SUPPL_NUM,COMREF,AAI
SUPPLIER,MDMS360SIM,SUPPLIER,SUPPLIER,C_XO_GSM,CREATE_DATE,COMREF,AAI
SUPPLIER,MDMS360SIM,SUPPLIER,SUPPLIER,C_XO_GSM,X_SUPPL_NUM,COMREF,AAI
SUPPLIER,MDMS360SIM,SUPPLIER,SUPPLIER,C_XO_GSM,X_GOLDEN_FLAG,COMREF,AAI
SUPPLIER_GSM,MDMS360SIM,SUPPLIER,,C_XR_SUP_GSM_REL,HUB_STATE_IND,COMREF,AAI
SUPPLIER_GSM,MDMS360SIM,SUPPLIER,,C_XR_SUP_GSM_REL,LAST_UPDATE_DATE,COMREF,AAI
SUPPLIER_GSM,MDMS360SIM,SUPPLIER,,C_XR_SUP_GSM_REL,ROWID_OBJECT,COMREF,AAI
SUPPLIER_GSM,MDMS360SIM,SUPPLIER,,C_XR_SUP_GSM_REL,CONSOLIDATION_IND,COMREF,AAI
SUPPLIER_GSM,MDMS360SIM,SUPPLIER,,C_XR_SUP_GSM_REL,CREATE_DATE,COMREF,AAI
SUPPLIER_GSM,MDMS360SIM,SUPPLIER,,C_XR_SUP_GSM_REL,X_PARTY_FK,COMREF,AAI
SUPPLIER_GSM,MDMS360SIM,SUPPLIER,,C_XR_SUP_GSM_REL,,COMREF,AAI
SUPPLIER_GSM,MDMS360SIM,SUPPLIER,,C_XR_SUP_GSM_REL,X_END_DT,COMREF,AAI
SUPPLIER_GSM,MDMS360SIM,SUPPLIER,,C_XR_SUP_GSM_REL,X_COMMENTS,COMREF,AAI
SUPPLIER_GSM,MDMS360SIM,SUPPLIER,,C_XR_SUP_GSM_REL,X_GSM_FK,COMREF,AAI
SUPPLIER_GSM,MDMS360SIM,SUPPLIER,,C_XR_SUP_GSM_REL,UPDATED_BY,COMREF,AAI
SUPPLIER_GSM,MDMS360SIM,SUPPLIER,,C_XR_SUP_GSM_REL,X_START_DT,COMREF,AAI
SUPPLIER_GSM,MDMS360SIM,SUPPLIER,,C_XR_SUP_GSM_REL,CREATOR,COMREF,AAI
SUPPLIER_GSM,MDMS360SIM,SUPPLIER,,C_XR_SUP_GSM_REL,INTERACTION_ID,COMREF,AAI
SUPPLIER_SITE,MDMS360SIM,SUPPLIER,,,,COMREF,AAI
SUPPLIER_SITE,MDMS360SIM,SUPPLIER,SUPPLIER_SITE,C_XO_GSM,X_GOLDEN_SITE,COMREF,AAI
SUPPLIER_SITE,MDMS360SIM,SUPPLIER,SUPPLIER_SITE,C_XO_GSM,X_SRC_SUPP_SITE_CD,COMREF,AAI
SUPPLIER_SITE,MDMS360SIM,SUPPLIER,SUPPLIER_SITE,,X_SUPPL_NUM,COMREF,AAI
SUPPLIER_SITE,MDMS360SIM,SUPPLIER,SUPPLIER_SITE,,,COMREF,AAI
SUPPLIER_SITE,MDMS360SIM,SUPPLIER,SUPPLIER_SITE,C_XO_GSM,X_IMS_SUPPL_NUM,COMREF,AAI
SUPPLIER_SITE,MDMS360SIM,SUPPLIER,SUPPLIER_SITE,,DSN,COMREF,AAI
SUPPLIER_SITE,MDMS360SIM,SUPPLIER,,C_XO_GSM,LAST_UPDATE_DATE,COMREF,AAI
SUPPLIER_SITE,MDMS360SIM,SUPPLIER,SUPPLIER_SITE,,ROWID_OBJECT,COMREF,AAI
SUPPLIER_SITE,MDMS360SIM,SUPPLIER,,C_XO_GSM,CREATOR,COMREF,AAI
SUPPLIER_SITE,MDMS360SIM,SUPPLIER,SUPPLIER_SITE,C_XO_GSM,ROWID_OBJECT,COMREF,AAI
SUPPLIER_SITE,MDMS360SIM,SUPPLIER,,C_XO_GSM,UPDATED_BY,COMREF,AAI
SUPPLIER_SITE,MDMS360SIM,SUPPLIER,SUPPLIER_SITE,C_XO_GSM,X_LEGACY_SUPPL_NUM,COMREF,AAI
SUPPLIER_SITE,MDMS360SIM,SUPPLIER,SUPPLIER_SITE,,X_SUPPL_NM,COMREF,AAI
SUPPLIER_SITE,MDMS360SIM,SUPPLIER,,C_XO_GSM,CREATE_DATE,COMREF,AAI
ACCOUNT_GROUP,MOVEX,FINANCE,,FCHACC,EACONO,COMREF,SCBI
ACCOUNT_GROUP,MOVEX,FINANCE,,FCHACC,EADIVI,COMREF,SCBI
ACCOUNT_GROUP,MOVEX,FINANCE," ",FCHACC,HDISDELETEDRECORD,COMREF,SCBI
ACCOUNT_GROUP,MOVEX,FINANCE,,FCHACC,EATX40,COMREF,SCBI
ACCOUNT_GROUP,MOVEX,FINANCE,,FCHACC,"EAAITM,EADIVI,EAAITP",COMREF,SCBI
ACCOUNT_GROUP,MOVEX,FINANCE,,FCHACC,,COMREF,SCBI
ACCOUNT_GROUP,MOVEX,FINANCE,,FCHACC,EAAITM,COMREF,SCBI
ACCOUNT_GROUP,MOVEX,FINANCE," ",FCHACC,EALMDT,COMREF,SCBI
ACCOUNT_GROUP,MOVEX,FINANCE,,FCHACC,"DSN,EAAITM,EADIVI,EAAITP",COMREF,SCBI
ACCOUNT_GROUP,MOVEX,FINANCE,,FCHACC,EAAITP,COMREF,SCBI
ACCOUNT_GROUP,MOVEX,FINANCE," ",,,COMREF,SCBI
ACCOUNT_GROUP,MOVEX,FINANCE," ",FCHACC,EACHID,COMREF,SCBI
ACCOUNT_GROUP,MOVEX,FINANCE," ",FCHACC,EARGDT,COMREF,SCBI
ACCOUNT_GROUP,MOVEX,FINANCE,,FCHACC,EAAICL,COMREF,SCBI
COMPANY,MOVEX,ALL,SERVICE,CMNCMP,DSN,COMREF,SCBI
COMPANY,MOVEX,ALL,SERVICE,CMNCMP," ",COMREF,SCBI
COMPANY,MOVEX,ALL,SERVICE,CMNCMP,JITX40,COMREF,SCBI
COMPANY,MOVEX,ALL,SERVICE,,,COMREF,SCBI
COMPANY,MOVEX,ALL,SERVICE,CMNCMP,HDISDELETEDRECORD,COMREF,SCBI
COMPANY,MOVEX,ALL,SERVICE," "," ",COMREF,SCBI
COMPANY,MOVEX,ALL,SERVICE,CMNCMP,JICHID,COMREF,SCBI
COMPANY,MOVEX,ALL,SERVICE,CMNCMP,JILMDT,COMREF,SCBI
COMPANY,MOVEX,ALL,SERVICE,CMNCMP,JICONO,COMREF,SCBI
COMPANY,MOVEX,ALL,SERVICE,CMNCMP,JICCUC,COMREF,SCBI
COMPANY,MOVEX,ALL,SERVICE,CMNCMP,"JIRGDT , JIRGTM",COMREF,SCBI
CUSTOMER,MOVEX,CUSTOMER,Customer,OCUSMA,OCUSMA.OKCHID,COMREF,AAI
CUSTOMER,MOVEX,CUSTOMER,Customer,,,COMREF,AAI
CUSTOMER,MOVEX,CUSTOMER,Customer,OCUSMA,"OKRGDT, OKRGTM",COMREF,AAI
CUSTOMER,MOVEX,CUSTOMER,Customer,OCUSMA,OCUSMA.OKPONO,COMREF,AAI
CUSTOMER,MOVEX,CUSTOMER,Customer,OCUSMA,OKCSCD,COMREF,AAI
CUSTOMER,MOVEX,CUSTOMER,Customer,OCUSMA,OCUSMA.OKSTAT,COMREF,AAI
CUSTOMER,MOVEX,CUSTOMER,Customer,OCUSMA,OCUSMA.OKCFC3,COMREF,AAI
CUSTOMER,MOVEX,CUSTOMER,Customer,OCUSMA,OCUSMA.OKSDST,COMREF,AAI
CUSTOMER,MOVEX,CUSTOMER,Customer,OCUSMA,OCUSMA.OKECAR,COMREF,AAI
CUSTOMER,MOVEX,CUSTOMER,Customer,OCUSMA,OCUSMA.OKCUNO,COMREF,AAI
CUSTOMER,MOVEX,CUSTOMER,Customer,OCUSMA,OCUSMA.OKCONO,COMREF,AAI
CUSTOMER,MOVEX,CUSTOMER,Customer,OCUSMA,OCUSMA.OKCUA4,COMREF,AAI
CUSTOMER,MOVEX,CUSTOMER,Customer,OCUSMA,OCUSMA.OKCUA2,COMREF,AAI
CUSTOMER,MOVEX,CUSTOMER,Customer,OCUSMA,DSN,COMREF,AAI
CUSTOMER,MOVEX,CUSTOMER,Customer,OCUSMA,OCUSMA.OKCUNM,COMREF,AAI
CUSTOMER,MOVEX,CUSTOMER,Customer,OCUSMA,OCUSMA.OKCUA3,COMREF,AAI
CUSTOMER,MOVEX,CUSTOMER,Customer,OCUSMA,OCUSMA.OKCUA1,COMREF,AAI
CUSTOMER,MOVEX,CUSTOMER,Customer,OCUSMA,,COMREF,AAI
CUSTOMER_BILL_TO_LOCATION,MOVEX,CUSTOMER,Customer,,,COMREF,AAI
CUSTOMER_BILL_TO_LOCATION,MOVEX,CUSTOMER,Customer,OCUSMA,OCUSMA.OKCONO,COMREF,AAI
CUSTOMER_BILL_TO_LOCATION,MOVEX,CUSTOMER,Customer,OCUSMA,OKCUA2,COMREF,AAI
CUSTOMER_BILL_TO_LOCATION,MOVEX,CUSTOMER,Customer,OCUSMA,OCUSMA.OKTEPY,COMREF,AAI
CUSTOMER_BILL_TO_LOCATION,MOVEX,CUSTOMER,Customer,"OCUSMA,MITWHL",,COMREF,AAI
CUSTOMER_BILL_TO_LOCATION,MOVEX,CUSTOMER,Customer,OCUSMA,OKSDST,COMREF,AAI
CUSTOMER_BILL_TO_LOCATION,MOVEX,CUSTOMER,Customer,OCUSMA,"OKCONO,OKCUNO",COMREF,AAI
CUSTOMER_BILL_TO_LOCATION,MOVEX,CUSTOMER,Customer,OCUSMA,OKCUA3,COMREF,AAI
CUSTOMER_BILL_TO_LOCATION,MOVEX,CUSTOMER,Customer,OCUSMA,okcuno,COMREF,AAI
CUSTOMER_BILL_TO_LOCATION,MOVEX,CUSTOMER,Customer,OCUSMA,OKCHID,COMREF,AAI
CUSTOMER_BILL_TO_LOCATION,MOVEX,CUSTOMER,Customer,OCUSMA,,COMREF,AAI
CUSTOMER_BILL_TO_LOCATION,MOVEX,CUSTOMER,Customer,OCUSMA,OKCUA4,COMREF,AAI
CUSTOMER_BILL_TO_LOCATION,MOVEX,CUSTOMER,Customer,OCUSMA,OKLMDT,COMREF,AAI
CUSTOMER_BILL_TO_LOCATION,MOVEX,CUSTOMER,Customer,OCUSMA,HDISDELETEDRECORD,COMREF,AAI
CUSTOMER_BILL_TO_LOCATION,MOVEX,CUSTOMER,Customer,OCUSMA,OCUSMA.OKPYCD,COMREF,AAI
CUSTOMER_BILL_TO_LOCATION,MOVEX,CUSTOMER,Customer,OCUSMA,OKCUNO,COMREF,AAI
CUSTOMER_BILL_TO_LOCATION,MOVEX,CUSTOMER,Customer,OCUSMA,OKCUA1,COMREF,AAI
CUSTOMER_BILL_TO_LOCATION,MOVEX,CUSTOMER,Customer,OCUSMA,OKRGDT,COMREF,AAI
CUSTOMER_BILL_TO_LOCATION,MOVEX,CUSTOMER,Customer,OCUSMA,OCUSMA.OKCUNM,COMREF,AAI
CUSTOMER_BILL_TO_LOCATION,MOVEX,CUSTOMER,Customer,OCUSMA,OKCSCD,COMREF,AAI
CUSTOMER_BILL_TO_LOCATION,MOVEX,CUSTOMER,Customer,OCUSMA,OCUSMA.OKCFC3,COMREF,AAI
CUSTOMER_BILL_TO_LOCATION,MOVEX,CUSTOMER,Customer,OCUSMA,OKECAR,COMREF,AAI
CUSTOMER_BILL_TO_LOCATION,MOVEX,CUSTOMER,Customer,OCUSMA,OKPHNO,COMREF,AAI
CUSTOMER_BILL_TO_LOCATION,MOVEX,CUSTOMER,Customer,OCUSMA,OKPONO,COMREF,AAI
CUSTOMER_SHIP_TO_LOCATION,MOVEX,CUSTOMER,Customer,OCUSAD,OPCUA3,COMREF,AAI
CUSTOMER_SHIP_TO_LOCATION,MOVEX,CUSTOMER,Customer,OCUSAD,OPPONO,COMREF,AAI
CUSTOMER_SHIP_TO_LOCATION,MOVEX,CUSTOMER,Customer,OCUSAD,OPCSCD,COMREF,AAI
CUSTOMER_SHIP_TO_LOCATION,MOVEX,CUSTOMER,Customer,OCUSAD,OPECAR,COMREF,AAI
CUSTOMER_SHIP_TO_LOCATION,MOVEX,CUSTOMER,Customer,OCUSAD,OPCONO,COMREF,AAI
CUSTOMER_SHIP_TO_LOCATION,MOVEX,CUSTOMER,Customer,OCUSAD,OPCHID,COMREF,AAI
CUSTOMER_SHIP_TO_LOCATION,MOVEX,CUSTOMER,Customer,OCUSAD,OPRGDT,COMREF,AAI
CUSTOMER_SHIP_TO_LOCATION,MOVEX,CUSTOMER,Customer,OCUSAD,OPCUA4,COMREF,AAI
CUSTOMER_SHIP_TO_LOCATION,MOVEX,CUSTOMER,Customer,OCUSAD,OPCUA2,COMREF,AAI
CUSTOMER_SHIP_TO_LOCATION,MOVEX,CUSTOMER,Customer,OCUSAD,OPCUNM,COMREF,AAI
CUSTOMER_SHIP_TO_LOCATION,MOVEX,CUSTOMER,Customer,OCUSAD,OPLMDT,COMREF,AAI
CUSTOMER_SHIP_TO_LOCATION,MOVEX,CUSTOMER,Customer,OCUSAD,,COMREF,AAI
CUSTOMER_SHIP_TO_LOCATION,MOVEX,CUSTOMER,Customer,OCUSAD,OPADID,COMREF,AAI
CUSTOMER_SHIP_TO_LOCATION,MOVEX,CUSTOMER,Customer,,,COMREF,AAI
CUSTOMER_SHIP_TO_LOCATION,MOVEX,CUSTOMER,Customer,OCUSAD,HDISDELETEDRECORD,COMREF,AAI
CUSTOMER_SHIP_TO_LOCATION,MOVEX,CUSTOMER,Customer,OCUSAD,OPPHNO,COMREF,AAI
CUSTOMER_SHIP_TO_LOCATION,MOVEX,CUSTOMER,Customer,OCUSAD,OPCUNO,COMREF,AAI
CUSTOMER_SHIP_TO_LOCATION,MOVEX,CUSTOMER,Customer,OCUSAD,OPCUA1,COMREF,AAI
CUSTOMER_SHIP_TO_LOCATION,MOVEX,CUSTOMER,Customer,OCUSAD,OPADRT,COMREF,AAI
DIVISION,MOVEX,LOCATION,SERVICE,CMNDIV,"CCCONO,CCDIVI",COMREF,SCBI
DIVISION,MOVEX,LOCATION,SERVICE,CMNDIV,CCDIVI,COMREF,SCBI
DIVISION,MOVEX,LOCATION,SERVICE,CMNDIV,CCCOA4,COMREF,SCBI
DIVISION,MOVEX,LOCATION,SERVICE,,,COMREF,SCBI
DIVISION,MOVEX,LOCATION,SERVICE,CMNDIV,"CCRGDT , CCRGTM",COMREF,SCBI
DIVISION,MOVEX,LOCATION,SERVICE,CMNDIV,CCPHNO,COMREF,SCBI
DIVISION,MOVEX,LOCATION,SERVICE,CMNDIV,CCCOA2,COMREF,SCBI
DIVISION,MOVEX,LOCATION,SERVICE,CMNDIV,CCCONO,COMREF,SCBI
DIVISION,MOVEX,LOCATION,SERVICE,CMNDIV,CCPHN2,COMREF,SCBI
DIVISION,MOVEX,LOCATION,SERVICE,CMNDIV,CCLOCD,COMREF,SCBI
DIVISION,MOVEX,LOCATION,SERVICE,CMNDIV,HDISDELETEDRECORD,COMREF,SCBI
DIVISION,MOVEX,LOCATION,SERVICE,CMNDIV,CCCOA1,COMREF,SCBI
DIVISION,MOVEX,LOCATION,SERVICE,CMNDIV,DSN,COMREF,SCBI
DIVISION,MOVEX,LOCATION,SERVICE,CMNDIV,CCFACI,COMREF,SCBI
DIVISION,MOVEX,LOCATION,SERVICE,CMNDIV,CCWHLO,COMREF,SCBI
DIVISION,MOVEX,LOCATION,SERVICE,CMNDIV,CCCOA3,COMREF,SCBI
DIVISION,MOVEX,LOCATION,SERVICE,CMNDIV," ",COMREF,SCBI
DIVISION,MOVEX,LOCATION,SERVICE,CMNDIV,CCCONM,COMREF,SCBI
DIVISION,MOVEX,LOCATION,SERVICE,CMNDIV,CCLMDT,COMREF,SCBI
DIVISION,MOVEX,LOCATION,SERVICE," "," ",COMREF,SCBI
DIVISION,MOVEX,LOCATION,SERVICE,CMNDIV,CCCSCD,COMREF,SCBI
DIVISION,MOVEX,LOCATION,SERVICE,CMNDIV,CCVRNL,COMREF,SCBI
DOCUMENT_TEXT_HEADER,MOVEX,LOGISTICS,SERVICE,OSYTXH,THTX40,COMREF,SCBI
DOCUMENT_TEXT_HEADER,MOVEX,LOGISTICS,SERVICE,OSYTXH,DSN,COMREF,SCBI
DOCUMENT_TEXT_HEADER,MOVEX,LOGISTICS,SERVICE,OSYTXH,THTXVR,COMREF,SCBI
DOCUMENT_TEXT_HEADER,MOVEX,LOGISTICS,SERVICE,OSYTXH,THTXEI,COMREF,SCBI
DOCUMENT_TEXT_HEADER,MOVEX,LOGISTICS,SERVICE,OSYTXH,"THCONO,THDIVI",COMREF,SCBI
DOCUMENT_TEXT_HEADER,MOVEX,LOGISTICS,SERVICE,OSYTXH,THCONO,COMREF,SCBI
DOCUMENT_TEXT_HEADER,MOVEX,LOGISTICS,SERVICE,OSYTXH,HDISDELETEDRECORD,COMREF,SCBI
DOCUMENT_TEXT_HEADER,MOVEX,LOGISTICS,SERVICE,OSYTXH,THFILE,COMREF,SCBI
DOCUMENT_TEXT_HEADER,MOVEX,LOGISTICS,SERVICE,OSYTXH," ",COMREF,SCBI
DOCUMENT_TEXT_HEADER,MOVEX,LOGISTICS,SERVICE,OSYTXH,THTXID,COMREF,SCBI
DOCUMENT_TEXT_HEADER,MOVEX,LOGISTICS,SERVICE,OSYTXH,THDIVI,COMREF,SCBI
DOCUMENT_TEXT_HEADER,MOVEX,LOGISTICS,SERVICE," "," ",COMREF,SCBI
DOCUMENT_TEXT_HEADER,MOVEX,LOGISTICS,SERVICE,OSYTXH,THLMDT,COMREF,SCBI
DOCUMENT_TEXT_HEADER,MOVEX,LOGISTICS,SERVICE,OSYTXH,THLNCD,COMREF,SCBI
DOCUMENT_TEXT_HEADER,MOVEX,LOGISTICS,SERVICE,OSYTXH,"THRGDT, THRGTM",COMREF,SCBI
DOCUMENT_TEXT_HEADER,MOVEX,LOGISTICS,SERVICE,OSYTXH,THKFLD,COMREF,SCBI
DOCUMENT_TEXT_HEADER,MOVEX,LOGISTICS,SERVICE,OSYTXH,THCHID,COMREF,SCBI
FACILITY,MOVEX,LOCATION,SERVICE,,,COMREF,SCBI
FACILITY,MOVEX,LOCATION,SERVICE,CFACIL,"CFCONO,CFDIVI,CFFACI",COMREF,SCBI
FACILITY,MOVEX,LOCATION,SERVICE,CFACIL,CFFACI,COMREF,SCBI
FACILITY,MOVEX,LOCATION,SERVICE,CFACIL,CFLMDT,COMREF,SCBI
FACILITY,MOVEX,LOCATION,SERVICE," "," ",COMREF,SCBI
FACILITY,MOVEX,LOCATION,SERVICE,CFACIL,CFDIVI,COMREF,SCBI
FACILITY,MOVEX,LOCATION,SERVICE,CFACIL,CFWHLO,COMREF,SCBI
FACILITY,MOVEX,LOCATION,SERVICE,CFACIL,CFCONO,COMREF,SCBI
FACILITY,MOVEX,LOCATION,SERVICE,CFACIL,"CFRGDT , CFRGTM",COMREF,SCBI
FACILITY,MOVEX,LOCATION,SERVICE,CFACIL," ",COMREF,SCBI
FACILITY,MOVEX,LOCATION,SERVICE,CFACIL,CFCHID,COMREF,SCBI
FACILITY,MOVEX,LOCATION,SERVICE,CFACIL,DSN,COMREF,SCBI
FACILITY,MOVEX,LOCATION,SERVICE,CFACIL,HDISDELETEDRECORD,COMREF,SCBI
FACILITY,MOVEX,LOCATION,SERVICE,CFACIL,CFFACN,COMREF,SCBI
PLANNER,MOVEX,,,CMNUSR,JULMDT,COMREF,AAI
PLANNER,MOVEX,,,CMNUSR,JUCHID,COMREF,AAI
PLANNER,MOVEX,,,CMNUSR,JUTX40,COMREF,AAI
PLANNER,MOVEX,,,,,COMREF,AAI
PLANNER,MOVEX,,,CMNUSR,"JURGDT, JURGTM",COMREF,AAI
PLANNER,MOVEX,,,CMNUSR,JUUSID,COMREF,AAI
PLANNER,MOVEX,,,CMNUSR,,COMREF,AAI
PRODUCT_LOCATION,MOVEX,"LOCATION, PRODUCT",,MITLOC,MLALOC,COMREF,SCBI
PRODUCT_LOCATION,MOVEX,"LOCATION, PRODUCT",,MITLOC,MLWHSL,COMREF,SCBI
PRODUCT_LOCATION,MOVEX,"LOCATION, PRODUCT",,MITLOC,mlplqt,COMREF,SCBI
PRODUCT_LOCATION,MOVEX,"LOCATION, PRODUCT",,MITLOC,MLLMDT,COMREF,SCBI
PRODUCT_LOCATION,MOVEX,"LOCATION, PRODUCT",,MITLOC,"MLRGDT, MLRGTM",COMREF,SCBI
PRODUCT_LOCATION,MOVEX,"LOCATION, PRODUCT",,"MITLOC,MITMAS","MLCONO,MLWHLO,MLITNO,,MMSTAT",COMREF,SCBI
PRODUCT_LOCATION,MOVEX,"LOCATION, PRODUCT",,MITLOC,MLITNO,COMREF,SCBI
PRODUCT_LOCATION,MOVEX,"LOCATION, PRODUCT",,MITLOC,MLWHLT ,COMREF,SCBI
PRODUCT_LOCATION,MOVEX,"LOCATION, PRODUCT",,LOOKUP_VALUES,LOOKUP_VALUE,COMREF,SCBI
PRODUCT_LOCATION,MOVEX,"LOCATION, PRODUCT",,MITLOC,,COMREF,SCBI
PRODUCT_LOCATION,MOVEX,"LOCATION, PRODUCT",,MITLOC,mlrepn,COMREF,SCBI
PRODUCT_LOCATION,MOVEX,"LOCATION, PRODUCT",,,,COMREF,SCBI
PRODUCT_LOCATION,MOVEX,"LOCATION, PRODUCT",,MITLOC,mlstqt,COMREF,SCBI
PRODUCT_LOCATION,MOVEX,"LOCATION, PRODUCT",,"MITLOC,MITWHL","MLCONO,MWDIVI,MLFACI,MLWHLO",COMREF,SCBI
PRODUCT_LOCATION,MOVEX,"LOCATION, PRODUCT",,MITLOC,HDISDELETEDRECORD,COMREF,SCBI
PRODUCT_LOCATION,MOVEX,"LOCATION, PRODUCT",,MITLOC,"MLCONO,MLITNO",COMREF,SCBI
PRODUCT_LOCATION,MOVEX,"LOCATION, PRODUCT",,MITLOC,MLCHID,COMREF,SCBI
PRODUCT_LOCATION,MOVEX,"LOCATION, PRODUCT",,MITLOC,mlalqt,COMREF,SCBI
PRODUCT_LOCATION,MOVEX,"LOCATION, PRODUCT",,MITLOC,mloddt,COMREF,SCBI
PRODUCT_LOCATION,MOVEX,"LOCATION, PRODUCT",,MITLOC,MLCONO,COMREF,SCBI
PRODUCT_LOCATION,MOVEX,"LOCATION, PRODUCT",,MITLOC,"MLCONO,MLWHLO,MLITNO,MSWHSL,MLBANO,MLBREM,MLREPN",COMREF,SCBI
PRODUCT_LOCATION,MOVEX,"LOCATION, PRODUCT",,MITLOC,mliddt,COMREF,SCBI
PRODUCT_LOCATION,MOVEX,"LOCATION, PRODUCT",,MITLOC,mlstas,COMREF,SCBI
PRODUCT_LOCATION,MOVEX,"LOCATION, PRODUCT",,MITLOC,MLCAMU,COMREF,SCBI
PRODUCT_LOCATION,MOVEX,"LOCATION, PRODUCT",,MITLOC,MLBANO,COMREF,SCBI
PRODUCT_LOT_MASTER,MOVEX,PRODUCT,PRODUCT,MILOMA,LMITNO,COMREF,SCBI
PRODUCT_LOT_MASTER,MOVEX,PRODUCT,PRODUCT,," ",COMREF,SCBI
PRODUCT_LOT_MASTER,MOVEX,PRODUCT,PRODUCT,MILOMA,LMMFIT,COMREF,SCBI
PRODUCT_LOT_MASTER,MOVEX,PRODUCT,PRODUCT,MILOMA,"LMCONO,LMITNO",COMREF,SCBI
PRODUCT_LOT_MASTER,MOVEX,PRODUCT,PRODUCT,MILOMA,LMMFSN,COMREF,SCBI
PRODUCT_LOT_MASTER,MOVEX,PRODUCT,PRODUCT,MILOMA,LMMFDT,COMREF,SCBI
PRODUCT_LOT_MASTER,MOVEX,PRODUCT,PRODUCT,MILOMA,"LMRGDT, LMRGTM",COMREF,SCBI
PRODUCT_LOT_MASTER,MOVEX,PRODUCT,PRODUCT,MILOMA,LMCFJ0,COMREF,SCBI
PRODUCT_LOT_MASTER,MOVEX,PRODUCT,PRODUCT,MILOMA,"LMCONO,LMITNO,LMBANO",COMREF,SCBI
PRODUCT_LOT_MASTER,MOVEX,PRODUCT,PRODUCT,MILOMA,"LMCONO,LMSUNO",COMREF,SCBI
PRODUCT_LOT_MASTER,MOVEX,PRODUCT,PRODUCT,MILOMA,LMSTAS,COMREF,SCBI
PRODUCT_LOT_MASTER,MOVEX,PRODUCT,PRODUCT,MILOMA,LMLMDT,COMREF,SCBI
PRODUCT_LOT_MASTER,MOVEX,PRODUCT,PRODUCT,MILOMA,LMBANO,COMREF,SCBI
PRODUCT_LOT_MASTER,MOVEX,PRODUCT,PRODUCT,,,COMREF,SCBI
PRODUCT_LOT_MASTER,MOVEX,PRODUCT,PRODUCT,MILOMA,USER_ID,COMREF,SCBI
PRODUCT_LOT_MASTER,MOVEX,PRODUCT,PRODUCT,MILOMA,HDISDELETEDRECORD,COMREF,SCBI
PRODUCT_LOT_MASTER,MOVEX,PRODUCT,PRODUCT,MILOMA,LMEXPI,COMREF,SCBI
PRODUCT_LOT_MASTER,MOVEX,PRODUCT,PRODUCT,MILOMA,DSN,COMREF,SCBI
PRODUCT_LOT_MASTER,MOVEX,PRODUCT,PRODUCT,MILOMA,LMCONO,COMREF,SCBI
PRODUCT_LOT_MASTER,MOVEX,PRODUCT,PRODUCT,MILOMA,LMCHID,COMREF,SCBI
PRODUCT_LOT_MASTER,MOVEX,PRODUCT,PRODUCT,MILOMA,LMFACI,COMREF,SCBI
SUPPLIER,MOVEX,SUPPLIER,SUPPLIER,CIDMAS,IDSTAT,COMREF,AAI
SUPPLIER,MOVEX,SUPPLIER,SUPPLIER,CIDMAS,IDSUTY,COMREF,AAI
SUPPLIER,MOVEX,SUPPLIER,SUPPLIER,CIDMAS,IDLNCD,COMREF,AAI
SUPPLIER,MOVEX,SUPPLIER,SUPPLIER,CIDMAS,IDCHID,COMREF,AAI
SUPPLIER,MOVEX,SUPPLIER,SUPPLIER,CIDMAS,IDCONO,COMREF,AAI
SUPPLIER,MOVEX,SUPPLIER,SUPPLIER,CIDMAS,IDSUNM,COMREF,AAI
SUPPLIER,MOVEX,SUPPLIER,SUPPLIER,CIDMAS,"IDRGDT,IDRGTM",COMREF,AAI
SUPPLIER,MOVEX,SUPPLIER,SUPPLIER,CIDVEN,IITEPY,COMREF,AAI
SUPPLIER,MOVEX,SUPPLIER,SUPPLIER,CIDMAS,IDCORG,COMREF,AAI
SUPPLIER,MOVEX,SUPPLIER,SUPPLIER,CIDMAS,IDLMDT,COMREF,AAI
SUPPLIER,MOVEX,SUPPLIER,SUPPLIER,,,COMREF,AAI
SUPPLIER,MOVEX,SUPPLIER,SUPPLIER,CIDMAS,,COMREF,AAI
SUPPLIER,MOVEX,SUPPLIER,SUPPLIER,CIDMAS,IDCSCD,COMREF,AAI
SUPPLIER,MOVEX,SUPPLIER,SUPPLIER,CIDMAS,IDVRNO,COMREF,AAI
SUPPLIER,MOVEX,SUPPLIER,SUPPLIER,CIDMAS,IDSUNO,COMREF,AAI
SUPPLIER,MOVEX,SUPPLIER,SUPPLIER,CIDMAS,IDCFI3,COMREF,AAI
SUPPLIER_SITE,MOVEX,SUPPLIER,SUPPLIER_SITE,cidadr,SACSCD,COMREF,AAI
SUPPLIER_SITE,MOVEX,SUPPLIER,SUPPLIER_SITE,cidadr,SAECAR,COMREF,AAI
SUPPLIER_SITE,MOVEX,SUPPLIER,SUPPLIER_SITE,cidadr,,COMREF,AAI
SUPPLIER_SITE,MOVEX,SUPPLIER,SUPPLIER_SITE,cidadr,SAADTE,COMREF,AAI
SUPPLIER_SITE,MOVEX,SUPPLIER,SUPPLIER_SITE,cidadr,SAPONO,COMREF,AAI
SUPPLIER_SITE,MOVEX,SUPPLIER,SUPPLIER_SITE,cidadr,SAADR4,COMREF,AAI
SUPPLIER_SITE,MOVEX,SUPPLIER,SUPPLIER_SITE,cidadr,SACHID,COMREF,AAI
SUPPLIER_SITE,MOVEX,SUPPLIER,SUPPLIER_SITE,cidadr,SASUNM,COMREF,AAI
SUPPLIER_SITE,MOVEX,SUPPLIER,SUPPLIER_SITE,CIDADR,sacono,COMREF,AAI
SUPPLIER_SITE,MOVEX,SUPPLIER,SUPPLIER_SITE,cidadr,SAADR1,COMREF,AAI
SUPPLIER_SITE,MOVEX,SUPPLIER,SUPPLIER_SITE,cidadr,SAADR2,COMREF,AAI
SUPPLIER_SITE,MOVEX,SUPPLIER,SUPPLIER_SITE,cidadr,"SARGDT,SARGTM",COMREF,AAI
SUPPLIER_SITE,MOVEX,SUPPLIER,SUPPLIER_SITE,cidadr,SAADID,COMREF,AAI
SUPPLIER_SITE,MOVEX,SUPPLIER,SUPPLIER_SITE,cidadr,SALMDT,COMREF,AAI
SUPPLIER_SITE,MOVEX,SUPPLIER,SUPPLIER_SITE,cidadr,SASTDT,COMREF,AAI
SUPPLIER_SITE,MOVEX,SUPPLIER,SUPPLIER_SITE,,,COMREF,AAI
SUPPLIER_SITE,MOVEX,SUPPLIER,SUPPLIER_SITE,LOOKUP_VALUES,,COMREF,AAI
SUPPLIER_SITE,MOVEX,SUPPLIER,SUPPLIER_SITE,cidadr,SAADR3,COMREF,AAI
SUPPLIER_SITE,MOVEX,SUPPLIER,SUPPLIER_SITE,cidadr,SAEDES,COMREF,AAI
SUPPLIER_SITE,MOVEX,SUPPLIER,SUPPLIER_SITE,cidadr,sasuno,COMREF,AAI
CONSIGNEE,OIAGLOBAL,LOGISTICS,Logistics,TA_OIA_GLOBAL_SHIPMENT,Consignee_Zip,COMREF,SCBI
CONSIGNEE,OIAGLOBAL,LOGISTICS,Logistics,TA_OIA_GLOBAL_SHIPMENT,,COMREF,SCBI
CONSIGNEE,OIAGLOBAL,LOGISTICS,Logistics,TA_CONSIGNEE_XREF,CORRECT_CONSIGNEE_CITY,COMREF,SCBI
CONSIGNEE,OIAGLOBAL,LOGISTICS,Logistics,TA_CONSIGNEE_XREF,CONSIGNEE_ADJ,COMREF,SCBI
CONSIGNEE,OIAGLOBAL,LOGISTICS,Logistics,TA_CONSIGNEE_XREF,CORRECT_CONSIGNEE_COUNTRY,COMREF,SCBI
CONSIGNEE,OIAGLOBAL,LOGISTICS,Logistics,TA_OIA_GLOBAL_SHIPMENT,CONSIGNEE_NAME,COMREF,SCBI
CONSIGNEE,OIAGLOBAL,LOGISTICS,Logistics,TA_OIA_GLOBAL_SHIPMENT,SNOWFLAKE_CREATEDDTM,COMREF,SCBI
CONSIGNEE,OIAGLOBAL,LOGISTICS,Logistics,TA_OIA_GLOBAL_SHIPMENT,CONSIGNEE_CITY,COMREF,SCBI
CONSIGNEE,OIAGLOBAL,LOGISTICS,Logistics,TA_OIA_GLOBAL_SHIPMENT,SNOWFLAKE_MODIFIEDDTM,COMREF,SCBI
CONSIGNEE,OIAGLOBAL,LOGISTICS,Logistics,TA_OIA_GLOBAL_SHIPMENT,REGION,COMREF,SCBI
CONSIGNEE,OIAGLOBAL,LOGISTICS,Logistics,TA_OIA_GLOBAL_SHIPMENT,"Consignee_Name,Consignee_City,Consignee_Country,Consignee_Zip",COMREF,SCBI
CONSIGNEE,OIAGLOBAL,LOGISTICS,Logistics,TA_OIA_GLOBAL_SHIPMENT,Consignee_Country,COMREF,SCBI
CONSIGNEE,OIAGLOBAL,LOGISTICS,Logistics,TA_OIA_GLOBAL_SHIPMENT,DSN,COMREF,SCBI
PORT_LOCATION,OIAGLOBAL,LOGISTICS,Logistics,TA_OIA_GLOBAL_SHIPMENT,"ORIGIN_PORT_CODE,DESTINATION_PORT_CODE",COMREF,SCBI
PORT_LOCATION,OIAGLOBAL,LOGISTICS,Logistics,TA_OIA_GLOBAL_SHIPMENT,,COMREF,SCBI
PORT_LOCATION,OIAGLOBAL,LOGISTICS,Logistics,TA_PORT_CITIES_XREF,PORT_COUNTRY,COMREF,SCBI
PORT_LOCATION,OIAGLOBAL,LOGISTICS,Logistics,TA_OIA_GLOBAL_SHIPMENT,SNOWFLAKE_MODIFIEDDTM,COMREF,SCBI
PORT_LOCATION,OIAGLOBAL,LOGISTICS,Logistics,TA_OIA_GLOBAL_SHIPMENT,CARRIER,COMREF,SCBI
PORT_LOCATION,OIAGLOBAL,LOGISTICS,Logistics,TA_OIA_GLOBAL_SHIPMENT,DESTINATION_PORT_CODE,COMREF,SCBI
PORT_LOCATION,OIAGLOBAL,LOGISTICS,Logistics,TA_PORT_CITIES_XREF,PORT_CITY,COMREF,SCBI
PORT_LOCATION,OIAGLOBAL,LOGISTICS,Logistics,TA_PORT_CITIES_XREF,PORT_CODE,COMREF,SCBI
PORT_LOCATION,OIAGLOBAL,LOGISTICS,Logistics,TA_OIA_GLOBAL_SHIPMENT,SNOWFLAKE_CREATEDDTM,COMREF,SCBI
PORT_LOCATION,OIAGLOBAL,LOGISTICS,Logistics,TA_OIA_GLOBAL_SHIPMENT,DSN,COMREF,SCBI
PORT_LOCATION,OIAGLOBAL,LOGISTICS,Logistics,TA_OIA_GLOBAL_SHIPMENT,ORIGIN_PORT_CODE,COMREF,SCBI
SHIPPER,OIAGLOBAL,LOGISTICS,Logistics,TA_OIA_GLOBAL_SHIPMENT,"SHIPPER_NAME,SHIPPER_CITY,SHIPPER_COUNTRY,SHIPPER_ZIP",COMREF,SCBI
SHIPPER,OIAGLOBAL,LOGISTICS,Logistics,TA_SHIPPER_XREF,SHIPPER_NAME_ADJ,COMREF,SCBI
SHIPPER,OIAGLOBAL,LOGISTICS,Logistics,TA_SHIPPER_XREF,CORRECT_SHIPPER_COUNTRY,COMREF,SCBI
SHIPPER,OIAGLOBAL,LOGISTICS,Logistics,TA_OIA_GLOBAL_SHIPMENT,SHIPPER_ZIP,COMREF,SCBI
SHIPPER,OIAGLOBAL,LOGISTICS,Logistics,TA_SHIPPER_XREF,CORRECT_SHIPPER_ADDRESS,COMREF,SCBI
SHIPPER,OIAGLOBAL,LOGISTICS,Logistics,TA_OIA_GLOBAL_SHIPMENT,,COMREF,SCBI
SHIPPER,OIAGLOBAL,LOGISTICS,Logistics,TA_OIA_GLOBAL_SHIPMENT,DSN,COMREF,SCBI
SHIPPER,OIAGLOBAL,LOGISTICS,Logistics,TA_SHIPPER_XREF,CORRECT_SHIPPER_ZIP,COMREF,SCBI
SHIPPER,OIAGLOBAL,LOGISTICS,Logistics,TA_OIA_GLOBAL_SHIPMENT,SHIPPER_CITY,COMREF,SCBI
SHIPPER,OIAGLOBAL,LOGISTICS,Logistics,TA_OIA_GLOBAL_SHIPMENT,SHIPPER_COUNTRY,COMREF,SCBI
SHIPPER,OIAGLOBAL,LOGISTICS,Logistics,TA_OIA_GLOBAL_SHIPMENT,SNOWFLAKE_MODIFIEDDTM,COMREF,SCBI
SHIPPER,OIAGLOBAL,LOGISTICS,Logistics,TA_SHIPPER_XREF,CORRECT_SHIPPER_CITY,COMREF,SCBI
SHIPPER,OIAGLOBAL,LOGISTICS,Logistics,TA_OIA_GLOBAL_SHIPMENT,SNOWFLAKE_CREATEDDTM,COMREF,SCBI
SHIPPER,OIAGLOBAL,LOGISTICS,Logistics,TA_OIA_GLOBAL_SHIPMENT,SHIPPER_NAME,COMREF,SCBI
SHIPPER,OIAGLOBAL,LOGISTICS,Logistics,TA_OIA_GLOBAL_SHIPMENT,CARRIER,COMREF,SCBI
ENGINEERING_BOM_COMPONENT,PIM,"PRODUCT,ENGINEERING",BOM,BOM_COMPONENTS_B,COMPONENT_ITEM_REVISION_ID,COMREF,AAI
ENGINEERING_BOM_COMPONENT,PIM,"PRODUCT,ENGINEERING",BOM,BOM_COMPONENTS_B,ITEM_NUM,COMREF,AAI
ENGINEERING_BOM_COMPONENT,PIM,"PRODUCT,ENGINEERING",BOM,BOM_COMPONENTS_B,PLANNING_FACTOR,COMREF,AAI
ENGINEERING_BOM_COMPONENT,PIM,"PRODUCT,ENGINEERING",BOM,BOM_COMPONENTS_B,LAST_UPDATE_DATE,COMREF,AAI
ENGINEERING_BOM_COMPONENT,PIM,"PRODUCT,ENGINEERING",BOM,FND_USER,USER_NAME,COMREF,AAI
ENGINEERING_BOM_COMPONENT,PIM,"PRODUCT,ENGINEERING",BOM,BOM_COMPONENTS_B,CREATION_DATE,COMREF,AAI
ENGINEERING_BOM_COMPONENT,PIM,"PRODUCT,ENGINEERING",BOM,BOM_COMPONENTS_B,AUTO_REQUEST_MATERIAL,COMREF,AAI
ENGINEERING_BOM_COMPONENT,PIM,"PRODUCT,ENGINEERING",BOM,BOM_COMPONENTS_B,COMPONENT_YIELD_FACTOR,COMREF,AAI
ENGINEERING_BOM_COMPONENT,PIM,"PRODUCT,ENGINEERING",BOM,BOM_COMPONENTS_B,IMPLEMENTATION_DATE,COMREF,AAI
ENGINEERING_BOM_COMPONENT,PIM,"PRODUCT,ENGINEERING",BOM,BOM_COMPONENTS_B,BILL_SEQUENCE_ID,COMREF,AAI
ENGINEERING_BOM_COMPONENT,PIM,"PRODUCT,ENGINEERING",BOM,BOM_COMPONENTS_B,HDISDELETEDRECORD,COMREF,AAI
ENGINEERING_BOM_COMPONENT,PIM,"PRODUCT,ENGINEERING",BOM,,,COMREF,AAI
ENGINEERING_BOM_COMPONENT,PIM,"PRODUCT,ENGINEERING",BOM,BOM_COMPONENTS_B,COMPONENT_ITEM_ID,COMREF,AAI
ENGINEERING_BOM_COMPONENT,PIM,"PRODUCT,ENGINEERING",BOM,BOM_COMPONENTS_B,DISABLE_DATE,COMREF,AAI
ENGINEERING_BOM_COMPONENT,PIM,"PRODUCT,ENGINEERING",BOM,BOM_COMPONENTS_B,CHECK_ATP,COMREF,AAI
ENGINEERING_BOM_COMPONENT,PIM,"PRODUCT,ENGINEERING",BOM,BOM_COMPONENTS_B,COMPONENT_SEQUENCE_ID,COMREF,AAI
ENGINEERING_BOM_COMPONENT,PIM,"PRODUCT,ENGINEERING",BOM,BOM_COMPONENTS_B,COMPONENT_QUANTITY,COMREF,AAI
ENGINEERING_BOM_COMPONENT,PIM,"PRODUCT,ENGINEERING",BOM,BOM_COMPONENTS_B,EFFECTIVITY_DATE,COMREF,AAI
MANUFACTURING_BOM_COMPONENT,PIM,"PRODUCT,MANUFACTURING",BOM,BOM_COMPONENTS_B,COMPONENT_SEQUENCE_ID,COMREF,AAI
MANUFACTURING_BOM_COMPONENT,PIM,"PRODUCT,MANUFACTURING",BOM,BOM_COMPONENTS_B,EFFECTIVITY_DATE,COMREF,AAI
MANUFACTURING_BOM_COMPONENT,PIM,"PRODUCT,MANUFACTURING",BOM,BOM_COMPONENTS_B,AUTO_REQUEST_MATERIAL,COMREF,AAI
MANUFACTURING_BOM_COMPONENT,PIM,"PRODUCT,MANUFACTURING",BOM,BOM_COMPONENTS_B,COMPONENT_QUANTITY,COMREF,AAI
MANUFACTURING_BOM_COMPONENT,PIM,"PRODUCT,MANUFACTURING",BOM,BOM_COMPONENTS_B,COMPONENT_ITEM_ID,COMREF,AAI
MANUFACTURING_BOM_COMPONENT,PIM,"PRODUCT,MANUFACTURING",BOM,BOM_COMPONENTS_B,COMPONENT_YIELD_FACTOR,COMREF,AAI
MANUFACTURING_BOM_COMPONENT,PIM,"PRODUCT,MANUFACTURING",BOM,BOM_COMPONENTS_B,IMPLEMENTATION_DATE,COMREF,AAI
MANUFACTURING_BOM_COMPONENT,PIM,"PRODUCT,MANUFACTURING",BOM,FND_USER,USER_NAME,COMREF,AAI
MANUFACTURING_BOM_COMPONENT,PIM,"PRODUCT,MANUFACTURING",BOM,BOM_COMPONENTS_B,CHECK_ATP,COMREF,AAI
MANUFACTURING_BOM_COMPONENT,PIM,"PRODUCT,MANUFACTURING",BOM,BOM_COMPONENTS_B,DISABLE_DATE,COMREF,AAI
MANUFACTURING_BOM_COMPONENT,PIM,"PRODUCT,MANUFACTURING",BOM,BOM_COMPONENTS_B,LAST_UPDATE_DATE,COMREF,AAI
MANUFACTURING_BOM_COMPONENT,PIM,"PRODUCT,MANUFACTURING",BOM,BOM_COMPONENTS_B,COMPONENT_ITEM_REVISION_ID,COMREF,AAI
MANUFACTURING_BOM_COMPONENT,PIM,"PRODUCT,MANUFACTURING",BOM,,,COMREF,AAI
MANUFACTURING_BOM_COMPONENT,PIM,"PRODUCT,MANUFACTURING",BOM,BOM_COMPONENTS_B,HDISDELETEDRECORD,COMREF,AAI
MANUFACTURING_BOM_COMPONENT,PIM,"PRODUCT,MANUFACTURING",BOM,BOM_COMPONENTS_B,PLANNING_FACTOR,COMREF,AAI
MANUFACTURING_BOM_COMPONENT,PIM,"PRODUCT,MANUFACTURING",BOM,BOM_COMPONENTS_B,BILL_SEQUENCE_ID,COMREF,AAI
MANUFACTURING_BOM_COMPONENT,PIM,"PRODUCT,MANUFACTURING",BOM,BOM_COMPONENTS_B,ITEM_NUM,COMREF,AAI
MANUFACTURING_BOM_COMPONENT,PIM,"PRODUCT,MANUFACTURING",BOM,BOM_COMPONENTS_B,CREATION_DATE,COMREF,AAI
MANUFACTURING_BOM_STRUCTURE,PIM,MANUFACTURING,BOM,BOM_STRUCTURES_B,PENDING_FROM_ECN,COMREF,AAI
MANUFACTURING_BOM_STRUCTURE,PIM,MANUFACTURING,BOM,BOM_STRUCTURES_B,ORGANIZATION_ID,COMREF,AAI
MANUFACTURING_BOM_STRUCTURE,PIM,MANUFACTURING,BOM,BOM_STRUCTURES_B,ALTERNATE_BOM_DESIGNATOR,COMREF,AAI
MANUFACTURING_BOM_STRUCTURE,PIM,MANUFACTURING,BOM,BOM_STRUCTURES_B,LAST_UPDATE_DATE,COMREF,AAI
MANUFACTURING_BOM_STRUCTURE,PIM,MANUFACTURING,BOM,BOM_STRUCTURES_B,ASSEMBLY_ITEM_ID,COMREF,AAI
MANUFACTURING_BOM_STRUCTURE,PIM,MANUFACTURING,BOM,,,COMREF,AAI
MANUFACTURING_BOM_STRUCTURE,PIM,MANUFACTURING,BOM,BOM_STRUCTURES_B,BILL_SEQUENCE_ID,COMREF,AAI
MANUFACTURING_BOM_STRUCTURE,PIM,MANUFACTURING,BOM,BOM_STRUCTURES_B,HDISDELETEDRECORD,COMREF,AAI
MANUFACTURING_BOM_STRUCTURE,PIM,MANUFACTURING,BOM,BOM_STRUCTURES_B,IMPLEMENTATION_DATE,COMREF,AAI
MANUFACTURING_BOM_STRUCTURE,PIM,MANUFACTURING,BOM,BOM_STRUCTURES_B,CREATION_DATE,COMREF,AAI
MANUFACTURING_BOM_STRUCTURE,PIM,MANUFACTURING,BOM,FND_USER,USER_NAME,COMREF,AAI
MANUFACTURING_BOM_STRUCTURE,PIM,MANUFACTURING,BOM," "," ",COMREF,AAI
MANUFACTURING_BOM_STRUCTURE,PIM,MANUFACTURING,BOM,BOM_STRUCTURES_B,STRUCTURE_TYPE_ID,COMREF,AAI
PRODUCT,PIM,PRODUCT,Product,MTL_SYSTEM_ITEMS_B,,COMREF,AAI
PRODUCT,PIM,PRODUCT,Product,EGO_MTL_SY_ITEMS_EXT_B,EGO3.C_EXT_ATTR3,COMREF,AAI
PRODUCT,PIM,PRODUCT,Product,EGO_MTL_SY_ITEMS_EXT_B,EGO.C_EXT_ATTR3,COMREF,AAI
PRODUCT,PIM,PRODUCT,Product,EGO_MTL_SY_ITEMS_EXT_B,EGO.C_EXT_ATTR11,COMREF,AAI
PRODUCT,PIM,PRODUCT,Product,MTL_SYSTEM_ITEMS_B,INVENTORY_ITEM_ID,COMREF,AAI
PRODUCT,PIM,PRODUCT,Product,EGO_MTL_SY_ITEMS_EXT_B,EGO1.C_EXT_ATTR4,COMREF,AAI
PRODUCT,PIM,PRODUCT,Product,MTL_SYSTEM_ITEMS_B,ITEM_TYPE,COMREF,AAI
PRODUCT,PIM,PRODUCT,Product,EGO_MTL_SY_ITEMS_EXT_B,EGO.C_EXT_ATTR2,COMREF,AAI
PRODUCT,PIM,PRODUCT,Product,EGO_MTL_SY_ITEMS_EXT_B,EGO2.C_EXT_ATTR1,COMREF,AAI
PRODUCT,PIM,PRODUCT,Product,MTL_SYSTEM_ITEMS_B,CREATION_DATE,COMREF,AAI
PRODUCT,PIM,PRODUCT,Product,EGO_MTL_SY_ITEMS_EXT_B,EGO1.C_EXT_ATTR6,COMREF,AAI
PRODUCT,PIM,PRODUCT,Product,,EGO1.D_EXT_ATTR4,COMREF,AAI
PRODUCT,PIM,PRODUCT,Product,MTL_SYSTEM_ITEMS_B,DSN ,COMREF,AAI
PRODUCT,PIM,PRODUCT,Product,"FND_LOOKUP_VALUES,EGO_PART_ANALYSIS",FLV1.TAG,COMREF,AAI
PRODUCT,PIM,PRODUCT,Product,EGO_MTL_SY_ITEMS_EXT_B,EGO1.C_EXT_ATTR2,COMREF,AAI
PRODUCT,PIM,PRODUCT,Product,EGO_MTL_SY_ITEMS_EXT_B,EGO2.C_EXT_ATTR3,COMREF,AAI
PRODUCT,PIM,PRODUCT,Product,EGO_MTL_SY_ITEMS_EXT_B,EGO1.D_EXT_ATTR2,COMREF,AAI
PRODUCT,PIM,PRODUCT,Product,EGO_MTL_SY_ITEMS_EXT_B,EGO3.C_EXT_ATTR1 ,COMREF,AAI
PRODUCT,PIM,PRODUCT,Product,MTL_SYSTEM_ITEMS_B,HDISDELETEDRECORD,COMREF,AAI
PRODUCT,PIM,PRODUCT,Product,MTL_SYSTEM_ITEMS_B,SEGMENT1,COMREF,AAI
PRODUCT,PIM,PRODUCT,Product,MTL_SYSTEM_ITEMS_B,INVENTORY_ITEM_STATUS_CODE,COMREF,AAI
PRODUCT,PIM,PRODUCT,Product,EGO_MTL_SY_ITEMS_EXT_B,EGO.C_EXT_ATTR6 ,COMREF,AAI
PRODUCT,PIM,PRODUCT,Product,EGO_MTL_SY_ITEMS_EXT_B,EGO3.C_EXT_ATTR4,COMREF,AAI
PRODUCT,PIM,PRODUCT,Product,EGO_MTL_SY_ITEMS_EXT_B,EGO2.C_EXT_ATTR5,COMREF,AAI
PRODUCT,PIM,PRODUCT,Product,EGO_MTL_SY_ITEMS_EXT_B,EGO1.C_EXT_ATTR5,COMREF,AAI
PRODUCT,PIM,PRODUCT,Product,MTL_SYSTEM_ITEMS_B,LAST_UPDATE_DATE,COMREF,AAI
PRODUCT,PIM,PRODUCT,Product,EGO_MTL_SY_ITEMS_EXT_B,EGO2.C_EXT_ATTR7,COMREF,AAI
PRODUCT,PIM,PRODUCT,Product,EGO_MTL_SY_ITEMS_EXT_B,EGO1.C_EXT_ATTR7,COMREF,AAI
PRODUCT,PIM,PRODUCT,Product,EGO_MTL_SY_ITEMS_EXT_B,EGO1.D_EXT_ATTR3,COMREF,AAI
PRODUCT,PIM,PRODUCT,Product,,,COMREF,AAI
PRODUCT,PIM,PRODUCT,Product,EGO_MTL_SY_ITEMS_EXT_B,EGO3.C_EXT_ATTR2,COMREF,AAI
PRODUCT,PIM,PRODUCT,Product,MTL_SYSTEM_ITEMS_B,DESCRIPTION,COMREF,AAI
PRODUCT,PIM,PRODUCT,Product,EGO_MTL_SY_ITEMS_EXT_B,EGO1.C_EXT_ATTR1,COMREF,AAI
PRODUCT,PIM,PRODUCT,Product,EGO_MTL_SY_ITEMS_EXT_B,EGO1.LAST_UPDATED_DATE,COMREF,AAI
PRODUCT,PIM,PRODUCT,Product,FND_USER,USER_NAME,COMREF,AAI
PRODUCT,PIM,PRODUCT,Product,MTL_SYSTEM_ITEMS_B,ORGANIZATION_ID,COMREF,AAI
PRODUCT_SUPERSESSION,PIM,PRODUCT,Product,,,COMREF,AAI
PRODUCT_SUPERSESSION,PIM,PRODUCT,Product,EGO_MTL_SY_ITEMS_EXT_B,HDISDELETEDRECORD,COMREF,AAI
PRODUCT_SUPERSESSION,PIM,PRODUCT,Product,EGO_MTL_SY_ITEMS_EXT_B,EXTENSION_ID,COMREF,AAI
PRODUCT_SUPERSESSION,PIM,PRODUCT,Product,EGO_MTL_SY_ITEMS_EXT_B,,COMREF,AAI
PRODUCT_SUPERSESSION,PIM,PRODUCT,Product,EGO_MTL_SY_ITEMS_EXT_B,INVENTORY_ITEM_ID,COMREF,AAI
PRODUCT_SUPERSESSION,PIM,PRODUCT,Product,FND_USER,USER_NAME,COMREF,AAI
PRODUCT_SUPERSESSION,PIM,PRODUCT,Product,MTL_SYSTEM_ITEMS_B,SEGMENT1,COMREF,AAI
PRODUCT_SUPERSESSION,PIM,PRODUCT,Product,EGO_MTL_SY_ITEMS_EXT_B,C_EXT_ATTR3 ,COMREF,AAI
PRODUCT_SUPERSESSION,PIM,PRODUCT,Product,EGO_MTL_SY_ITEMS_EXT_B,ORGANIZATION_ID,COMREF,AAI
PRODUCT_SUPERSESSION,PIM,PRODUCT,Product,EGO_MTL_SY_ITEMS_EXT_B,LAST_UPDATE_DATE,COMREF,AAI
PRODUCT_SUPERSESSION,PIM,PRODUCT,Product,EGO_MTL_SY_ITEMS_EXT_B,DSN,COMREF,AAI
PRODUCT_SUPERSESSION,PIM,PRODUCT,Product,EGO_MTL_SY_ITEMS_EXT_B,CREATION_DATE,COMREF,AAI
CUSTOMER,PLMNPID,CUSTOMER,Â ,COMMON_CUSTOMERS,CREATED_DATE,COMREF,AAI
CUSTOMER,PLMNPID,CUSTOMER,Â ,COMMON_CUSTOMERS,"DSN, CUSTOMER_CODE",COMREF,AAI
CUSTOMER,PLMNPID,CUSTOMER,Â ,Â ,Â ,COMREF,AAI
CUSTOMER,PLMNPID,CUSTOMER,Â ,COMMON_CUSTOMERS,UPDATED_BY,COMREF,AAI
CUSTOMER,PLMNPID,CUSTOMER,Â ,COMMON_CUSTOMERS,HDISDELETEDRECORD,COMREF,AAI
CUSTOMER,PLMNPID,CUSTOMER,Â ,COMMON_CUSTOMERS,CREATED_BY,COMREF,AAI
CUSTOMER,PLMNPID,CUSTOMER,Â ,COMMON_CUSTOMERS,CUSTOMER_NAME,COMREF,AAI
CUSTOMER,PLMNPID,CUSTOMER,Â ,COMMON_CUSTOMERS,CUSTOMER_CODE,COMREF,AAI
CUSTOMER,PLMNPID,CUSTOMER,Â ,COMMON_CUSTOMERS,UPDATED_DATE,COMREF,AAI
CUSTOMER,PLMNPID,CUSTOMER,Â ,COMMON_CUSTOMERS,DSN,COMREF,AAI
CUSTOMER_BILL_TO_LOCATION,PLMNPID,CUSTOMER,Â ,COMMON_CUSTOMERS,BILL_TO_STATE,COMREF,AAI
CUSTOMER_BILL_TO_LOCATION,PLMNPID,CUSTOMER,Â ,COMMON_CUSTOMERS,BILL_TO_PHONE,COMREF,AAI
CUSTOMER_BILL_TO_LOCATION,PLMNPID,CUSTOMER,Â ,COMMON_CUSTOMERS,CUSTOMER_CODE,COMREF,AAI
CUSTOMER_BILL_TO_LOCATION,PLMNPID,CUSTOMER,Â ,COMMON_CUSTOMERS,BILL_TO_ZIP,COMREF,AAI
CUSTOMER_BILL_TO_LOCATION,PLMNPID,CUSTOMER,Â ,COMMON_CUSTOMERS,BILL_TO_TITLE_OF_CONTACT,COMREF,AAI
CUSTOMER_BILL_TO_LOCATION,PLMNPID,CUSTOMER,Â ,COMMON_CUSTOMERS,BILL_TO_ADDRESS1,COMREF,AAI
CUSTOMER_BILL_TO_LOCATION,PLMNPID,CUSTOMER,Â ,Â ,Â ,COMREF,AAI
CUSTOMER_BILL_TO_LOCATION,PLMNPID,CUSTOMER,Â ,COMMON_CUSTOMERS,CREATED_BY,COMREF,AAI
CUSTOMER_BILL_TO_LOCATION,PLMNPID,CUSTOMER,Â ,COMMON_CUSTOMERS,BILL2_COUNTRY,COMREF,AAI
CUSTOMER_BILL_TO_LOCATION,PLMNPID,CUSTOMER,Â ,COMMON_CUSTOMERS,UPDATED_DATE,COMREF,AAI
CUSTOMER_BILL_TO_LOCATION,PLMNPID,CUSTOMER,Â ,COMMON_CUSTOMERS,BILL_TO_CONTACT,COMREF,AAI
CUSTOMER_BILL_TO_LOCATION,PLMNPID,CUSTOMER,Â ,COMMON_CUSTOMERS,UPDATED_BY,COMREF,AAI
CUSTOMER_BILL_TO_LOCATION,PLMNPID,CUSTOMER,Â ,COMMON_CUSTOMERS,BILL_TO_FAX,COMREF,AAI
CUSTOMER_BILL_TO_LOCATION,PLMNPID,CUSTOMER,Â ,COMMON_CUSTOMERS,HDISDELETEDRECORD,COMREF,AAI
CUSTOMER_BILL_TO_LOCATION,PLMNPID,CUSTOMER,Â ,COMMON_CUSTOMERS,"DSN, CUSTOMER_CODE",COMREF,AAI
CUSTOMER_BILL_TO_LOCATION,PLMNPID,CUSTOMER,Â ,COMMON_CUSTOMERS,BILL_TO_CITY,COMREF,AAI
CUSTOMER_BILL_TO_LOCATION,PLMNPID,CUSTOMER,Â ,COMMON_CUSTOMERS,DSN,COMREF,AAI
CUSTOMER_BILL_TO_LOCATION,PLMNPID,CUSTOMER,Â ,COMMON_CUSTOMERS,BILL_TO_ADDRESS2,COMREF,AAI
CUSTOMER_BILL_TO_LOCATION,PLMNPID,CUSTOMER,Â ,COMMON_CUSTOMERS,CREATED_DATE,COMREF,AAI
CUSTOMER_SHIP_TO_LOCATION,PLMNPID,CUSTOMER,Â ,COMMON_CUSTOMERS,UPDATED_DATE,COMREF,AAI
CUSTOMER_SHIP_TO_LOCATION,PLMNPID,CUSTOMER,Â ,COMMON_CUSTOMERS,DSN,COMREF,AAI
CUSTOMER_SHIP_TO_LOCATION,PLMNPID,CUSTOMER,Â ,COMMON_CUSTOMERS,SHIP_TO_CONTACT,COMREF,AAI
CUSTOMER_SHIP_TO_LOCATION,PLMNPID,CUSTOMER,Â ,COMMON_CUSTOMERS,SHIP_TO_CITY,COMREF,AAI
CUSTOMER_SHIP_TO_LOCATION,PLMNPID,CUSTOMER,Â ,COMMON_CUSTOMERS,CREATED_BY,COMREF,AAI
CUSTOMER_SHIP_TO_LOCATION,PLMNPID,CUSTOMER,Â ,COMMON_CUSTOMERS,SHIP_TO_COUNTRY,COMREF,AAI
CUSTOMER_SHIP_TO_LOCATION,PLMNPID,CUSTOMER,Â ,COMMON_CUSTOMERS,SHIP_TO_PHONE,COMREF,AAI
CUSTOMER_SHIP_TO_LOCATION,PLMNPID,CUSTOMER,Â ,COMMON_CUSTOMERS,SHIP_TO_STATE,COMREF,AAI
CUSTOMER_SHIP_TO_LOCATION,PLMNPID,CUSTOMER,Â ,COMMON_CUSTOMERS,SHIP_TO_ZIP,COMREF,AAI
CUSTOMER_SHIP_TO_LOCATION,PLMNPID,CUSTOMER,Â ,COMMON_CUSTOMERS,SHIP_TO_TITLE_OF_CONTACT,COMREF,AAI
CUSTOMER_SHIP_TO_LOCATION,PLMNPID,CUSTOMER,Â ,COMMON_CUSTOMERS,CREATED_DATE,COMREF,AAI
CUSTOMER_SHIP_TO_LOCATION,PLMNPID,CUSTOMER,Â ,COMMON_CUSTOMERS,HDISDELETEDRECORD,COMREF,AAI
CUSTOMER_SHIP_TO_LOCATION,PLMNPID,CUSTOMER,Â ,COMMON_CUSTOMERS,SHIP_TO_FAX,COMREF,AAI
CUSTOMER_SHIP_TO_LOCATION,PLMNPID,CUSTOMER,Â ,COMMON_CUSTOMERS,"DSN, CUSTOMER_CODE",COMREF,AAI
CUSTOMER_SHIP_TO_LOCATION,PLMNPID,CUSTOMER,Â ,Â ,Â ,COMREF,AAI
CUSTOMER_SHIP_TO_LOCATION,PLMNPID,CUSTOMER,Â ,COMMON_CUSTOMERS,UPDATED_BY,COMREF,AAI
CUSTOMER_SHIP_TO_LOCATION,PLMNPID,CUSTOMER,Â ,COMMON_CUSTOMERS,SHIP_TO_ADDRESS1,COMREF,AAI
CUSTOMER_SHIP_TO_LOCATION,PLMNPID,CUSTOMER,Â ,COMMON_CUSTOMERS,SHIP_TO_ADDRESS2,COMREF,AAI
CUSTOMER_SHIP_TO_LOCATION,PLMNPID,CUSTOMER,Â ,COMMON_CUSTOMERS,CUSTOMER_CODE,COMREF,AAI
EMPLOYEE,PLMNPID,ALL," ",PROGRAM_TEAM_MEMBERS,CREATED_BY,COMREF,AAI
EMPLOYEE,PLMNPID,ALL," ",PROGRAM_TEAM_MEMBERS,FULL_NAME,COMREF,AAI
EMPLOYEE,PLMNPID,ALL," "," "," ",COMREF,AAI
EMPLOYEE,PLMNPID,ALL," ",PROGRAM_TEAM_MEMBERS,HDISDELETEDRECORD,COMREF,AAI
EMPLOYEE,PLMNPID,ALL," ",PROGRAM_TEAM_MEMBERS,STATUS,COMREF,AAI
EMPLOYEE,PLMNPID,ALL," ",PROGRAM_TEAM_MEMBERS,WWID,COMREF,AAI
EMPLOYEE,PLMNPID,ALL," ",PROGRAM_TEAM_MEMBERS,UPDATED_BY,COMREF,AAI
EMPLOYEE,PLMNPID,ALL," ",PROGRAM_TEAM_MEMBERS,DSN,COMREF,AAI
EMPLOYEE,PLMNPID,ALL," ",PROGRAM_TEAM_MEMBERS,UPDATED_DATE,COMREF,AAI
EMPLOYEE,PLMNPID,ALL," ",PROGRAM_TEAM_MEMBERS,CREATED_DATE,COMREF,AAI
EMPLOYEE_ASSIGNMENT,PLMNPID,ALL," ",PROGRAM_TEAM_MEMBERS,CREATED_BY,COMREF,AAI
EMPLOYEE_ASSIGNMENT,PLMNPID,ALL," ",PROGRAM_TEAM_MEMBERS,COMMENTS,COMREF,AAI
EMPLOYEE_ASSIGNMENT,PLMNPID,ALL," ",PROGRAM_TEAM_MEMBERS,UPDATED_DATE,COMREF,AAI
EMPLOYEE_ASSIGNMENT,PLMNPID,ALL," ",PROGRAM_TEAM_MEMBERS,"PROGRAM_ID, WWID",COMREF,AAI
EMPLOYEE_ASSIGNMENT,PLMNPID,ALL," ",PROGRAM_TEAM_MEMBERS,PROGRAM_ID,COMREF,AAI
EMPLOYEE_ASSIGNMENT,PLMNPID,ALL," ",PROGRAM_TEAM_MEMBERS,CREATED_DATE,COMREF,AAI
EMPLOYEE_ASSIGNMENT,PLMNPID,ALL," ",PROGRAM_TEAM_MEMBERS,UPDATED_BY,COMREF,AAI
EMPLOYEE_ASSIGNMENT,PLMNPID,ALL," ",PROGRAM_TEAM_MEMBERS," ",COMREF,AAI
EMPLOYEE_ASSIGNMENT,PLMNPID,ALL," ",PROGRAM_TEAM_MEMBERS,HDISDELETEDRECORD,COMREF,AAI
EMPLOYEE_ASSIGNMENT,PLMNPID,ALL," ",PROGRAM_TEAM_MEMBERS,DSN,COMREF,AAI
EMPLOYEE_ASSIGNMENT,PLMNPID,ALL," ",PROGRAM_TEAM_MEMBERS,WWID,COMREF,AAI
ENGINEERING_BOM_COMPONENT,PLMNPID,"PRODUCT,ENGINEERING",BOM,ITEM_STRUCTURE,CHILD_IDENTIFIER,COMREF,AAI
ENGINEERING_BOM_COMPONENT,PLMNPID,"PRODUCT,ENGINEERING",BOM,ITEM_STRUCTURE,UPDATE_BY,COMREF,AAI
ENGINEERING_BOM_COMPONENT,PLMNPID,"PRODUCT,ENGINEERING",BOM,ITEM_STRUCTURE,CHILD_PER_PARENT_QUANTITY,COMREF,AAI
ENGINEERING_BOM_COMPONENT,PLMNPID,"PRODUCT,ENGINEERING",BOM,ITEM_STRUCTURE,OPTION_TYPE,COMREF,AAI
ENGINEERING_BOM_COMPONENT,PLMNPID,"PRODUCT,ENGINEERING",BOM,ITEM_STRUCTURE,CREATED_DATE,COMREF,AAI
ENGINEERING_BOM_COMPONENT,PLMNPID,"PRODUCT,ENGINEERING",BOM,ITEM_STRUCTURE,REV_NO,COMREF,AAI
ENGINEERING_BOM_COMPONENT,PLMNPID,"PRODUCT,ENGINEERING",BOM,ITEM_STRUCTURE,CREATED_BY,COMREF,AAI
ENGINEERING_BOM_COMPONENT,PLMNPID,"PRODUCT,ENGINEERING",BOM," "," ",COMREF,AAI
ENGINEERING_BOM_COMPONENT,PLMNPID,"PRODUCT,ENGINEERING",BOM," Item_Structure"," BUY_LEVEL",COMREF,AAI
ENGINEERING_BOM_COMPONENT,PLMNPID,"PRODUCT,ENGINEERING",BOM,ITEM_STRUCTURE,START_DATE,COMREF,AAI
ENGINEERING_BOM_COMPONENT,PLMNPID,"PRODUCT,ENGINEERING",BOM,ITEM_STRUCTURE,PARENT_IDENTIFIER,COMREF,AAI
ENGINEERING_BOM_COMPONENT,PLMNPID,"PRODUCT,ENGINEERING",BOM,ITEM_STRUCTURE,HDISDELETEDRECORD,COMREF,AAI
ENGINEERING_BOM_COMPONENT,PLMNPID,"PRODUCT,ENGINEERING",BOM,ITEM_STRUCTURE,UPDATED_DATE,COMREF,AAI
ENGINEERING_BOM_COMPONENT,PLMNPID,"PRODUCT,ENGINEERING",BOM," Item_Structure"," CHILD_IDENTIFIER_TYPE",COMREF,AAI
ENGINEERING_BOM_COMPONENT,PLMNPID,"PRODUCT,ENGINEERING",BOM," Item_Structure"," PARENT_IDENTIFIER_TYPE",COMREF,AAI
ENGINEERING_BOM_COMPONENT,PLMNPID,"PRODUCT,ENGINEERING",BOM,ITEM_STRUCTURE," ",COMREF,AAI
ENGINEERING_BOM_COMPONENT,PLMNPID,"PRODUCT,ENGINEERING",BOM,ITEM_STRUCTURE,STOP_DATE,COMREF,AAI
ENGINEERING_PRODUCT_CONFIGURATION,PLMNPID,ENGINEERING,,ITEM_STRUCTURE,BUY_LEVEL,COMREF,AAI
ENGINEERING_PRODUCT_CONFIGURATION,PLMNPID,ENGINEERING,,ITEM_STRUCTURE,STOP_DATE,COMREF,AAI
ENGINEERING_PRODUCT_CONFIGURATION,PLMNPID,ENGINEERING,,NPID_SHARE_OPTIONS,BUILD_PHASE_CODE,COMREF,AAI
ENGINEERING_PRODUCT_CONFIGURATION,PLMNPID,ENGINEERING,,ITEM_STRUCTURE,HDISDELETEDRECORD,COMREF,AAI
ENGINEERING_PRODUCT_CONFIGURATION,PLMNPID,ENGINEERING,,ITEM_STRUCTURE,OPTION_TYPE,COMREF,AAI
ENGINEERING_PRODUCT_CONFIGURATION,PLMNPID,ENGINEERING,,ITEM_STRUCTURE," ",COMREF,AAI
ENGINEERING_PRODUCT_CONFIGURATION,PLMNPID,ENGINEERING,,ITEM_STRUCTURE,PARENT_IDENTIFIER_TYPE,COMREF,AAI
ENGINEERING_PRODUCT_CONFIGURATION,PLMNPID,ENGINEERING,,ITEM_STRUCTURE,CREATED_BY,COMREF,AAI
ENGINEERING_PRODUCT_CONFIGURATION,PLMNPID,ENGINEERING,,ITEM_STRUCTURE,UPDATED_BY,COMREF,AAI
ENGINEERING_PRODUCT_CONFIGURATION,PLMNPID,ENGINEERING,,ITEM_STRUCTURE,CHILD_PER_PARENT_QUANTITY,COMREF,AAI
ENGINEERING_PRODUCT_CONFIGURATION,PLMNPID,ENGINEERING,,ITEM_STRUCTURE,CREATED_DATE,COMREF,AAI
ENGINEERING_PRODUCT_CONFIGURATION,PLMNPID,ENGINEERING,,ITEM_STRUCTURE,UPDATED_DATE,COMREF,AAI
ENGINEERING_PRODUCT_CONFIGURATION,PLMNPID,ENGINEERING,,ITEM_STRUCTURE,REV_NO,COMREF,AAI
ENGINEERING_PRODUCT_CONFIGURATION,PLMNPID,ENGINEERING,,ITEM_STRUCTURE,CHILD_IDENTIFIER_TYPE,COMREF,AAI
ENGINEERING_PRODUCT_CONFIGURATION,PLMNPID,ENGINEERING,,ITEM_STRUCTURE,CHILD_IDENTIFIER,COMREF,AAI
ENGINEERING_PRODUCT_CONFIGURATION,PLMNPID,ENGINEERING,,ITEM_STRUCTURE,START_DATE,COMREF,AAI
ENGINEERING_PRODUCT_CONFIGURATION,PLMNPID,ENGINEERING,,ITEM_STRUCTURE,PARENT_IDENTIFIER,COMREF,AAI
LOOKUP_VALUES,PLMNPID,ALL,DRAWING_INFORMATION_DESCRIPTION,DRAWING_INFO,HDISDELETEDRECORD,COMREF,AAI
LOOKUP_VALUES,PLMNPID,ALL,DRAWING_INFORMATION_DESCRIPTION,DRAWING_INFO,,COMREF,AAI
LOOKUP_VALUES,PLMNPID,ALL,PROJECT_UNIQUENESS,LIST_UNIQUENESS,DL_HDP_MODIFIEDDTM,COMREF,AAI
LOOKUP_VALUES,PLMNPID,ALL,DRAWING_INFORMATION_DESCRIPTION,DRAWING_INFO,DSN,COMREF,AAI
LOOKUP_VALUES,PLMNPID,ALL,DRAWING_INFORMATION_DESCRIPTION,DRAWING_INFO,DESCRIPTION,COMREF,AAI
LOOKUP_VALUES,PLMNPID,ALL,PROJECT_PROBLEM_CODE,PROGRAM_PROBLEM_CODE,DSN,COMREF,AAI
LOOKUP_VALUES,PLMNPID,ALL,DRAWING_INFORMATION_DESCRIPTION,DRAWING_INFO,DRAWING_INFO_CODE,COMREF,AAI
LOOKUP_VALUES,PLMNPID,ALL,PROJECT_UNIQUENESS,LIST_UNIQUENESS,UNIQ_CODE,COMREF,AAI
LOOKUP_VALUES,PLMNPID,ALL,PROJECT_PROBLEM_CODE,PROGRAM_PROBLEM_CODE,HDISDELETEDRECORD,COMREF,AAI
LOOKUP_VALUES,PLMNPID,ALL,PROJECT_UNIQUENESS,LIST_UNIQUENESS,UNIQ_DESC,COMREF,AAI
LOOKUP_VALUES,PLMNPID,ALL,PROJECT_UNIQUENESS,LIST_UNIQUENESS,HDISDELETEDRECORD,COMREF,AAI
LOOKUP_VALUES,PLMNPID,ALL,PROJECT_PROBLEM_CODE,PROGRAM_PROBLEM_CODE,DESCRIPTION,COMREF,AAI
LOOKUP_VALUES,PLMNPID,ALL,PROJECT_DELIVERY_RISK,PROGRAM_DELIVERY_RISK,DESCRIPTION,COMREF,AAI
LOOKUP_VALUES,PLMNPID,ALL,PROJECT_DELIVERY_RISK,PROGRAM_DELIVERY_RISK,HDISDELETEDRECORD,COMREF,AAI
LOOKUP_VALUES,PLMNPID,ALL,PROJECT_UNIQUENESS,LIST_UNIQUENESS,,COMREF,AAI
LOOKUP_VALUES,PLMNPID,ALL,PROJECT_DELIVERY_RISK,Â ,Â ,COMREF,AAI
LOOKUP_VALUES,PLMNPID,ALL,PROJECT_PROBLEM_CODE,PROGRAM_PROBLEM_CODE,"DSN, PROBLEM_CODE_ID",COMREF,AAI
LOOKUP_VALUES,PLMNPID,ALL,PROJECT_UNIQUENESS,LIST_UNIQUENESS,DSN,COMREF,AAI
LOOKUP_VALUES,PLMNPID,ALL,PROJECT_PROBLEM_CODE,Â ,Â ,COMREF,AAI
LOOKUP_VALUES,PLMNPID,ALL,PROJECT_DELIVERY_RISK,PROGRAM_DELIVERY_RISK,"DSN, DELIVERY_RISK_ID",COMREF,AAI
LOOKUP_VALUES,PLMNPID,ALL,PROJECT_DELIVERY_RISK,PROGRAM_DELIVERY_RISK,DELIVERY_RISK_ID,COMREF,AAI
LOOKUP_VALUES,PLMNPID,ALL,PROJECT_PROBLEM_CODE,PROGRAM_PROBLEM_CODE,PROBLEM_CODE_ID,COMREF,AAI
LOOKUP_VALUES,PLMNPID,ALL,PROJECT_DELIVERY_RISK,PROGRAM_DELIVERY_RISK,DSN,COMREF,AAI
LOOKUP_VALUES,PLMNPID,ALL,PROJECT_UNIQUENESS,,,COMREF,AAI
LOOKUP_VALUES,PLMNPID,ALL,PROJECT_UNIQUENESS,LIST_UNIQUENESS,DL_HDP_CREATEDDTM,COMREF,AAI
LOOKUP_VALUES,PLMNPID,ALL,DRAWING_INFORMATION_DESCRIPTION,,,COMREF,AAI
PRODUCT,PLMNPID,PRODUCT," ",NPID_SHARE_COMPONENT ,ITEM_SHARE,COMREF,AAI
PRODUCT,PLMNPID,PRODUCT,,NPID_SHARE_OPTIONS,CREATED_DATE,COMREF,AAI
PRODUCT,PLMNPID,PRODUCT," ","NPID_SHARE_COMPONENT , NPID_SHARE_OPTIONS , NPID_SHARE_CONFIGURATION",UPDATED_DATE,COMREF,AAI
PRODUCT,PLMNPID,PRODUCT,,NPID_SHARE_COMPONENT,ID_TYPE_CODE,COMREF,AAI
PRODUCT,PLMNPID,PRODUCT,,NPID_SHARE_COMPONENT,UPDATED_DATE,COMREF,AAI
PRODUCT,PLMNPID,PRODUCT,,NPID_SHARE_OPTIONS,ID_TYPE_CODE,COMREF,AAI
PRODUCT,PLMNPID,PRODUCT,,NPID_SHARE_OPTIONS,OWNING_PROGRAM_ID,COMREF,AAI
PRODUCT,PLMNPID,PRODUCT,,NPID_SHARE_OPTIONS,UPDATED_BY,COMREF,AAI
PRODUCT,PLMNPID,PRODUCT,,NPID_SHARE_OPTIONS,UPDATED_DATE,COMREF,AAI
PRODUCT,PLMNPID,PRODUCT," ","NPID_SHARE_COMPONENT , NPID_SHARE_OPTIONS , NPID_SHARE_CONFIGURATION",NOUN_NAME,COMREF,AAI
PRODUCT,PLMNPID,PRODUCT," ","NPID_SHARE_COMPONENT , NPID_SHARE_OPTIONS , NPID_SHARE_CONFIGURATION",EFFECTIVE_DATE,COMREF,AAI
PRODUCT,PLMNPID,PRODUCT," ","NPID_SHARE_COMPONENT , NPID_SHARE_OPTIONS , NPID_SHARE_CONFIGURATION"," BUILD_PHASE_CODE",COMREF,AAI
PRODUCT,PLMNPID,PRODUCT,,NPID_SHARE_COMPONENT,RELEASE_PHASE_CODE,COMREF,AAI
PRODUCT,PLMNPID,PRODUCT,,NPID_SHARE_OPTIONS,NOUN_NAME,COMREF,AAI
PRODUCT,PLMNPID,PRODUCT,,NPID_SHARE_OPTIONS,BUILD_PHASE_CODE,COMREF,AAI
PRODUCT,PLMNPID,PRODUCT," ","NPID_SHARE_COMPONENT , NPID_SHARE_OPTIONS , NPID_SHARE_CONFIGURATION",CREATED_DATE,COMREF,AAI
PRODUCT,PLMNPID,PRODUCT," ","NPID_SHARE_COMPONENT , NPID_SHARE_OPTIONS , NPID_SHARE_CONFIGURATION",ID_TYPE_CODE,COMREF,AAI
PRODUCT,PLMNPID,PRODUCT," ","NPID_SHARE_COMPONENT , NPID_SHARE_OPTIONS , NPID_SHARE_CONFIGURATION",EFFECT_CODE,COMREF,AAI
PRODUCT,PLMNPID,PRODUCT," ","NPID_SHARE_COMPONENT , NPID_SHARE_OPTIONS , NPID_SHARE_CONFIGURATION",CREATED_BY,COMREF,AAI
PRODUCT,PLMNPID,PRODUCT,,NPID_SHARE_COMPONENT,EFFECTIVE_DATE,COMREF,AAI
PRODUCT,PLMNPID,PRODUCT," ","NPID_SHARE_COMPONENT , NPID_SHARE_OPTIONS , NPID_SHARE_CONFIGURATION",OWNING_PROGRAM_ID,COMREF,AAI
PRODUCT,PLMNPID,PRODUCT," ","NPID_SHARE_COMPONENT , NPID_SHARE_OPTIONS , NPID_SHARE_CONFIGURATION",SOURCE_RECORD_TYPE,COMREF,AAI
PRODUCT,PLMNPID,PRODUCT,,NPID_SHARE_COMPONENT,OWNING_PROGRAM_ID,COMREF,AAI
PRODUCT,PLMNPID,PRODUCT," ","NPID_SHARE_COMPONENT , NPID_SHARE_OPTIONS , NPID_SHARE_CONFIGURATION",UPDATED_BY,COMREF,AAI
PRODUCT,PLMNPID,PRODUCT,,NPID_SHARE_COMPONENT,CREATED_BY,COMREF,AAI
PRODUCT,PLMNPID,PRODUCT,,NPID_SHARE_COMPONENT,HDISDELETEDRECORD,COMREF,AAI
PRODUCT,PLMNPID,PRODUCT,,NPID_SHARE_CONFIGURATION,,COMREF,AAI
PRODUCT,PLMNPID,PRODUCT,,NPID_SHARE_CONFIGURATION,CREATED_BY,COMREF,AAI
PRODUCT,PLMNPID,PRODUCT,,NPID_SHARE_OPTIONS,,COMREF,AAI
PRODUCT,PLMNPID,PRODUCT,,NPID_SHARE_OPTIONS,CREATED_BY,COMREF,AAI
PRODUCT,PLMNPID,PRODUCT,,NPID_SHARE_CONFIGURATION,UPDATED_DATE,COMREF,AAI
PRODUCT,PLMNPID,PRODUCT,,NPID_SHARE_COMPONENT,,COMREF,AAI
PRODUCT,PLMNPID,PRODUCT,,NPID_SHARE_COMPONENT,COMPONENT_NUMBER,COMREF,AAI
PRODUCT,PLMNPID,PRODUCT,,NPID_SHARE_COMPONENT,NOUN_NAME,COMREF,AAI
PRODUCT,PLMNPID,PRODUCT,,NPID_SHARE_CONFIGURATION,RELEASE_PHASE_CODE,COMREF,AAI
PRODUCT,PLMNPID,PRODUCT,,NPID_SHARE_CONFIGURATION,ITEM_SHARE,COMREF,AAI
PRODUCT,PLMNPID,PRODUCT,,NPID_SHARE_OPTIONS,HDISDELETEDRECORD,COMREF,AAI
PRODUCT,PLMNPID,PRODUCT," ","NPID_SHARE_COMPONENT , NPID_SHARE_OPTIONS , NPID_SHARE_CONFIGURATION",RELEASE_PHASE_CODE,COMREF,AAI
PRODUCT,PLMNPID,PRODUCT," ",NPID_SHARE_OPTIONS,OPTION_IDENTIFIER,COMREF,AAI
PRODUCT,PLMNPID,PRODUCT,,NPID_SHARE_COMPONENT,ITEM_SHARE,COMREF,AAI
PRODUCT,PLMNPID,PRODUCT,,NPID_SHARE_CONFIGURATION,UPDATED_BY,COMREF,AAI
PRODUCT,PLMNPID,PRODUCT,,NPID_SHARE_OPTIONS,ITEM_SHARE,COMREF,AAI
PRODUCT,PLMNPID,PRODUCT,,NPID_SHARE_COMPONENT,UPDATED_BY,COMREF,AAI
PRODUCT,PLMNPID,PRODUCT," ","NPID_SHARE_COMPONENT , NPID_SHARE_OPTIONS , NPID_SHARE_CONFIGURATION",COMPONENT_NUMBER,COMREF,AAI
PRODUCT,PLMNPID,PRODUCT," ","NPID_SHARE_COMPONENT , NPID_SHARE_OPTIONS , NPID_SHARE_CONFIGURATION",HDISDELETEDRECORD,COMREF,AAI
PRODUCT,PLMNPID,PRODUCT,,NPID_SHARE_OPTIONS,EFFECTIVE_DATE,COMREF,AAI
PRODUCT,PLMNPID,PRODUCT,,NPID_SHARE_CONFIGURATION,CONFIGURATION_NUMBER,COMREF,AAI
PRODUCT,PLMNPID,PRODUCT,,NPID_SHARE_CONFIGURATION,OWNING_PROGRAM_ID,COMREF,AAI
PRODUCT,PLMNPID,PRODUCT,,NPID_SHARE_CONFIGURATION,CREATED_DATE,COMREF,AAI
PRODUCT,PLMNPID,PRODUCT,,NPID_SHARE_COMPONENT,CREATED_DATE,COMREF,AAI
PRODUCT,PLMNPID,PRODUCT,,NPID_SHARE_CONFIGURATION,HDISDELETEDRECORD,COMREF,AAI
PRODUCT,PLMNPID,PRODUCT,,NPID_SHARE_COMPONENT,EFFECT_CODE,COMREF,AAI
PRODUCT,PLMNPID,PRODUCT,,NPID_SHARE_OPTIONS,OPTION_IDENTIFIER,COMREF,AAI
PRODUCT,PLMNPID,PRODUCT,,NPID_SHARE_CONFIGURATION,ID_TYPE_CODE,COMREF,AAI
PRODUCT,PLMNPID,PRODUCT,,NPID_SHARE_CONFIGURATION,EFFECTIVE_DATE,COMREF,AAI
PRODUCT,PLMNPID,PRODUCT,,NPID_SHARE_OPTIONS,OPTION_NUMBER,COMREF,AAI
PRODUCT,PLMNPID,PRODUCT,,NPID_SHARE_OPTIONS,EFFECT_CODE,COMREF,AAI
PRODUCT,PLMNPID,PRODUCT,,NPID_SHARE_OPTIONS,RELEASE_PHASE_CODE,COMREF,AAI
PRODUCT,PLMNPID,PRODUCT," ","NPID_SHARE_COMPONENT , NPID_SHARE_OPTIONS , NPID_SHARE_CONFIGURATION"," ",COMREF,AAI
PRODUCT_BUILD_PHASE_NOTES,PLMNPID,"PRODUCT,ENGINEERING",,READINESS_NOTES_TABLE,DSN,COMREF,AAI
PRODUCT_BUILD_PHASE_NOTES,PLMNPID,"PRODUCT,ENGINEERING",,,,COMREF,AAI
PRODUCT_BUILD_PHASE_NOTES,PLMNPID,"PRODUCT,ENGINEERING",,READINESS_NOTES_TABLE,BUILD_PHASE,COMREF,AAI
PRODUCT_BUILD_PHASE_NOTES,PLMNPID,"PRODUCT,ENGINEERING",,READINESS_NOTES_TABLE,CREATED_DATE,COMREF,AAI
PRODUCT_BUILD_PHASE_NOTES,PLMNPID,"PRODUCT,ENGINEERING",,READINESS_NOTES_TABLE,"BUILD_PHASE,PROGRAM_ID",COMREF,AAI
PRODUCT_BUILD_PHASE_NOTES,PLMNPID,"PRODUCT,ENGINEERING",,READINESS_NOTES_TABLE,ROW_NUM,COMREF,AAI
PRODUCT_BUILD_PHASE_NOTES,PLMNPID,"PRODUCT,ENGINEERING",,READINESS_NOTES_TABLE,CREATED_BY,COMREF,AAI
PRODUCT_BUILD_PHASE_NOTES,PLMNPID,"PRODUCT,ENGINEERING",,READINESS_NOTES_TABLE,DESCRIPTION,COMREF,AAI
PRODUCT_BUILD_PHASE_NOTES,PLMNPID,"PRODUCT,ENGINEERING",,READINESS_NOTES_TABLE,COMPONENT_NUMBER,COMREF,AAI
PRODUCT_BUILD_PHASE_NOTES,PLMNPID,"PRODUCT,ENGINEERING",,READINESS_NOTES_TABLE,,COMREF,AAI
PRODUCT_BUILD_PHASE_NOTES,PLMNPID,"PRODUCT,ENGINEERING",,READINESS_NOTES_TABLE,UPDATED_DATE,COMREF,AAI
PRODUCT_BUILD_PHASE_NOTES,PLMNPID,"PRODUCT,ENGINEERING",,READINESS_NOTES_TABLE,UPDATED_BY,COMREF,AAI
PRODUCT_BUILD_PHASE_NOTES,PLMNPID,"PRODUCT,ENGINEERING",,READINESS_NOTES_TABLE,PROGRAM_ID,COMREF,AAI
PRODUCT_BUILD_PHASE_NOTES,PLMNPID,"PRODUCT,ENGINEERING",,READINESS_NOTES_TABLE,HDISDELETEDRECORD,COMREF,AAI
PRODUCT_DRAWING,PLMNPID,PRODUCT,,ITEM_DRAWING,RACF_ID,COMREF,AAI
PRODUCT_DRAWING,PLMNPID,PRODUCT,,ITEM_DRAWING,CREATED_DATE,COMREF,AAI
PRODUCT_DRAWING,PLMNPID,PRODUCT,,ITEM_DRAWING,UPDATED_DATE,COMREF,AAI
PRODUCT_DRAWING,PLMNPID,PRODUCT,,ITEM_DRAWING,DSN,COMREF,AAI
PRODUCT_DRAWING,PLMNPID,PRODUCT,,ITEM_DRAWING,UPDATED_BY,COMREF,AAI
PRODUCT_DRAWING,PLMNPID,PRODUCT,,ITEM_DRAWING,ACTUAL_DRAWING_COMPLETION,COMREF,AAI
PRODUCT_DRAWING,PLMNPID,PRODUCT,,ITEM_DRAWING,REVISION_NUMBER,COMREF,AAI
PRODUCT_DRAWING,PLMNPID,PRODUCT,,ITEM_DRAWING,,COMREF,AAI
PRODUCT_DRAWING,PLMNPID,PRODUCT,,ITEM_DRAWING,SPECIFICATION_AVAILABLE_FLAG,COMREF,AAI
PRODUCT_DRAWING,PLMNPID,PRODUCT,,ITEM_DRAWING,TABBED_ON,COMREF,AAI
PRODUCT_DRAWING,PLMNPID,PRODUCT,,ITEM_DRAWING,RESIDE_ON,COMREF,AAI
PRODUCT_DRAWING,PLMNPID,PRODUCT,,ITEM_DRAWING,HDISDELETEDRECORD,COMREF,AAI
PRODUCT_DRAWING,PLMNPID,PRODUCT,,ITEM_DRAWING,SPECIFICATION_STABLE_FLAG,COMREF,AAI
PRODUCT_DRAWING,PLMNPID,PRODUCT,,LOOKUP_VALUES,LOOKUP_VALUE,COMREF,AAI
PRODUCT_DRAWING,PLMNPID,PRODUCT,,,,COMREF,AAI
PRODUCT_DRAWING,PLMNPID,PRODUCT,,ITEM_DRAWING,DRAWING_INFORMATION,COMREF,AAI
PRODUCT_DRAWING,PLMNPID,PRODUCT,,ITEM_DRAWING,CREATED_BY,COMREF,AAI
PRODUCT_DRAWING,PLMNPID,PRODUCT,,ITEM_DRAWING,IDENTIFIER_TYPE,COMREF,AAI
PRODUCT_DRAWING,PLMNPID,PRODUCT,,ITEM_DRAWING,PLANNED_AVAILABLE_DATE,COMREF,AAI
PRODUCT_DRAWING,PLMNPID,PRODUCT,,ITEM_DRAWING,IDENTIFIER,COMREF,AAI
PRODUCT_DRAWING,PLMNPID,PRODUCT,,ITEM_DRAWING,PPIF_REVISION_NUMBER,COMREF,AAI
PRODUCT_PLANNING,PLMNPID,PRODUCT,,,,COMREF,AAI
PRODUCT_PLANNING,PLMNPID,PRODUCT,,COMMON_NOUN_NAMES_TBL,TOOLING_LEAD_DEFAULT,COMREF,AAI
PRODUCT_PLANNING,PLMNPID,PRODUCT,,COMMON_NOUN_NAMES_TBL,DESIGN_LEAD_DEFAULT,COMREF,AAI
PRODUCT_PLANNING,PLMNPID,PRODUCT,,COMMON_NOUN_NAMES_TBL,SR_PROD_LEAD,COMREF,AAI
PRODUCT_PLANNING,PLMNPID,PRODUCT,,COMMON_NOUN_NAMES_TBL,SR_REV_PT_LEAD,COMREF,AAI
PRODUCT_PLANNING,PLMNPID,PRODUCT,,COMMON_NOUN_NAMES_TBL,UPDATED_ON,COMREF,AAI
PRODUCT_PLANNING,PLMNPID,PRODUCT,,COMMON_NOUN_NAMES_TBL,PO_PROD_LEAD,COMREF,AAI
PRODUCT_PLANNING,PLMNPID,PRODUCT,,COMMON_NOUN_NAMES_TBL,INV_PT_LEAD,COMREF,AAI
PRODUCT_PLANNING,PLMNPID,PRODUCT,,COMMON_NOUN_NAMES_TBL,SAMPLE_LEAD_DEFAULT,COMREF,AAI
PRODUCT_PLANNING,PLMNPID,PRODUCT,,COMMON_NOUN_NAMES_TBL,PROTOTYPE_LEAD_DEFAULT,COMREF,AAI
PRODUCT_PLANNING,PLMNPID,PRODUCT,,COMMON_NOUN_NAMES_TBL,NOUN_NAME,COMREF,AAI
PRODUCT_PLANNING,PLMNPID,PRODUCT,,LLOKUP_VALUES,LOOKUP_VALUE,COMREF,AAI
PRODUCT_PLANNING,PLMNPID,PRODUCT,,COMMON_NOUN_NAMES_TBL,PO_LEAD,COMREF,AAI
PRODUCT_PLANNING,PLMNPID,PRODUCT,,COMMON_NOUN_NAMES_TBL,DSN,COMREF,AAI
PRODUCT_PLANNING,PLMNPID,PRODUCT,,COMMON_NOUN_NAMES_TBL,RFQ_LEAD,COMREF,AAI
PRODUCT_PLANNING,PLMNPID,PRODUCT,,COMMON_NOUN_NAMES_TBL,UPDATED_BY,COMREF,AAI
PRODUCT_PLANNING,PLMNPID,PRODUCT,,COMMON_NOUN_NAMES_TBL,SOURCE_RELEASE_LEAD,COMREF,AAI
PRODUCT_PLANNING,PLMNPID,PRODUCT,,COMMON_NOUN_NAMES_TBL,TOOLING_PROD_LEAD,COMREF,AAI
PRODUCT_PLANNING,PLMNPID,PRODUCT,,COMMON_NOUN_NAMES_TBL,RFQ_PROD_LEAD,COMREF,AAI
PRODUCT_PLANNING,PLMNPID,PRODUCT,,COMMON_NOUN_NAMES_TBL,PRODUCTION_LEAD_DEFAULT,COMREF,AAI
PRODUCT_PLANNING,PLMNPID,PRODUCT,,COMMON_NOUN_NAMES_TBL,CREATED_ON,COMREF,AAI
PRODUCT_PLANNING,PLMNPID,PRODUCT,,COMMON_NOUN_NAMES_TBL,NOUN_NAME_TYPE,COMREF,AAI
PRODUCT_PLANNING,PLMNPID,PRODUCT,,COMMON_NOUN_NAMES_TBL,"DSN, NOUN_NAME, ID_TYPE",COMREF,AAI
PRODUCT_PLANNING,PLMNPID,PRODUCT,,COMMON_NOUN_NAMES_TBL,HDISDELETEDRECORD,COMREF,AAI
PRODUCT_PLANNING,PLMNPID,PRODUCT,,COMMON_NOUN_NAMES_TBL,INV_RECEIPT_PROD_LEAD,COMREF,AAI
PRODUCT_PLANNING,PLMNPID,PRODUCT,,COMMON_NOUN_NAMES_TBL,ID_TYPE,COMREF,AAI
PRODUCT_PLANNING,PLMNPID,PRODUCT,,COMMON_NOUN_NAMES_TBL,SHIPPING_PROD_LEAD,COMREF,AAI
PRODUCT_PLANNING,PLMNPID,PRODUCT,,COMMON_NOUN_NAMES_TBL,CREATED_BY,COMREF,AAI
PRODUCT_PLANNING,PLMNPID,PRODUCT,,COMMON_NOUN_NAMES_TBL,SR_REV_PROD_LEAD,COMREF,AAI
PRODUCT_PLANNING,PLMNPID,PRODUCT,,COMMON_NOUN_NAMES_TBL,SHIPPING_LEAD,COMREF,AAI
PRODUCT_SUPPLIER,PLMNPID,"PRODUCT, SUPPLIER",,COMPONENT_PURCHASING,ATA_STATUS,COMREF,AAI
PRODUCT_SUPPLIER,PLMNPID,"PRODUCT, SUPPLIER",,COMPONENT_PURCHASING,COMPONENT_NUMBER,COMREF,AAI
PRODUCT_SUPPLIER,PLMNPID,"PRODUCT, SUPPLIER",,COMPONENT_PURCHASING,RFQ_NUMBER,COMREF,AAI
PRODUCT_SUPPLIER,PLMNPID,"PRODUCT, SUPPLIER",,COMPONENT_PURCHASING,LOI_SFD_NUMBER,COMREF,AAI
PRODUCT_SUPPLIER,PLMNPID,"PRODUCT, SUPPLIER",,COMPONENT_PURCHASING,LOI_STATUS,COMREF,AAI
PRODUCT_SUPPLIER,PLMNPID,"PRODUCT, SUPPLIER",,COMPONENT_PURCHASING,"DSN, SUPPLIER_CODE",COMREF,AAI
PRODUCT_SUPPLIER,PLMNPID,"PRODUCT, SUPPLIER",,COMPONENT_PURCHASING,READY_FOR_EDI,COMREF,AAI
PRODUCT_SUPPLIER,PLMNPID,"PRODUCT, SUPPLIER",,COMPONENT_PURCHASING,UPDATED_DATE,COMREF,AAI
PRODUCT_SUPPLIER,PLMNPID,"PRODUCT, SUPPLIER",,COMPONENT_PURCHASING,RFQ_STATUS,COMREF,AAI
PRODUCT_SUPPLIER,PLMNPID,"PRODUCT, SUPPLIER",,COMPONENT_PURCHASING,CREATED_DATE,COMREF,AAI
PRODUCT_SUPPLIER,PLMNPID,"PRODUCT, SUPPLIER",,COMPONENT_PURCHASING,,COMREF,AAI
PRODUCT_SUPPLIER,PLMNPID,"PRODUCT, SUPPLIER",,COMPONENT_PURCHASING,BUILD_PHASE_CODE,COMREF,AAI
PRODUCT_SUPPLIER,PLMNPID,"PRODUCT, SUPPLIER",,COMPONENT_PURCHASING,SOURCE_COUNTRY,COMREF,AAI
PRODUCT_SUPPLIER,PLMNPID,"PRODUCT, SUPPLIER",,COMPONENT_PURCHASING,UPDATED_BY,COMREF,AAI
PRODUCT_SUPPLIER,PLMNPID,"PRODUCT, SUPPLIER",,COMPONENT_PURCHASING,SUPPLIER_CONTACT_ID,COMREF,AAI
PRODUCT_SUPPLIER,PLMNPID,"PRODUCT, SUPPLIER",,COMPONENT_PURCHASING,PROGRAM_ID,COMREF,AAI
PRODUCT_SUPPLIER,PLMNPID,"PRODUCT, SUPPLIER",,COMPONENT_PURCHASING,DSN,COMREF,AAI
PRODUCT_SUPPLIER,PLMNPID,"PRODUCT, SUPPLIER",,COMPONENT_PURCHASING,HDISDELETEDRECORD,COMREF,AAI
PRODUCT_SUPPLIER,PLMNPID,"PRODUCT, SUPPLIER",,COMPONENT_PURCHASING,CREATED_BY,COMREF,AAI
PRODUCT_SUPPLIER,PLMNPID,"PRODUCT, SUPPLIER",," "," ",COMREF,AAI
PRODUCT_SUPPLIER,PLMNPID,"PRODUCT, SUPPLIER",,COMPONENT_PURCHASING,"DSN, COMPONENT_NUMBER, PROGRAM_ID, SUPPLIER_CODE",COMREF,AAI
PRODUCT_SUPPLIER,PLMNPID,"PRODUCT, SUPPLIER",,COMPONENT_PURCHASING,SUPPLIER_CODE,COMREF,AAI
PROJECT,PLMNPID,ENGINEERING,VPI Project,,,COMREF,AAI
PROJECT,PLMNPID,ENGINEERING,VPI Project,Programs,,COMREF,AAI
PROJECT,PLMNPID,ENGINEERING,VPI Project,Programs," ",COMREF,AAI
PROJECT_BUILD_PHASE,PLMNPID,ALL,,PROGRAM_BUILD_PHASES,DISPLAY_TYPE,COMREF,AAI
PROJECT_BUILD_PHASE,PLMNPID,ALL,,PROGRAM_BUILD_PHASES,BLD_PHASE_NAME,COMREF,AAI
PROJECT_BUILD_PHASE,PLMNPID,ALL,,PROGRAM_BUILD_PHASES,"DSN,PROGRAM_ID",COMREF,AAI
PROJECT_BUILD_PHASE,PLMNPID,ALL,,PROGRAM_BUILD_PHASES,CREATED_BY,COMREF,AAI
PROJECT_BUILD_PHASE,PLMNPID,ALL,,,,COMREF,AAI
PROJECT_BUILD_PHASE,PLMNPID,ALL,,PROGRAM_BUILD_PHASES,UPDATED_DATE,COMREF,AAI
PROJECT_BUILD_PHASE,PLMNPID,ALL,,PROGRAM_BUILD_PHASES,CREATED_DATE,COMREF,AAI
PROJECT_BUILD_PHASE,PLMNPID,ALL,,PROGRAM_BUILD_PHASES,PROGRAM_ID,COMREF,AAI
PROJECT_BUILD_PHASE,PLMNPID,ALL,,PROGRAM_BUILD_PHASES,DSN,COMREF,AAI
PROJECT_BUILD_PHASE,PLMNPID,ALL,,PROGRAM_BUILD_PHASES,STOP_DATE,COMREF,AAI
PROJECT_BUILD_PHASE,PLMNPID,ALL,,PROGRAM_BUILD_PHASES,HDISDELETEDRECORD,COMREF,AAI
PROJECT_BUILD_PHASE,PLMNPID,ALL,,PROGRAM_BUILD_PHASES,UPDATED_BY,COMREF,AAI
PROJECT_BUILD_PHASE,PLMNPID,ALL,,PROGRAM_BUILD_PHASES,START_DATE,COMREF,AAI
PROJECT_BUILD_PHASE,PLMNPID,ALL,,PROGRAM_BUILD_PHASES,"DSN,PROGRAM_ID,BLD_PHASE_NAME",COMREF,AAI
PROJECT_BUILD_PHASE,PLMNPID,ALL,,PROGRAM_BUILD_PHASES,BLD_PHASE_DESC,COMREF,AAI
PROJECT_CUSTOMERS,PLMNPID,"CUSTOMER, PRODUCT"," ",PROGRAM_CUSTOMERS,SHIP_TO_COUNTRY,COMREF,AAI
PROJECT_CUSTOMERS,PLMNPID,"CUSTOMER, PRODUCT"," ",PROGRAM_CUSTOMERS,SHIP_TO_PHONE,COMREF,AAI
PROJECT_CUSTOMERS,PLMNPID,"CUSTOMER, PRODUCT"," ",PROGRAM_CUSTOMERS,BILL_TO_PHONE,COMREF,AAI
PROJECT_CUSTOMERS,PLMNPID,"CUSTOMER, PRODUCT"," ",PROGRAM_CUSTOMERS,SHIP_TO_ADDRESS2,COMREF,AAI
PROJECT_CUSTOMERS,PLMNPID,"CUSTOMER, PRODUCT"," ",PROGRAM_CUSTOMERS,BILL2_COUNTRY,COMREF,AAI
PROJECT_CUSTOMERS,PLMNPID,"CUSTOMER, PRODUCT"," ",PROGRAM_CUSTOMERS,BILL_TO_TITLE_OF_CONTACT,COMREF,AAI
PROJECT_CUSTOMERS,PLMNPID,"CUSTOMER, PRODUCT"," ",PROGRAM_CUSTOMERS,CUSTOMER_NAME,COMREF,AAI
PROJECT_CUSTOMERS,PLMNPID,"CUSTOMER, PRODUCT"," ",PROGRAM_CUSTOMERS,SHIP_TO_CONTACT,COMREF,AAI
PROJECT_CUSTOMERS,PLMNPID,"CUSTOMER, PRODUCT"," ",PROGRAM_CUSTOMERS,CREATED_BY,COMREF,AAI
PROJECT_CUSTOMERS,PLMNPID,"CUSTOMER, PRODUCT"," ",PROGRAM_CUSTOMERS,COMMENTS,COMREF,AAI
PROJECT_CUSTOMERS,PLMNPID,"CUSTOMER, PRODUCT"," ",PROGRAM_CUSTOMERS,BILL_TO_CITY,COMREF,AAI
PROJECT_CUSTOMERS,PLMNPID,"CUSTOMER, PRODUCT"," "," "," ",COMREF,AAI
PROJECT_CUSTOMERS,PLMNPID,"CUSTOMER, PRODUCT"," ",PROGRAM_CUSTOMERS,SHIP_TO_ADDRESS1,COMREF,AAI
PROJECT_CUSTOMERS,PLMNPID,"CUSTOMER, PRODUCT"," ",PROGRAM_CUSTOMERS,BILL_TO_ZIP,COMREF,AAI
PROJECT_CUSTOMERS,PLMNPID,"CUSTOMER, PRODUCT"," ",PROGRAM_CUSTOMERS,BILL_TO_STATE,COMREF,AAI
PROJECT_CUSTOMERS,PLMNPID,"CUSTOMER, PRODUCT"," ",PROGRAM_CUSTOMERS,BILL_TO_CONTACT,COMREF,AAI
PROJECT_CUSTOMERS,PLMNPID,"CUSTOMER, PRODUCT"," ",PROGRAM_CUSTOMERS,DSN,COMREF,AAI
PROJECT_CUSTOMERS,PLMNPID,"CUSTOMER, PRODUCT"," ",PROGRAM_CUSTOMERS,SHIP_TO_STATE,COMREF,AAI
PROJECT_CUSTOMERS,PLMNPID,"CUSTOMER, PRODUCT"," ",PROGRAM_CUSTOMERS,UPDATED_BY,COMREF,AAI
PROJECT_CUSTOMERS,PLMNPID,"CUSTOMER, PRODUCT"," ",PROGRAM_CUSTOMERS,UPDATED_DATE,COMREF,AAI
PROJECT_CUSTOMERS,PLMNPID,"CUSTOMER, PRODUCT"," ",PROGRAM_CUSTOMERS,CREATED_DATE,COMREF,AAI
PROJECT_CUSTOMERS,PLMNPID,"CUSTOMER, PRODUCT"," ",PROGRAM_CUSTOMERS,BILL_TO_FAX,COMREF,AAI
PROJECT_CUSTOMERS,PLMNPID,"CUSTOMER, PRODUCT"," ",PROGRAM_CUSTOMERS,SHIP_TO_FAX,COMREF,AAI
PROJECT_CUSTOMERS,PLMNPID,"CUSTOMER, PRODUCT"," ",PROGRAM_CUSTOMERS,SHIP_TO_CITY,COMREF,AAI
PROJECT_CUSTOMERS,PLMNPID,"CUSTOMER, PRODUCT"," ",PROGRAM_CUSTOMERS,HDISDELETEDRECORD,COMREF,AAI
PROJECT_CUSTOMERS,PLMNPID,"CUSTOMER, PRODUCT"," ",PROGRAM_CUSTOMERS,PROGRAM_ID,COMREF,AAI
PROJECT_CUSTOMERS,PLMNPID,"CUSTOMER, PRODUCT"," ",PROGRAM_CUSTOMERS,CUSTOMER_CODE,COMREF,AAI
PROJECT_CUSTOMERS,PLMNPID,"CUSTOMER, PRODUCT"," ",PROGRAM_CUSTOMERS,BILL_TO_ADDRESS1,COMREF,AAI
PROJECT_CUSTOMERS,PLMNPID,"CUSTOMER, PRODUCT"," ",PROGRAM_CUSTOMERS,BILL_TO_ADDRESS2,COMREF,AAI
PROJECT_CUSTOMERS,PLMNPID,"CUSTOMER, PRODUCT"," ",PROGRAM_CUSTOMERS,SHIP_TO_TITLE_OF_CONTACT,COMREF,AAI
PROJECT_CUSTOMERS,PLMNPID,"CUSTOMER, PRODUCT"," ",PROGRAM_CUSTOMERS,SHIP_TO_ZIP,COMREF,AAI
PROJECT_CUSTOMERS,PLMNPID,"CUSTOMER, PRODUCT"," ",PROGRAM_CUSTOMERS,"DSN, PROGRAM_ID, CUSTOMER_CODE",COMREF,AAI
PROJECT_ENGINEERING_TEAM,PLMNPID,ENGINEERING," ",PROGRAM_ENGINEERING_TEAM,HDISDELETEDRECORD,COMREF,AAI
PROJECT_ENGINEERING_TEAM,PLMNPID,ENGINEERING," "," "," ",COMREF,AAI
PROJECT_ENGINEERING_TEAM,PLMNPID,ENGINEERING," ",PROGRAM_ENGINEERING_TEAM,CREATED_BY,COMREF,AAI
PROJECT_ENGINEERING_TEAM,PLMNPID,ENGINEERING," ",PROGRAM_ENGINEERING_TEAM,PROGRAM_ID,COMREF,AAI
PROJECT_ENGINEERING_TEAM,PLMNPID,ENGINEERING," ",PROGRAM_ENGINEERING_TEAM,UPDATED_BY,COMREF,AAI
PROJECT_ENGINEERING_TEAM,PLMNPID,ENGINEERING," ",PROGRAM_ENGINEERING_TEAM,DSN,COMREF,AAI
PROJECT_ENGINEERING_TEAM,PLMNPID,ENGINEERING," ",PROGRAM_ENGINEERING_TEAM,ENGINEERING_TEAM,COMREF,AAI
PROJECT_ENGINEERING_TEAM,PLMNPID,ENGINEERING," ",PROGRAM_ENGINEERING_TEAM,UPDATED_DATE,COMREF,AAI
PROJECT_ENGINEERING_TEAM,PLMNPID,ENGINEERING," ",PROGRAM_ENGINEERING_TEAM,GLOBAL_FLAG,COMREF,AAI
PROJECT_ENGINEERING_TEAM,PLMNPID,ENGINEERING," ",PROGRAM_ENGINEERING_TEAM,"DSN,PROGRAM_ID,ENGINEERING_TEAM_CODE",COMREF,AAI
PROJECT_ENGINEERING_TEAM,PLMNPID,ENGINEERING," ",PROGRAM_ENGINEERING_TEAM,CREATED_DATE,COMREF,AAI
PROJECT_ENGINEERING_TEAM,PLMNPID,ENGINEERING," ",PROGRAM_ENGINEERING_TEAM," ",COMREF,AAI
PROJECT_ENGINEERING_TEAM,PLMNPID,ENGINEERING," ",PROGRAM_ENGINEERING_TEAM,ENGINEERING_TEAM_CODE,COMREF,AAI
PROJECT_MILESTONE_ASSOCIATION,PLMNPID,ENGINEERING,,,,COMREF,AAI
PROJECT_MILESTONE_ASSOCIATION,PLMNPID,ENGINEERING,,PROGRAM_COMPONENT_MILESTONE,HDISDELETEDRECORD,COMREF,AAI
PROJECT_MILESTONE_ASSOCIATION,PLMNPID,ENGINEERING,,PROGRAM_COMPONENT_MILESTONE,PROGRAM_ID,COMREF,AAI
PROJECT_MILESTONE_ASSOCIATION,PLMNPID,ENGINEERING,,PROGRAM_COMPONENT_MILESTONE,UPDATED_BY,COMREF,AAI
PROJECT_MILESTONE_ASSOCIATION,PLMNPID,ENGINEERING,,PROGRAM_COMPONENT_MILESTONE,CREATED_BY,COMREF,AAI
PROJECT_MILESTONE_ASSOCIATION,PLMNPID,ENGINEERING,,PROGRAM_COMPONENT_MILESTONE,CREATED_DATE,COMREF,AAI
PROJECT_MILESTONE_ASSOCIATION,PLMNPID,ENGINEERING,,PROGRAM_COMPONENT_MILESTONE,UPDATED_DATE,COMREF,AAI
PROJECT_MILESTONE_ASSOCIATION,PLMNPID,ENGINEERING,,PROGRAM_COMPONENT_MILESTONE,COMPONENT_CODE,COMREF,AAI
PROJECT_MILESTONE_ASSOCIATION,PLMNPID,ENGINEERING,,PROGRAM_COMPONENT_MILESTONE,DSN,COMREF,AAI
PROJECT_MILESTONE_ASSOCIATION,PLMNPID,ENGINEERING,,PROGRAM_COMPONENT_MILESTONE,COMPONENT_DESC,COMREF,AAI
PROJECT_PRODUCT,PLMNPID,PRODUCT,,NPID_PROGRAM_COMPONENT,COMMENTS,COMREF,AAI
PROJECT_PRODUCT,PLMNPID,PRODUCT,,NPID_PROGRAM_OPTION,ACTIVE,COMREF,AAI
PROJECT_PRODUCT,PLMNPID,PRODUCT,,NPID_PROGRAM_COMPONENT,CREATED_BY,COMREF,AAI
PROJECT_PRODUCT,PLMNPID,PRODUCT,,NPID_PROGRAM_OPTION,HDISDELETEDRECORD,COMREF,AAI
PROJECT_PRODUCT,PLMNPID,PRODUCT,,NPID_PROGRAM_COMPONENT,uniq_desc,COMREF,AAI
PROJECT_PRODUCT,PLMNPID,PRODUCT,,NPID_PROGRAM_OPTION,UPDATED_DATE,COMREF,AAI
PROJECT_PRODUCT,PLMNPID,PRODUCT,,NPID_PROGRAM_COMPONENT,UPDATED_DATE,COMREF,AAI
PROJECT_PRODUCT,PLMNPID,PRODUCT,,NPID_PROGRAM_COMPONENT,ACTIVE,COMREF,AAI
PROJECT_PRODUCT,PLMNPID,PRODUCT,,NPID_PROGRAM_COMPONENT,HDISDELETEDRECORD,COMREF,AAI
PROJECT_PRODUCT,PLMNPID,PRODUCT,,"NPID_PROGRAM_COMPONENT , NPID_PROGRAM_CONFIGURATION , NPID_PROGRAM_OPTION",HDISDELETEDRECORD,COMREF,AAI
PROJECT_PRODUCT,PLMNPID,PRODUCT,,NPID_PROGRAM_COMPONENT,CREATED_DATE,COMREF,AAI
PROJECT_PRODUCT,PLMNPID,PRODUCT,,NPID_PROGRAM_COMPONENT,TOOLING_STATUS,COMREF,AAI
PROJECT_PRODUCT,PLMNPID,PRODUCT,,NPID_PROGRAM_COMPONENT,EFFECTIVE_DATE,COMREF,AAI
PROJECT_PRODUCT,PLMNPID,PRODUCT,,NPID_PROGRAM_CONFIGURATION,,COMREF,AAI
PROJECT_PRODUCT,PLMNPID,PRODUCT,,NPID_PROGRAM_COMPONENT,TOOLING_LEAD_TIME,COMREF,AAI
PROJECT_PRODUCT,PLMNPID,PRODUCT,,PROGRAM_ENGINEERING_TEAM,ENGINEERING_TEAM_CODE,COMREF,AAI
PROJECT_PRODUCT,PLMNPID,PRODUCT,,NPID_PROGRAM_CONFIGURATION,uniq_desc,COMREF,AAI
PROJECT_PRODUCT,PLMNPID,PRODUCT,,NPID_PROGRAM_COMPONENT,PURCHASED_FLAG,COMREF,AAI
PROJECT_PRODUCT,PLMNPID,PRODUCT,,NPID_PROGRAM_OPTION,UPDATED_BY,COMREF,AAI
PROJECT_PRODUCT,PLMNPID,PRODUCT,,NPID_PROGRAM_OPTION,OPTION_IDENTIFIER,COMREF,AAI
PROJECT_PRODUCT,PLMNPID,PRODUCT,,"NPID_PROGRAM_COMPONENT , NPID_PROGRAM_CONFIGURATION , NPID_PROGRAM_OPTION",SOURCE_ID,COMREF,AAI
PROJECT_PRODUCT,PLMNPID,PRODUCT,,NPID_PROGRAM_OPTION,PRODUCT_ID,COMREF,AAI
PROJECT_PRODUCT,PLMNPID,PRODUCT,,NPID_PROGRAM_CONFIGURATION,UPDATED_DATE,COMREF,AAI
PROJECT_PRODUCT,PLMNPID,PRODUCT,,NPID_PROGRAM_OPTION,,COMREF,AAI
PROJECT_PRODUCT,PLMNPID,PRODUCT,,NPID_PROGRAM_CONFIGURATION,UPDATED_BY,COMREF,AAI
PROJECT_PRODUCT,PLMNPID,PRODUCT,,NPID_PROGRAM_CONFIGURATION,UNIQUENESS,COMREF,AAI
PROJECT_PRODUCT,PLMNPID,PRODUCT,,NPID_PROGRAM_CONFIGURATION,PROGRAM_ID,COMREF,AAI
PROJECT_PRODUCT,PLMNPID,PRODUCT,,NPID_PROGRAM_CONFIGURATION,CREATED_BY,COMREF,AAI
PROJECT_PRODUCT,PLMNPID,PRODUCT,,"NPID_PROGRAM_COMPONENT , NPID_PROGRAM_CONFIGURATION , NPID_PROGRAM_OPTION",PRODUCT_ID,COMREF,AAI
PROJECT_PRODUCT,PLMNPID,PRODUCT,,NPID_PROGRAM_COMPONENT,,COMREF,AAI
PROJECT_PRODUCT,PLMNPID,PRODUCT,,"NPID_PROGRAM_COMPONENT , NPID_PROGRAM_CONFIGURATION , NPID_PROGRAM_OPTION",UPDATED_DATE,COMREF,AAI
PROJECT_PRODUCT,PLMNPID,PRODUCT,,"NPID_PROGRAM_COMPONENT , NPID_PROGRAM_CONFIGURATION , NPID_PROGRAM_OPTION",build_phase_code,COMREF,AAI
PROJECT_PRODUCT,PLMNPID,PRODUCT,,LIST_UNIQUENESS,uniq_desc,COMREF,AAI
PROJECT_PRODUCT,PLMNPID,PRODUCT,,"NPID_PROGRAM_COMPONENT, NPID_PROGRAM_OPTIONS",SUB_PROGRAM,COMREF,AAI
PROJECT_PRODUCT,PLMNPID,PRODUCT,,NPID_PROGRAM_COMPONENT,DESIGN_FOR_BUILD_PHASE,COMREF,AAI
PROJECT_PRODUCT,PLMNPID,PRODUCT,,NPID_PROGRAM_COMPONENT,TARGET_WEIGHT,COMREF,AAI
PROJECT_PRODUCT,PLMNPID,PRODUCT,,NPID_PROGRAM_COMPONENT,PROTOTYPE_WEIGHT,COMREF,AAI
PROJECT_PRODUCT,PLMNPID,PRODUCT,,NPID_PROGRAM_COMPONENT,PRODUCTION_WEIGHT,COMREF,AAI
PROJECT_PRODUCT,PLMNPID,PRODUCT,,NPID_PROGRAM_COMPONENT,CRITICAL_FLAG,COMREF,AAI
PROJECT_PRODUCT,PLMNPID,PRODUCT,,NPID_PROGRAM_COMPONENT,UNIQUENESS,COMREF,AAI
PROJECT_PRODUCT,PLMNPID,PRODUCT,,NPID_PROGRAM_COMPONENT,ENGINEERING_TEAM_CODE,COMREF,AAI
PROJECT_PRODUCT,PLMNPID,PRODUCT,,NPID_PROGRAM_CONFIGURATION,CONFIGURATION_NUMBER,COMREF,AAI
PROJECT_PRODUCT,PLMNPID,PRODUCT,,NPID_PROGRAM_COMPONENT,PRODUCTION_COST,COMREF,AAI
PROJECT_PRODUCT,PLMNPID,PRODUCT,,NPID_PROGRAM_COMPONENT,RACF_ID,COMREF,AAI
PROJECT_PRODUCT,PLMNPID,PRODUCT,,"NPID_PROGRAM_COMPONENT , NPID_PROGRAM_CONFIGURATION , NPID_PROGRAM_OPTION",UNIQUENESS,COMREF,AAI
PROJECT_PRODUCT,PLMNPID,PRODUCT,,"NPID_PROGRAM_COMPONENT , NPID_PROGRAM_CONFIGURATION , NPID_PROGRAM_OPTION",PROGRAM_ID,COMREF,AAI
PROJECT_PRODUCT,PLMNPID,PRODUCT,,NPID_PROGRAM_OPTION,CREATED_DATE,COMREF,AAI
PROJECT_PRODUCT,PLMNPID,PRODUCT,,NPID_PROGRAM_COMPONENT,SUB_PROGRAM,COMREF,AAI
PROJECT_PRODUCT,PLMNPID,PRODUCT,,NPID_PROGRAM_OPTION,PROGRAM_ID,COMREF,AAI
PROJECT_PRODUCT,PLMNPID,PRODUCT,,"NPID_PROGRAM_COMPONENT , NPID_PROGRAM_CONFIGURATION , NPID_PROGRAM_OPTIONS",,COMREF,AAI
PROJECT_PRODUCT,PLMNPID,PRODUCT,,NPID_PROGRAM_COMPONENT,SAMPLES_LEAD_TIME,COMREF,AAI
PROJECT_PRODUCT,PLMNPID,PRODUCT,,NPID_PROGRAM_COMPONENT,UPDATED_BY,COMREF,AAI
PROJECT_PRODUCT,PLMNPID,PRODUCT,,NPID_PROGRAM_COMPONENT,PROTOTYPE_LEAD_TIME,COMREF,AAI
PROJECT_PRODUCT,PLMNPID,PRODUCT,,NPID_PROGRAM_OPTION,EFFECTIVE_DATE,COMREF,AAI
PROJECT_PRODUCT,PLMNPID,PRODUCT,,NPID_PROGRAM_COMPONENT,SUPPLIER_LEAD_TIME,COMREF,AAI
PROJECT_PRODUCT,PLMNPID,PRODUCT,,NPID_PROGRAM_COMPONENT,COMPONENT_NUMBER,COMREF,AAI
PROJECT_PRODUCT,PLMNPID,PRODUCT,,NPID_PROGRAM_OPTION,OPTION_NUMBER​,COMREF,AAI
PROJECT_PRODUCT,PLMNPID,PRODUCT,,NPID_PROGRAM_COMPONENT,TECHNICAL_DESCRIPTION,COMREF,AAI
PROJECT_PRODUCT,PLMNPID,PRODUCT,,"NPID_PROGRAM_COMPONENT , NPID_PROGRAM_CONFIGURATION , NPID_PROGRAM_OPTION",ENGINEERING_TEAM_CODE,COMREF,AAI
PROJECT_PRODUCT,PLMNPID,PRODUCT,,NPID_PROGRAM_COMPONENT,READINESS_MANAGER,COMREF,AAI
PROJECT_PRODUCT,PLMNPID,PRODUCT,,NPID_PROGRAM_COMPONENT,PLANT_IN_HOUSE_PURCHASING_MGR,COMREF,AAI
PROJECT_PRODUCT,PLMNPID,PRODUCT,,NPID_PROGRAM_COMPONENT,PROGRAM_ID,COMREF,AAI
PROJECT_PRODUCT,PLMNPID,PRODUCT,,"NPID_PROGRAM_COMPONENT , NPID_PROGRAM_CONFIGURATION , NPID_PROGRAM_OPTION",UPDATED_BY,COMREF,AAI
PROJECT_PRODUCT,PLMNPID,PRODUCT,,NPID_PROGRAM_OPTION,ENGINEERING_TEAM_CODE,COMREF,AAI
PROJECT_PRODUCT,PLMNPID,PRODUCT,,NPID_PROGRAM_OPTION,build_phase_code,COMREF,AAI
PROJECT_PRODUCT,PLMNPID,PRODUCT,,NPID_PROGRAM_OPTION,uniq_desc,COMREF,AAI
PROJECT_PRODUCT,PLMNPID,PRODUCT,,NPID_PROGRAM_OPTION,SUB_PROGRAM,COMREF,AAI
PROJECT_PRODUCT,PLMNPID,PRODUCT,,NPID_PROGRAM_COMPONENT,OVERRIDE_WEIGHT_FLAG,COMREF,AAI
PROJECT_PRODUCT,PLMNPID,PRODUCT,,"NPID_PROGRAM_COMPONENT , NPID_PROGRAM_CONFIGURATION , NPID_PROGRAM_OPTION"," ",COMREF,AAI
PROJECT_PRODUCT,PLMNPID,PRODUCT,,NPID_PROGRAM_CONFIGURATION,HDISDELETEDRECORD,COMREF,AAI
PROJECT_PRODUCT,PLMNPID,PRODUCT,,NPID_PROGRAM_OPTIONS,OPTION_NUMBER​,COMREF,AAI
PROJECT_PRODUCT,PLMNPID,PRODUCT,,"NPID_PROGRAM_OPTIONS,NPID_PROGRAM_COMPONENT",ACTIVE,COMREF,AAI
PROJECT_PRODUCT,PLMNPID,PRODUCT,,NPID_PROGRAM_OPTIONS,OPTION_IDENTIFIER,COMREF,AAI
PROJECT_PRODUCT,PLMNPID,PRODUCT,,NPID_PROGRAM_COMPONENT,DESIGN_LEAD_TIME,COMREF,AAI
PROJECT_PRODUCT,PLMNPID,PRODUCT,,NPID_PROGRAM_COMPONENT,PROTOTYPE_COST,COMREF,AAI
PROJECT_PRODUCT,PLMNPID,PRODUCT,,NPID_PROGRAM_COMPONENT,TARGET_COST,COMREF,AAI
PROJECT_PRODUCT,PLMNPID,PRODUCT,,NPID_PROGRAM_COMPONENT,PRODUCTION_LEAD_TIME,COMREF,AAI
PROJECT_PRODUCT,PLMNPID,PRODUCT,,NPID_PROGRAM_OPTION,UNIQUENESS,COMREF,AAI
PROJECT_PRODUCT,PLMNPID,PRODUCT,,NPID_PROGRAM_OPTION,CREATED_BY,COMREF,AAI
PROJECT_PRODUCT,PLMNPID,PRODUCT,,"NPID_PROGRAM_COMPONENT , NPID_PROGRAM_CONFIGURATION , NPID_PROGRAM_OPTION",CREATED_DATE,COMREF,AAI
PROJECT_PRODUCT,PLMNPID,PRODUCT,,"NPID_PROGRAM_COMPONENT , NPID_PROGRAM_CONFIGURATION , NPID_PROGRAM_OPTION",CREATED_BY,COMREF,AAI
PROJECT_PRODUCT,PLMNPID,PRODUCT,,NPID_PROGRAM_CONFIGURATION,CREATED_DATE,COMREF,AAI
PROJECT_PRODUCT_PLANNING,PLMNPID,PRODUCT," ",PROGRAM_NOUN_NAMES_TBL,CREATED_BY,COMREF,AAI
PROJECT_PRODUCT_PLANNING,PLMNPID,PRODUCT," ",PROGRAM_NOUN_NAMES_TBL,TOOLING_PROD_LEAD,COMREF,AAI
PROJECT_PRODUCT_PLANNING,PLMNPID,PRODUCT," ",PROGRAM_NOUN_NAMES_TBL,SR_REV_PT_LEAD,COMREF,AAI
PROJECT_PRODUCT_PLANNING,PLMNPID,PRODUCT," ",PROGRAM_NOUN_NAMES_TBL,SR_REV_PROD_LEAD,COMREF,AAI
PROJECT_PRODUCT_PLANNING,PLMNPID,PRODUCT," ",PROGRAM_NOUN_NAMES_TBL,SHIPPING_PROD_LEAD,COMREF,AAI
PROJECT_PRODUCT_PLANNING,PLMNPID,PRODUCT," ",PROGRAM_NOUN_NAMES_TBL,SOURCE_RELEASE_LEAD,COMREF,AAI
PROJECT_PRODUCT_PLANNING,PLMNPID,PRODUCT," ",PROGRAM_NOUN_NAMES_TBL,INV_RECEIPT_PROD_LEAD,COMREF,AAI
PROJECT_PRODUCT_PLANNING,PLMNPID,PRODUCT," ",PROGRAM_NOUN_NAMES_TBL,UPDATED_ON,COMREF,AAI
PROJECT_PRODUCT_PLANNING,PLMNPID,PRODUCT,,PROGRAM_NOUN_NAMES_TBL,SAMPLE_LEAD,COMREF,AAI
PROJECT_PRODUCT_PLANNING,PLMNPID,PRODUCT," ",PROGRAM_NOUN_NAMES_TBL,UPDATED_BY,COMREF,AAI
PROJECT_PRODUCT_PLANNING,PLMNPID,PRODUCT," ",PROGRAM_NOUN_NAMES_TBL,INV_PT_LEAD,COMREF,AAI
PROJECT_PRODUCT_PLANNING,PLMNPID,PRODUCT," ",PROGRAM_NOUN_NAMES_TBL,PO_LEAD,COMREF,AAI
PROJECT_PRODUCT_PLANNING,PLMNPID,PRODUCT," ",PROGRAM_NOUN_NAMES_TBL,PO_PROD_LEAD,COMREF,AAI
PROJECT_PRODUCT_PLANNING,PLMNPID,PRODUCT," ",PROGRAM_NOUN_NAMES_TBL,NOUN_NAME,COMREF,AAI
PROJECT_PRODUCT_PLANNING,PLMNPID,PRODUCT," ",PROGRAM_NOUN_NAMES_TBL,ID_TYPE,COMREF,AAI
PROJECT_PRODUCT_PLANNING,PLMNPID,PRODUCT," ",PROGRAM_NOUN_NAMES_TBL,RFQ_LEAD,COMREF,AAI
PROJECT_PRODUCT_PLANNING,PLMNPID,PRODUCT," ",PROGRAM_NOUN_NAMES_TBL,SHIPPING_LEAD,COMREF,AAI
PROJECT_PRODUCT_PLANNING,PLMNPID,PRODUCT,,PROGRAM_NOUN_NAMES_TBL,PROTOTYPE_LEAD,COMREF,AAI
PROJECT_PRODUCT_PLANNING,PLMNPID,PRODUCT,,PROGRAM_NOUN_NAMES_TBL,TOOLING_LEAD,COMREF,AAI
PROJECT_PRODUCT_PLANNING,PLMNPID,PRODUCT," "," "," ",COMREF,AAI
PROJECT_PRODUCT_PLANNING,PLMNPID,PRODUCT," ",PROGRAM_NOUN_NAMES_TBL,CREATED_ON,COMREF,AAI
PROJECT_PRODUCT_PLANNING,PLMNPID,PRODUCT," ",PROGRAM_NOUN_NAMES_TBL,SR_PROD_LEAD,COMREF,AAI
PROJECT_PRODUCT_PLANNING,PLMNPID,PRODUCT," ",PROGRAM_NOUN_NAMES_TBL,PROGRAM_ID,COMREF,AAI
PROJECT_PRODUCT_PLANNING,PLMNPID,PRODUCT," ",LOOKUP_VALUES,LOOKUP_VALUE,COMREF,AAI
PROJECT_PRODUCT_PLANNING,PLMNPID,PRODUCT," ",PROGRAM_NOUN_NAMES_TBL,DSN,COMREF,AAI
PROJECT_PRODUCT_PLANNING,PLMNPID,PRODUCT," ",PROGRAM_NOUN_NAMES_TBL,"DSN, NOUN_NAME, ID_TYPE, PROGRAM_ID",COMREF,AAI
PROJECT_PRODUCT_PLANNING,PLMNPID,PRODUCT," ",PROGRAM_NOUN_NAMES_TBL,NOUN_NAME_TYPE,COMREF,AAI
PROJECT_PRODUCT_PLANNING,PLMNPID,PRODUCT," ",PROGRAM_NOUN_NAMES_TBL,RFQ_PROD_LEAD,COMREF,AAI
PROJECT_PRODUCT_PLANNING,PLMNPID,PRODUCT,,PROGRAM_NOUN_NAMES_TBL,PRODUCTION_LEAD,COMREF,AAI
PROJECT_PRODUCT_PLANNING,PLMNPID,PRODUCT," ",PROGRAM_NOUN_NAMES_TBL,HDISDELETEDRECORD,COMREF,AAI
PROJECT_PRODUCT_PLANNING,PLMNPID,PRODUCT,,PROGRAM_NOUN_NAMES_TBL,DESIGN_LEAD,COMREF,AAI
PROJECT_PROGRAM_NUMBER,PLMNPID,ENGINEERING," ",PROGRAM_PROJECT_NO,UPDATED_BY,COMREF,AAI
PROJECT_PROGRAM_NUMBER,PLMNPID,ENGINEERING," ",PROGRAM_PROJECT_NO,PROGRAM_ID,COMREF,AAI
PROJECT_PROGRAM_NUMBER,PLMNPID,ENGINEERING," ",PROGRAM_PROJECT_NO,CREATED_BY,COMREF,AAI
PROJECT_PROGRAM_NUMBER,PLMNPID,ENGINEERING," ",PROGRAM_PROJECT_NO,PPNO,COMREF,AAI
PROJECT_PROGRAM_NUMBER,PLMNPID,ENGINEERING," ",PROGRAM_PROJECT_NO,PROGRAM_LEADER,COMREF,AAI
PROJECT_PROGRAM_NUMBER,PLMNPID,ENGINEERING," ",PROGRAM_PROJECT_NO,DEPT_NO,COMREF,AAI
PROJECT_PROGRAM_NUMBER,PLMNPID,ENGINEERING," ",PROGRAM_PROJECT_NO,UPDATED_DATE,COMREF,AAI
PROJECT_PROGRAM_NUMBER,PLMNPID,ENGINEERING," ",PROGRAM_PROJECT_NO,HDISDELETEDRECORD,COMREF,AAI
PROJECT_PROGRAM_NUMBER,PLMNPID,ENGINEERING," ",PROGRAM_PROJECT_NO,CREATED_DATE,COMREF,AAI
PROJECT_PROGRAM_NUMBER,PLMNPID,ENGINEERING," ",PROGRAM_PROJECT_NO,PROGRAM_DESCRIPTION,COMREF,AAI
PROJECT_PROGRAM_NUMBER,PLMNPID,ENGINEERING," "," "," ",COMREF,AAI
PROJECT_PROGRAM_NUMBER,PLMNPID,ENGINEERING," ",PROGRAM_PROJECT_NO,"DSN, PROGRAM_ID, PPNO",COMREF,AAI
PROJECT_PROGRAM_NUMBER,PLMNPID,ENGINEERING," ",PROGRAM_PROJECT_NO,DSN,COMREF,AAI
PROJECT_SUPPLIER_BUILD_PHASE,PLMNPID,ENGINEERING,,PURCHASE_BUILD_PHASE_DATA,DSN,COMREF,AAI
PROJECT_SUPPLIER_BUILD_PHASE,PLMNPID,ENGINEERING,,PURCHASE_BUILD_PHASE_DATA,AIR_FREIGHT_COST,COMREF,AAI
PROJECT_SUPPLIER_BUILD_PHASE,PLMNPID,ENGINEERING,,PURCHASE_BUILD_PHASE_DATA,,COMREF,AAI
PROJECT_SUPPLIER_BUILD_PHASE,PLMNPID,ENGINEERING,,PURCHASE_BUILD_PHASE_DATA,CREATED_BY,COMREF,AAI
PROJECT_SUPPLIER_BUILD_PHASE,PLMNPID,ENGINEERING,,PURCHASE_BUILD_PHASE_DATA,DELIVERY_RISK,COMREF,AAI
PROJECT_SUPPLIER_BUILD_PHASE,PLMNPID,ENGINEERING,,PURCHASE_BUILD_PHASE_DATA,UPDATED_DATE,COMREF,AAI
PROJECT_SUPPLIER_BUILD_PHASE,PLMNPID,ENGINEERING,,LOOKUP_VALUES,LOOKUP_DESC,COMREF,AAI
PROJECT_SUPPLIER_BUILD_PHASE,PLMNPID,ENGINEERING,,,,COMREF,AAI
PROJECT_SUPPLIER_BUILD_PHASE,PLMNPID,ENGINEERING,,PURCHASE_BUILD_PHASE_DATA,HDISDELETEDRECORD,COMREF,AAI
PROJECT_SUPPLIER_BUILD_PHASE,PLMNPID,ENGINEERING,,PURCHASE_BUILD_PHASE_DATA,CREATED_DATE,COMREF,AAI
PROJECT_SUPPLIER_BUILD_PHASE,PLMNPID,ENGINEERING,,PURCHASE_BUILD_PHASE_DATA,SUPPLIER_TYPE,COMREF,AAI
PROJECT_SUPPLIER_BUILD_PHASE,PLMNPID,ENGINEERING,,PURCHASE_BUILD_PHASE_DATA,SUPPLIER_CODE,COMREF,AAI
PROJECT_SUPPLIER_BUILD_PHASE,PLMNPID,ENGINEERING,,PURCHASE_BUILD_PHASE_DATA,UPDATED_BY,COMREF,AAI
PROJECT_SUPPLIER_BUILD_PHASE,PLMNPID,ENGINEERING,,PURCHASE_BUILD_PHASE_DATA,PROBLEM_CODE,COMREF,AAI
PROJECT_SUPPLIER_BUILD_PHASE,PLMNPID,ENGINEERING,,PURCHASE_BUILD_PHASE_DATA,SPECIAL_CASE_PROBLEM_CODES,COMREF,AAI
PROJECT_SUPPLIER_BUILD_PHASE,PLMNPID,ENGINEERING,,PURCHASE_BUILD_PHASE_DATA,COMPONENT_NUMBER,COMREF,AAI
PROJECT_SUPPLIER_BUILD_PHASE,PLMNPID,ENGINEERING,,PURCHASE_BUILD_PHASE_DATA,SPECIAL_CASE_DELIVERY_RISK,COMREF,AAI
PROJECT_SUPPLIER_BUILD_PHASE,PLMNPID,ENGINEERING,,PURCHASE_BUILD_PHASE_DATA,PROGRAM_ID,COMREF,AAI
PROJECT_SUPPLIER_BUILD_PHASE,PLMNPID,ENGINEERING,,PURCHASE_BUILD_PHASE_DATA,SUPPLIER_TOOL,COMREF,AAI
PROJECT_SUPPLIER_BUILD_PHASE,PLMNPID,ENGINEERING,,PURCHASE_BUILD_PHASE_DATA,SUPPLIER_PROCESS,COMREF,AAI
PROJECT_SUPPLIER_BUILD_PHASE,PLMNPID,ENGINEERING,,PURCHASE_BUILD_PHASE_DATA,BUILD_PHASE,COMREF,AAI
PROJECT_TEST_CATEGORY,PLMNPID,ALL,,ENGINE_TEST_CATEGORY,DSN,COMREF,AAI
PROJECT_TEST_CATEGORY,PLMNPID,ALL,,ENGINE_TEST_CATEGORY,TEST_CODE,COMREF,AAI
PROJECT_TEST_CATEGORY,PLMNPID,ALL,,,,COMREF,AAI
PROJECT_TEST_CATEGORY,PLMNPID,ALL,,ENGINE_TEST_CATEGORY,UPDATED_DATE,COMREF,AAI
PROJECT_TEST_CATEGORY,PLMNPID,ALL,,ENGINE_TEST_CATEGORY,CREATED_BY,COMREF,AAI
PROJECT_TEST_CATEGORY,PLMNPID,ALL,,ENGINE_TEST_CATEGORY,PROGRAM_ID,COMREF,AAI
PROJECT_TEST_CATEGORY,PLMNPID,ALL,,ENGINE_TEST_CATEGORY,UPDATED_BY,COMREF,AAI
PROJECT_TEST_CATEGORY,PLMNPID,ALL,,ENGINE_TEST_CATEGORY,GLOBAL,COMREF,AAI
PROJECT_TEST_CATEGORY,PLMNPID,ALL,,ENGINE_TEST_CATEGORY,SPARE_TYPE,COMREF,AAI
PROJECT_TEST_CATEGORY,PLMNPID,ALL,,ENGINE_TEST_CATEGORY,CREATED_DATE,COMREF,AAI
PROJECT_TEST_CATEGORY,PLMNPID,ALL,,ENGINE_TEST_CATEGORY,,COMREF,AAI
PROJECT_TEST_CATEGORY,PLMNPID,ALL,,ENGINE_TEST_CATEGORY,DESCRIPTION,COMREF,AAI
PROJECT_TEST_CATEGORY,PLMNPID,ALL,,ENGINE_TEST_CATEGORY,HDISDELETEDRECORD,COMREF,AAI
SHOP_ORDER,PLMNPID,"ENGINEERING,SERVICE",,SHOP_ORDER,PEAKED_TORQUE,COMREF,AAI
SHOP_ORDER,PLMNPID,"ENGINEERING,SERVICE",,SHOP_ORDER,RATED_POWER,COMREF,AAI
SHOP_ORDER,PLMNPID,"ENGINEERING,SERVICE",,SHOP_ORDER,SPECIFICATION_SENT_TO_PLANT,COMREF,AAI
SHOP_ORDER,PLMNPID,"ENGINEERING,SERVICE",,SHOP_ORDER,PROGRAM_IDENTIFIER,COMREF,AAI
SHOP_ORDER,PLMNPID,"ENGINEERING,SERVICE",,SHOP_ORDER,CREATED_DATE,COMREF,AAI
SHOP_ORDER,PLMNPID,"ENGINEERING,SERVICE",,SHOP_ORDER,CONFIGURATION_NUMBER,COMREF,AAI
SHOP_ORDER,PLMNPID,"ENGINEERING,SERVICE",,SHOP_ORDER,SPECIFICATION_READY,COMREF,AAI
SHOP_ORDER,PLMNPID,"ENGINEERING,SERVICE",,SHOP_ORDER,DSN,COMREF,AAI
SHOP_ORDER,PLMNPID,"ENGINEERING,SERVICE",,SHOP_ORDER,CREATED_BY,COMREF,AAI
SHOP_ORDER,PLMNPID,"ENGINEERING,SERVICE",,SHOP_ORDER,HDISDELETEDRECORD,COMREF,AAI
SHOP_ORDER,PLMNPID,"ENGINEERING,SERVICE",,SHOP_ORDER,PLANT_SHOP_ORDER_NUMBER,COMREF,AAI
SHOP_ORDER,PLMNPID,"ENGINEERING,SERVICE",,SHOP_ORDER,UPDATED_DATE,COMREF,AAI
SHOP_ORDER,PLMNPID,"ENGINEERING,SERVICE",,SHOP_ORDER,SHOP_ORDER_NUMBER,COMREF,AAI
SHOP_ORDER,PLMNPID,"ENGINEERING,SERVICE",,SHOP_ORDER,UPDATED_BY,COMREF,AAI
SHOP_ORDER,PLMNPID,"ENGINEERING,SERVICE",,SHOP_ORDER,COMMENTS,COMREF,AAI
SHOP_ORDER,PLMNPID,"ENGINEERING,SERVICE",,,,COMREF,AAI
SHOP_ORDER,PLMNPID,"ENGINEERING,SERVICE",,SHOP_ORDER,BUILD_PHASE_CODE,COMREF,AAI
SHOP_ORDER,PLMNPID,"ENGINEERING,SERVICE",,SHOP_ORDER,PRIMARY_PLANT_LOCATION,COMREF,AAI
SHOP_ORDER,PLMNPID,"ENGINEERING,SERVICE",,SHOP_ORDER,STATUS,COMREF,AAI
SHOP_ORDER,PLMNPID,"ENGINEERING,SERVICE",,SHOP_ORDER,,COMREF,AAI
SHOP_ORDER,PLMNPID,"ENGINEERING,SERVICE",,SHOP_ORDER,RACF_ID,COMREF,AAI
SHOP_ORDER_ENGINE,PLMNPID,"ENGINEERING,SERVICE"," ",SHOP_ORDER_ENGINE,CREATED_DATE,COMREF,AAI
SHOP_ORDER_ENGINE,PLMNPID,"ENGINEERING,SERVICE"," ",SHOP_ORDER_ENGINE,RACF_ID,COMREF,AAI
SHOP_ORDER_ENGINE,PLMNPID,"ENGINEERING,SERVICE"," ",SHOP_ORDER_ENGINE,"DSN, SHOP_ORDER_NUMBER, ENGINE_NUMBER",COMREF,AAI
SHOP_ORDER_ENGINE,PLMNPID,"ENGINEERING,SERVICE"," "," "," ",COMREF,AAI
SHOP_ORDER_ENGINE,PLMNPID,"ENGINEERING,SERVICE"," ",SHOP_ORDER_ENGINE,QUANTITY,COMREF,AAI
SHOP_ORDER_ENGINE,PLMNPID,"ENGINEERING,SERVICE"," ",SHOP_ORDER_ENGINE,ESN,COMREF,AAI
SHOP_ORDER_ENGINE,PLMNPID,"ENGINEERING,SERVICE"," ",SHOP_ORDER_ENGINE,STATUS,COMREF,AAI
SHOP_ORDER_ENGINE,PLMNPID,"ENGINEERING,SERVICE",,SHOP_ORDER_ENGINE,REQUESTED_DELIVERY_DATE,COMREF,AAI
SHOP_ORDER_ENGINE,PLMNPID,"ENGINEERING,SERVICE"," ",SHOP_ORDER_ENGINE,PLANNED_DATE,COMREF,AAI
SHOP_ORDER_ENGINE,PLMNPID,"ENGINEERING,SERVICE"," ",SHOP_ORDER_ENGINE,COMMENTS,COMREF,AAI
SHOP_ORDER_ENGINE,PLMNPID,"ENGINEERING,SERVICE"," ",SHOP_ORDER_ENGINE,ACTUAL_DATE,COMREF,AAI
SHOP_ORDER_ENGINE,PLMNPID,"ENGINEERING,SERVICE"," ",SHOP_ORDER_ENGINE,CREATED_BY,COMREF,AAI
SHOP_ORDER_ENGINE,PLMNPID,"ENGINEERING,SERVICE",,SHOP_ORDER_ENGINE,PRIORITY,COMREF,AAI
SHOP_ORDER_ENGINE,PLMNPID,"ENGINEERING,SERVICE"," ",SHOP_ORDER_ENGINE,SHIPMENT_TRACKING,COMREF,AAI
SHOP_ORDER_ENGINE,PLMNPID,"ENGINEERING,SERVICE"," ",SHOP_ORDER_ENGINE,SHIPMENT_DATE,COMREF,AAI
SHOP_ORDER_ENGINE,PLMNPID,"ENGINEERING,SERVICE"," ",SHOP_ORDER_ENGINE,ENGINE_NUMBER,COMREF,AAI
SHOP_ORDER_ENGINE,PLMNPID,"ENGINEERING,SERVICE",,SHOP_ORDER_ENGINE,CUSTOMER_CODE,COMREF,AAI
SHOP_ORDER_ENGINE,PLMNPID,"ENGINEERING,SERVICE"," ",SHOP_ORDER_ENGINE,UPDATED_BY,COMREF,AAI
SHOP_ORDER_ENGINE,PLMNPID,"ENGINEERING,SERVICE"," ",SHOP_ORDER_ENGINE,UPDATED_DATE,COMREF,AAI
SHOP_ORDER_ENGINE,PLMNPID,"ENGINEERING,SERVICE"," ",SHOP_ORDER_ENGINE,HDISDELETEDRECORD,COMREF,AAI
SHOP_ORDER_ENGINE,PLMNPID,"ENGINEERING,SERVICE"," "," ",,COMREF,AAI
SHOP_ORDER_ENGINE,PLMNPID,"ENGINEERING,SERVICE"," ",SHOP_ORDER_ENGINE,DSN,COMREF,AAI
SHOP_ORDER_ENGINE,PLMNPID,"ENGINEERING,SERVICE"," ",SHOP_ORDER_ENGINE,SHOP_ORDER_NUMBER,COMREF,AAI
SHOP_ORDER_ENGINE,PLMNPID,"ENGINEERING,SERVICE",,SHOP_ORDER_ENGINE,SALES_ORDER,COMREF,AAI
SHOP_ORDER_ENGINE_DEVIATION,PLMNPID,"ENGINEERING,SERVICE"," ",SHOP_ORDER_ENGINE_DEVIATION,CREATED_BY,COMREF,AAI
SHOP_ORDER_ENGINE_DEVIATION,PLMNPID,"ENGINEERING,SERVICE"," ",SHOP_ORDER_ENGINE_DEVIATION,IDENTIFIER_TYPE,COMREF,AAI
SHOP_ORDER_ENGINE_DEVIATION,PLMNPID,"ENGINEERING,SERVICE",,,,COMREF,AAI
SHOP_ORDER_ENGINE_DEVIATION,PLMNPID,"ENGINEERING,SERVICE"," ",SHOP_ORDER_ENGINE_DEVIATION,IDENTIFIER,COMREF,AAI
SHOP_ORDER_ENGINE_DEVIATION,PLMNPID,"ENGINEERING,SERVICE"," ",SHOP_ORDER_ENGINE_DEVIATION,SHOP_ORDER_NUMBER,COMREF,AAI
SHOP_ORDER_ENGINE_DEVIATION,PLMNPID,"ENGINEERING,SERVICE"," ",SHOP_ORDER_ENGINE_DEVIATION,UPDATED_DATE,COMREF,AAI
SHOP_ORDER_ENGINE_DEVIATION,PLMNPID,"ENGINEERING,SERVICE"," "," "," ",COMREF,AAI
SHOP_ORDER_ENGINE_DEVIATION,PLMNPID,"ENGINEERING,SERVICE"," ",SHOP_ORDER_ENGINE_DEVIATION,COMMENTS,COMREF,AAI
SHOP_ORDER_ENGINE_DEVIATION,PLMNPID,"ENGINEERING,SERVICE"," ",SHOP_ORDER_ENGINE_DEVIATION,UPDATED_BY,COMREF,AAI
SHOP_ORDER_ENGINE_DEVIATION,PLMNPID,"ENGINEERING,SERVICE"," ",SHOP_ORDER_ENGINE_DEVIATION,OPTION_REPLACED_IDENTIFIER,COMREF,AAI
SHOP_ORDER_ENGINE_DEVIATION,PLMNPID,"ENGINEERING,SERVICE"," ",SHOP_ORDER_ENGINE_DEVIATION,CREATED_DATE,COMREF,AAI
SHOP_ORDER_ENGINE_DEVIATION,PLMNPID,"ENGINEERING,SERVICE"," ",SHOP_ORDER_ENGINE_DEVIATION,DEVIATION_TYPE,COMREF,AAI
SHOP_ORDER_ENGINE_DEVIATION,PLMNPID,"ENGINEERING,SERVICE"," ",SHOP_ORDER_ENGINE_DEVIATION,HDISDELETEDRECORD,COMREF,AAI
SHOP_ORDER_ENGINE_DEVIATION,PLMNPID,"ENGINEERING,SERVICE"," ",SHOP_ORDER_ENGINE_DEVIATION,OPTION_IDENTIFIER,COMREF,AAI
SHOP_ORDER_ENGINE_DEVIATION,PLMNPID,"ENGINEERING,SERVICE"," ",SHOP_ORDER_ENGINE_DEVIATION,"SHOP_ORDER_NUMBER, ENGINE_NUMBER, IDENTIFIER_TYPE, IDENTIFIER",COMREF,AAI
SHOP_ORDER_ENGINE_DEVIATION,PLMNPID,"ENGINEERING,SERVICE"," ",SHOP_ORDER_ENGINE_DEVIATION,CHANGE_QUANTITY,COMREF,AAI
SHOP_ORDER_ENGINE_DEVIATION,PLMNPID,"ENGINEERING,SERVICE"," ",SHOP_ORDER_ENGINE_DEVIATION,DSN,COMREF,AAI
SHOP_ORDER_ENGINE_DEVIATION,PLMNPID,"ENGINEERING,SERVICE"," ",SHOP_ORDER_ENGINE_DEVIATION,ENGINE_NUMBER,COMREF,AAI
SHOP_ORDER_ENGINE_SERIAL_NUMBER,PLMNPID,ENGINEERING," ",SHOP_ORDER_ENGINE_SERIAL_NO,SERIAL_NUMBER,COMREF,AAI
SHOP_ORDER_ENGINE_SERIAL_NUMBER,PLMNPID,ENGINEERING," ",SHOP_ORDER_ENGINE_SERIAL_NO,CREATED_DATE,COMREF,AAI
SHOP_ORDER_ENGINE_SERIAL_NUMBER,PLMNPID,ENGINEERING," ",SHOP_ORDER_ENGINE_SERIAL_NO,SHOP_ORDER_NUMBER,COMREF,AAI
SHOP_ORDER_ENGINE_SERIAL_NUMBER,PLMNPID,ENGINEERING," ",SHOP_ORDER_ENGINE_SERIAL_NO,SERIAL_NUMBER_TYPE,COMREF,AAI
SHOP_ORDER_ENGINE_SERIAL_NUMBER,PLMNPID,ENGINEERING," ",SHOP_ORDER_ENGINE_SERIAL_NO,"SHOP_ORDER_NUMBER, ENGINE_NUMBER",COMREF,AAI
SHOP_ORDER_ENGINE_SERIAL_NUMBER,PLMNPID,ENGINEERING," ",SHOP_ORDER_ENGINE_SERIAL_NO,"DSN, SHOP_ORDER_NUMBER, ENGINE_NUMBER, SERIAL_NUMBER_TYPE",COMREF,AAI
SHOP_ORDER_ENGINE_SERIAL_NUMBER,PLMNPID,ENGINEERING," ",SHOP_ORDER_ENGINE_SERIAL_NO,CREATED_BY,COMREF,AAI
SHOP_ORDER_ENGINE_SERIAL_NUMBER,PLMNPID,ENGINEERING," ",SHOP_ORDER_ENGINE_SERIAL_NO,UPDATED_DATE,COMREF,AAI
SHOP_ORDER_ENGINE_SERIAL_NUMBER,PLMNPID,ENGINEERING," ",SHOP_ORDER_ENGINE_SERIAL_NO,DSN,COMREF,AAI
SHOP_ORDER_ENGINE_SERIAL_NUMBER,PLMNPID,ENGINEERING," ",SHOP_ORDER_ENGINE_SERIAL_NO,UPDATED_BY,COMREF,AAI
SHOP_ORDER_ENGINE_SERIAL_NUMBER,PLMNPID,ENGINEERING," ",SHOP_ORDER_ENGINE_SERIAL_NO,HDISDELETEDRECORD,COMREF,AAI
SHOP_ORDER_ENGINE_SERIAL_NUMBER,PLMNPID,ENGINEERING," "," "," ",COMREF,AAI
SHOP_ORDER_ENGINE_SERIAL_NUMBER,PLMNPID,ENGINEERING," ",SHOP_ORDER_ENGINE_SERIAL_NO,ENGINE_NUMBER,COMREF,AAI
SHOP_ORDER_OPTION,PLMNPID,ENGINEERING,,SHOP_ORDER_OPTION,UPDATED_DATE,COMREF,AAI
SHOP_ORDER_OPTION,PLMNPID,ENGINEERING,,SHOP_ORDER_OPTION,DSN,COMREF,AAI
SHOP_ORDER_OPTION,PLMNPID,ENGINEERING,,SHOP_ORDER_OPTION,CREATED_DATE,COMREF,AAI
SHOP_ORDER_OPTION,PLMNPID,ENGINEERING,,,,COMREF,AAI
SHOP_ORDER_OPTION,PLMNPID,ENGINEERING,,SHOP_ORDER_OPTION,SHOP_ORDER_NUMBER,COMREF,AAI
SHOP_ORDER_OPTION,PLMNPID,ENGINEERING,,SHOP_ORDER_OPTION,CREATED_BY,COMREF,AAI
SHOP_ORDER_OPTION,PLMNPID,ENGINEERING,,SHOP_ORDER_OPTION,,COMREF,AAI
SHOP_ORDER_OPTION,PLMNPID,ENGINEERING,,SHOP_ORDER_OPTION,OPTION_IDENTIFIER,COMREF,AAI
SHOP_ORDER_OPTION,PLMNPID,ENGINEERING,,SHOP_ORDER_OPTION,HDISDELETEDRECORD,COMREF,AAI
SHOP_ORDER_OPTION,PLMNPID,ENGINEERING,,SHOP_ORDER_OPTION,UPDATED_BY,COMREF,AAI
SUPPLIER,PLMNPID,SUPPLIER,SUPPLIER,SUPPLIER,PROGRAM_IDENTIFIER,COMREF,AAI
SUPPLIER,PLMNPID,SUPPLIER,SUPPLIER,SUPPLIER,SOURCE_COUNTRY,COMREF,AAI
SUPPLIER,PLMNPID,SUPPLIER,SUPPLIER,SUPPLIER,ADDRESS,COMREF,AAI
SUPPLIER,PLMNPID,SUPPLIER,SUPPLIER,SUPPLIER,CREATED_DATE,COMREF,AAI
SUPPLIER,PLMNPID,SUPPLIER,SUPPLIER,SUPPLIER,PHONE_NUMBER,COMREF,AAI
SUPPLIER,PLMNPID,SUPPLIER,SUPPLIER,SUPPLIER,SUPPLIER_CODE,COMREF,AAI
SUPPLIER,PLMNPID,SUPPLIER,SUPPLIER,SUPPLIER,DSN,COMREF,AAI
SUPPLIER,PLMNPID,SUPPLIER,SUPPLIER,SUPPLIER,"DSN, SUPPLIER_CODE",COMREF,AAI
SUPPLIER,PLMNPID,SUPPLIER,SUPPLIER,SUPPLIER,SUPPLIER_TYPE_CODE,COMREF,AAI
SUPPLIER,PLMNPID,SUPPLIER,SUPPLIER,SUPPLIER,UPDATED_BY,COMREF,AAI
SUPPLIER,PLMNPID,SUPPLIER,SUPPLIER,SUPPLIER,CREATED_BY,COMREF,AAI
SUPPLIER,PLMNPID,SUPPLIER,SUPPLIER," ",,COMREF,AAI
SUPPLIER,PLMNPID,SUPPLIER,SUPPLIER,SUPPLIER,UPDATED_DATE,COMREF,AAI
SUPPLIER,PLMNPID,SUPPLIER,SUPPLIER,SUPPLIER,NAME,COMREF,AAI
SUPPLIER,PLMNPID,SUPPLIER,SUPPLIER,SUPPLIER,HDISDELETEDRECORD,COMREF,AAI
SUPPLIER,PLMNPID,SUPPLIER,SUPPLIER," "," ",COMREF,AAI
SUPPLIER_SITE,PLMNPID,SUPPLIER,SUPPLIER_SITE,SUPPLIER_CONTACT_INFO,CREATED_DATE,COMREF,AAI
SUPPLIER_SITE,PLMNPID,SUPPLIER,SUPPLIER_SITE,SUPPLIER_CONTACT_INFO,SUPPLIER_CONTACT_ID,COMREF,AAI
SUPPLIER_SITE,PLMNPID,SUPPLIER,SUPPLIER_SITE,SUPPLIER_CONTACT_INFO,EMAIL_ADDRESS,COMREF,AAI
SUPPLIER_SITE,PLMNPID,SUPPLIER,SUPPLIER_SITE,SUPPLIER_CONTACT_INFO,SUPPLIER_CODE,COMREF,AAI
SUPPLIER_SITE,PLMNPID,SUPPLIER,SUPPLIER_SITE,SUPPLIER_CONTACT_INFO,PHONE_NUMBER,COMREF,AAI
SUPPLIER_SITE,PLMNPID,SUPPLIER,SUPPLIER_SITE,SUPPLIER_CONTACT_INFO,UPDATED_DATE,COMREF,AAI
SUPPLIER_SITE,PLMNPID,SUPPLIER,SUPPLIER_SITE,SUPPLIER_CONTACT_INFO,HDISDELETEDRECORD,COMREF,AAI
SUPPLIER_SITE,PLMNPID,SUPPLIER,SUPPLIER_SITE,,,COMREF,AAI
SUPPLIER_SITE,PLMNPID,SUPPLIER,SUPPLIER_SITE,SUPPLIER_CONTACT_INFO,PROGRAM_IDENTIFIER,COMREF,AAI
SUPPLIER_SITE,PLMNPID,SUPPLIER,SUPPLIER_SITE,SUPPLIER_CONTACT_INFO,CREATED_BY,COMREF,AAI
SUPPLIER_SITE,PLMNPID,SUPPLIER,SUPPLIER_SITE,SUPPLIER_CONTACT_INFO,DSN,COMREF,AAI
SUPPLIER_SITE,PLMNPID,SUPPLIER,SUPPLIER_SITE,SUPPLIER_CONTACT_INFO,"DSN, SUPPLIER_CONTACT_ID",COMREF,AAI
SUPPLIER_SITE,PLMNPID,SUPPLIER,SUPPLIER_SITE,SUPPLIER_CONTACT_INFO,UPDATED_BY,COMREF,AAI
SUPPLIER_SITE,PLMNPID,SUPPLIER,SUPPLIER_SITE," "," ",COMREF,AAI
SUPPLIER_SITE,PLMNPID,SUPPLIER,SUPPLIER_SITE,SUPPLIER_CONTACT_INFO,CONTACT_PERSON,COMREF,AAI
SUPPLIER_SITE,PLMNPID,SUPPLIER,SUPPLIER_SITE,SUPPLIER_CONTACT_INFO,"DSN, SUPPLIER_CODE",COMREF,AAI
SUPPLIER_DIVERSITY,PURDIVERSITY,SUPPLIER,,SUPPLIER_DIVERSITY,PRIMARY,COMREF,AAI
SUPPLIER_DIVERSITY,PURDIVERSITY,SUPPLIER," ",SUPPLIER_DIVERSITY,REGION,COMREF,AAI
SUPPLIER_DIVERSITY,PURDIVERSITY,SUPPLIER," ",SUPPLIER_DIVERSITY,PRIMARY_DIVERSITY_TYPE,COMREF,AAI
SUPPLIER_DIVERSITY,PURDIVERSITY,SUPPLIER," ",SUPPLIER_DIVERSITY,DATA_SOURCE,COMREF,AAI
SUPPLIER_DIVERSITY,PURDIVERSITY,SUPPLIER," ",SUPPLIER_DIVERSITY,SUPPLIER_NAME,COMREF,AAI
SUPPLIER_DIVERSITY,PURDIVERSITY,SUPPLIER," ",SUPPLIER_DIVERSITY,DIVERSITY_TYPE,COMREF,AAI
SUPPLIER_DIVERSITY,PURDIVERSITY,SUPPLIER,,SUPPLIER_DIVERSITY,MINORITY_TYPE,COMREF,AAI
SUPPLIER_DIVERSITY,PURDIVERSITY,SUPPLIER," ",SUPPLIER_DIVERSITY,DIVERSE,COMREF,AAI
SUPPLIER_DIVERSITY,PURDIVERSITY,SUPPLIER," ",SUPPLIER_DIVERSITY,DSN,COMREF,AAI
SUPPLIER_DIVERSITY,PURDIVERSITY,SUPPLIER," ",SUPPLIER_DIVERSITY,DATA_SOURCE+SUPPLIER_NUMBER,COMREF,AAI
SUPPLIER_DIVERSITY,PURDIVERSITY,SUPPLIER," ",SUPPLIER_DIVERSITY,COUNTRY,COMREF,AAI
SUPPLIER_DIVERSITY,PURDIVERSITY,SUPPLIER,,SUPPLIER_DIVERSITY,HDISDELETEDRECORD,COMREF,AAI
SUPPLIER_DIVERSITY,PURDIVERSITY,SUPPLIER,,SUPPLIER_DIVERSITY,EXPIRATION_DATE_IF_CERTIFIED,COMREF,AAI
SUPPLIER_DIVERSITY,PURDIVERSITY,SUPPLIER,,SUPPLIER_DIVERSITY,DIVERSITY_FLAG,COMREF,AAI
SUPPLIER_DIVERSITY,PURDIVERSITY,SUPPLIER," ",SUPPLIER_DIVERSITY,BDR,COMREF,AAI
SUPPLIER_DIVERSITY,PURDIVERSITY,SUPPLIER," ",SUPPLIER_DIVERSITY,"DSN, DATA_SOURCE, SUPPLIER_NUMBER, COUNTRY, DIVERSITY_TYPE, PRIMARY_DIVERSITY_TYPE",COMREF,AAI
SUPPLIER_DIVERSITY,PURDIVERSITY,SUPPLIER,,SUPPLIER_DIVERSITY,START_DATE_IF_CERTIFIED,COMREF,AAI
SUPPLIER_DIVERSITY,PURDIVERSITY,SUPPLIER,,,,COMREF,AAI
SUPPLIER_DIVERSITY,PURDIVERSITY,SUPPLIER," ",SUPPLIER_DIVERSITY,SUPPLIER_NUMBER,COMREF,AAI
PURCHASE_RESOURCE_MAP,PURRESOURCE,PRODUCT," ",PURCHASE_RESOURCE_MAP,CATEGORY_3_LEADER,COMREF,AAI
PURCHASE_RESOURCE_MAP,PURRESOURCE,PRODUCT," ",PURCHASE_RESOURCE_MAP,CATEGORY_2_AREA,COMREF,AAI
PURCHASE_RESOURCE_MAP,PURRESOURCE,PRODUCT,,,,COMREF,AAI
PURCHASE_RESOURCE_MAP,PURRESOURCE,PRODUCT," ",PURCHASE_RESOURCE_MAP,SNOWFLAKE_CREATEDDTM,COMREF,AAI
PURCHASE_RESOURCE_MAP,PURRESOURCE,PRODUCT," ",PURCHASE_RESOURCE_MAP,CAT4_PRN,COMREF,AAI
PURCHASE_RESOURCE_MAP,PURRESOURCE,PRODUCT," ",PURCHASE_RESOURCE_MAP,SNOWFLAKE_MODIFIEDDTM,COMREF,AAI
PURCHASE_RESOURCE_MAP,PURRESOURCE,PRODUCT," ",PURCHASE_RESOURCE_MAP,CATEGORY_4_MANAGER_NAME,COMREF,AAI
PURCHASE_RESOURCE_MAP,PURRESOURCE,PRODUCT," ",PURCHASE_RESOURCE_MAP,CATEGORY_2_LEADER_WWID,COMREF,AAI
PURCHASE_RESOURCE_MAP,PURRESOURCE,PRODUCT," ",PURCHASE_RESOURCE_MAP,CATEGORY_3_LEADER_WWID,COMREF,AAI
PURCHASE_RESOURCE_MAP,PURRESOURCE,PRODUCT," ",PURCHASE_RESOURCE_MAP,CATEGORY_3_GROUP,COMREF,AAI
PURCHASE_RESOURCE_MAP,PURRESOURCE,PRODUCT," ",PURCHASE_RESOURCE_MAP,CATEGORY_4_TEAM,COMREF,AAI
PURCHASE_RESOURCE_MAP,PURRESOURCE,PRODUCT," ",PURCHASE_RESOURCE_MAP,CAT2_PRN,COMREF,AAI
PURCHASE_RESOURCE_MAP,PURRESOURCE,PRODUCT," ",PURCHASE_RESOURCE_MAP,CATEGORY_4_MANAGER_WWID,COMREF,AAI
PURCHASE_RESOURCE_MAP,PURRESOURCE,PRODUCT," "," "," ",COMREF,AAI
PURCHASE_RESOURCE_MAP,PURRESOURCE,PRODUCT," ",PURCHASE_RESOURCE_MAP,CATEGORY_1_DIVISION,COMREF,AAI
PURCHASE_RESOURCE_MAP,PURRESOURCE,PRODUCT," ",PURCHASE_RESOURCE_MAP,CATEGORY_2_LEADER,COMREF,AAI
PRODUCT_CERTIFICATE_STATUS,PURUSMCA,PRODUCT," ",USMCA,CERTIFICATE,COMREF,SCBI
PRODUCT_CERTIFICATE_STATUS,PURUSMCA,PRODUCT," ",USMCA,PRIMARY CONTACT,COMREF,SCBI
PRODUCT_CERTIFICATE_STATUS,PURUSMCA,PRODUCT," ",USMCA,DSN,COMREF,SCBI
PRODUCT_CERTIFICATE_STATUS,PURUSMCA,PRODUCT," ",USMCA,HDISDELETEDRECORD,COMREF,SCBI
PRODUCT_CERTIFICATE_STATUS,PURUSMCA,PRODUCT," ",USMCA,SUPPLIER NAME,COMREF,SCBI
PRODUCT_CERTIFICATE_STATUS,PURUSMCA,PRODUCT," ",USMCA,ACCUMULATION_PERCENTAGE,COMREF,SCBI
PRODUCT_CERTIFICATE_STATUS,PURUSMCA,PRODUCT," ",USMCA,ITEM COST,COMREF,SCBI
PRODUCT_CERTIFICATE_STATUS,PURUSMCA,PRODUCT," ",USMCA,SUPPLIERID,COMREF,SCBI
PRODUCT_CERTIFICATE_STATUS,PURUSMCA,PRODUCT," ",USMCA,,COMREF,SCBI
PRODUCT_CERTIFICATE_STATUS,PURUSMCA,PRODUCT," ",USMCA,PARTNERID,COMREF,SCBI
PRODUCT_CERTIFICATE_STATUS,PURUSMCA,PRODUCT," ",USMCA,SOLICITATION STATUS,COMREF,SCBI
PRODUCT_CERTIFICATE_STATUS,PURUSMCA,PRODUCT," ",USMCA,CUMMINS ACCOUNT MANAGERS,COMREF,SCBI
PRODUCT_CERTIFICATE_STATUS,PURUSMCA,PRODUCT," ",USMCA,TOTAL VALUE SHIPPED,COMREF,SCBI
PRODUCT_CERTIFICATE_STATUS,PURUSMCA,PRODUCT," ",USMCA,PLANT,COMREF,SCBI
PRODUCT_CERTIFICATE_STATUS,PURUSMCA,PRODUCT," ",USMCA,PART NUMBER,COMREF,SCBI
PRODUCT_CERTIFICATE_STATUS,PURUSMCA,PRODUCT," ",USMCA,PART TYPE,COMREF,SCBI
PRODUCT_CERTIFICATE_STATUS,PURUSMCA,PRODUCT," ",USMCA,"DSN, PLANT, PARTNUMBER, SUPPLIERID",COMREF,SCBI
PRODUCT_CERTIFICATE_STATUS,PURUSMCA,PRODUCT," ",USMCA,COUNTRY OF ORIGIN,COMREF,SCBI
PRODUCT_CERTIFICATE_STATUS,PURUSMCA,PRODUCT,,USMCA,BU,COMREF,SCBI
PRODUCT_CERTIFICATE_STATUS,PURUSMCA,PRODUCT," ",USMCA,PREVIOUS YEAR QUALIFICATION,COMREF,SCBI
PRODUCT_CERTIFICATE_STATUS,PURUSMCA,PRODUCT," ",USMCA," ",COMREF,SCBI
PRODUCT_CERTIFICATE_STATUS,PURUSMCA,PRODUCT," ",USMCA,PART DESCRIPTION,COMREF,SCBI
CUSTOMER,QSAP,PLANNING,Customer,KNB1,BUKRS,COMREF,SCBI
CUSTOMER,QSAP,PLANNING,Customer,KNVV,ODQ_CHANGEMODE,COMREF,SCBI
CUSTOMER,QSAP,PLANNING,Customer,KNVV,DSN,COMREF,SCBI
CUSTOMER,QSAP,PLANNING,Customer,ADRC,STREET,COMREF,SCBI
CUSTOMER,QSAP,PLANNING,Customer,KNVV,ERDAT,COMREF,SCBI
CUSTOMER,QSAP,PLANNING,Customer,KNA1,DSN,COMREF,SCBI
CUSTOMER,QSAP,PLANNING,Customer,KNA1,"DSN, KUNNR",COMREF,SCBI
CUSTOMER,QSAP,PLANNING,Customer,KNA1,MCOD3,COMREF,SCBI
CUSTOMER,QSAP,PLANNING,Customer,KNVV,"DSN, SOURCE_DSN, KNVV.VKORG, KNVV.VTWEG, KNVV.SPART, KNVV.KUNNR",COMREF,SCBI
CUSTOMER,QSAP,PLANNING,Customer,KNA1,ERDAT,COMREF,SCBI
CUSTOMER,QSAP,PLANNING,Customer,KNA1,KUNNR,COMREF,SCBI
CUSTOMER,QSAP,PLANNING,Customer,KNA1,NAME1,COMREF,SCBI
CUSTOMER,QSAP,PLANNING,Customer,KNA1,STRAS,COMREF,SCBI
CUSTOMER,QSAP,PLANNING,Customer,ADRC,STR_SUPPL1,COMREF,SCBI
CUSTOMER,QSAP,PLANNING,Customer,ADRC,STR_SUPPL2,COMREF,SCBI
CUSTOMER,QSAP,PLANNING,Customer,,,COMREF,SCBI
CUSTOMER,QSAP,PLANNING,Customer,KNA1,KTOKD,COMREF,SCBI
CUSTOMER,QSAP,PLANNING,Customer,KNA1,REGIO,COMREF,SCBI
CUSTOMER,QSAP,PLANNING,Customer,KNA1,LAND1,COMREF,SCBI
CUSTOMER,QSAP,PLANNING,Customer,KNVV,VKORG,COMREF,SCBI
CUSTOMER,QSAP,PLANNING,Customer,KNA1,ERNAM,COMREF,SCBI
CUSTOMER,QSAP,PLANNING,Customer,KNA1,SOURCE_DSN,COMREF,SCBI
CUSTOMER,QSAP,PLANNING,Customer,KNVV,KUNNR,COMREF,SCBI
CUSTOMER,QSAP,PLANNING,Customer,KNVV,"DSN, SOURECE_DSN, VKORG",COMREF,SCBI
CUSTOMER,QSAP,PLANNING,Customer,KNVV,ERNAM,COMREF,SCBI
CUSTOMER,QSAP,PLANNING,Customer,KNVV,,COMREF,SCBI
CUSTOMER,QSAP,PLANNING,Customer,T077X,TXT30,COMREF,SCBI
CUSTOMER,QSAP,PLANNING,Customer,KNA1,PSTLZ,COMREF,SCBI
CUSTOMER,QSAP,PLANNING,Customer,KNA1,ORT01,COMREF,SCBI
CUSTOMER,QSAP,PLANNING,Customer,ADRC,STR_SUPPL3,COMREF,SCBI
CUSTOMER_BILL_TO_LOCATION,QSAP,PLANNING,Customer,KNVP,"
DSN, SOURCE_DSN, VKORG, VTWEG, SPART, KUNNR,KUNN2",COMREF,SCBI
CUSTOMER_BILL_TO_LOCATION,QSAP,PLANNING,Customer,ADRC,POST_CODE1,COMREF,SCBI
CUSTOMER_BILL_TO_LOCATION,QSAP,PLANNING,Customer,KNVP,ODQ_CHANGEMODE,COMREF,SCBI
CUSTOMER_BILL_TO_LOCATION,QSAP,PLANNING,Customer,ADRC,COUNTRY,COMREF,SCBI
CUSTOMER_BILL_TO_LOCATION,QSAP,PLANNING,Customer,KNVP,KUNN2,COMREF,SCBI
CUSTOMER_BILL_TO_LOCATION,QSAP,PLANNING,Customer,ADRC,REGION,COMREF,SCBI
CUSTOMER_BILL_TO_LOCATION,QSAP,PLANNING,Customer,KNVP,DSN,COMREF,SCBI
CUSTOMER_BILL_TO_LOCATION,QSAP,PLANNING,Customer,KNVP,"DSN, SOURCE_DSN, VKORG",COMREF,SCBI
CUSTOMER_BILL_TO_LOCATION,QSAP,PLANNING,Customer,ADRC,STR_SUPPL3,COMREF,SCBI
CUSTOMER_BILL_TO_LOCATION,QSAP,PLANNING,Customer,KNA1,NAME1 ,COMREF,SCBI
CUSTOMER_BILL_TO_LOCATION,QSAP,PLANNING,Customer,,,COMREF,SCBI
CUSTOMER_BILL_TO_LOCATION,QSAP,PLANNING,Customer,ADRC,STREET',COMREF,SCBI
CUSTOMER_BILL_TO_LOCATION,QSAP,PLANNING,Customer,ADRC,COUNTY,COMREF,SCBI
CUSTOMER_BILL_TO_LOCATION,QSAP,PLANNING,Customer,ADRC,TEL_NUMBER,COMREF,SCBI
CUSTOMER_BILL_TO_LOCATION,QSAP,PLANNING,Customer,KNVP,SOURCE_DSN,COMREF,SCBI
CUSTOMER_BILL_TO_LOCATION,QSAP,PLANNING,Customer,ADRC,STR_SUPPL2,COMREF,SCBI
CUSTOMER_BILL_TO_LOCATION,QSAP,PLANNING,Customer,KNVP,VTWEG,COMREF,SCBI
CUSTOMER_BILL_TO_LOCATION,QSAP,PLANNING,Customer,KNVP,PARVW,COMREF,SCBI
CUSTOMER_BILL_TO_LOCATION,QSAP,PLANNING,Customer,KNVP,VKORG,COMREF,SCBI
CUSTOMER_BILL_TO_LOCATION,QSAP,PLANNING,Customer,ADRC,STR_SUPPL1,COMREF,SCBI
CUSTOMER_BILL_TO_LOCATION,QSAP,PLANNING,Customer,TVTWT,VTEXT WHERE SPRAS ='E',COMREF,SCBI
CUSTOMER_BILL_TO_LOCATION,QSAP,PLANNING,Customer,ADRC,CITY1,COMREF,SCBI
CUSTOMER_BILL_TO_LOCATION,QSAP,PLANNING,Customer,KNVP,KUNNR,COMREF,SCBI
CUSTOMER_BILL_TO_LOCATION,QSAP,PLANNING,Customer,KNVP,"DSN, SOURCE_DSN, VKORG, VTWEG, SPART, KUNNR",COMREF,SCBI
CUSTOMER_SHIP_TO_LOCATION,QSAP,PLANNING,Customer,ADRC,STR_SUPPL1,COMREF,SCBI
CUSTOMER_SHIP_TO_LOCATION,QSAP,PLANNING,Customer,KNVP,PARVW,COMREF,SCBI
CUSTOMER_SHIP_TO_LOCATION,QSAP,PLANNING,Customer,ADRC,REGION,COMREF,SCBI
CUSTOMER_SHIP_TO_LOCATION,QSAP,PLANNING,Customer,KNVP,"DSN, SOURCE_DSN, VKORG",COMREF,SCBI
CUSTOMER_SHIP_TO_LOCATION,QSAP,PLANNING,Customer,KNVP,ODQ_CHANGEMODE,COMREF,SCBI
CUSTOMER_SHIP_TO_LOCATION,QSAP,PLANNING,Customer,KNVP,KUNN2,COMREF,SCBI
CUSTOMER_SHIP_TO_LOCATION,QSAP,PLANNING,Customer,KNVP,"DSN, SOURCE_DSN, VKORG, VTWEG, SPART, KUNNR",COMREF,SCBI
CUSTOMER_SHIP_TO_LOCATION,QSAP,PLANNING,Customer,KNVP,"
DSN, '^~',KNVP.SOURCE_DSN, VKORG, VTWEG, SPART, KUNNR,KUNN2",COMREF,SCBI
CUSTOMER_SHIP_TO_LOCATION,QSAP,PLANNING,Customer,ADRC,COUNTRY,COMREF,SCBI
CUSTOMER_SHIP_TO_LOCATION,QSAP,PLANNING,Customer,KNA1,TELFX,COMREF,SCBI
CUSTOMER_SHIP_TO_LOCATION,QSAP,PLANNING,Customer,ADRC,TEL_NUMBER,COMREF,SCBI
CUSTOMER_SHIP_TO_LOCATION,QSAP,PLANNING,Customer,ADRC,STR_SUPPL3,COMREF,SCBI
CUSTOMER_SHIP_TO_LOCATION,QSAP,PLANNING,Customer,KNVP,DSN,COMREF,SCBI
CUSTOMER_SHIP_TO_LOCATION,QSAP,PLANNING,Customer,KNVP,SOURCE_DSN,COMREF,SCBI
CUSTOMER_SHIP_TO_LOCATION,QSAP,PLANNING,Customer,,,COMREF,SCBI
CUSTOMER_SHIP_TO_LOCATION,QSAP,PLANNING,Customer,ADRC,CITY1,COMREF,SCBI
CUSTOMER_SHIP_TO_LOCATION,QSAP,PLANNING,Customer,ADRC,STR_SUPPL2,COMREF,SCBI
CUSTOMER_SHIP_TO_LOCATION,QSAP,PLANNING,Customer,ADRC,COUNTY,COMREF,SCBI
CUSTOMER_SHIP_TO_LOCATION,QSAP,PLANNING,Customer,KNA1,NAME1 ,COMREF,SCBI
CUSTOMER_SHIP_TO_LOCATION,QSAP,PLANNING,Customer,KNVP,VKORG,COMREF,SCBI
CUSTOMER_SHIP_TO_LOCATION,QSAP,PLANNING,Customer,ADRC,POST_CODE1,COMREF,SCBI
CUSTOMER_SHIP_TO_LOCATION,QSAP,PLANNING,Customer,KNVP,KUNNR,COMREF,SCBI
CUSTOMER_SHIP_TO_LOCATION,QSAP,PLANNING,Customer,ADRC,STREET',COMREF,SCBI
LOCATION,QSAP,PLANNING,Location,T001W,SOURCE_DSN,COMREF,SCBI
LOCATION,QSAP,PLANNING,Location,T001W,FABKL,COMREF,SCBI
LOCATION,QSAP,PLANNING,Location,T001W,DSN,COMREF,SCBI
LOCATION,QSAP,PLANNING,Location,T001W,ODQ_CHANGEMODE,COMREF,SCBI
LOCATION,QSAP,PLANNING,Location,T005,LAND1,COMREF,SCBI
LOCATION,QSAP,PLANNING,Location,T001W,PSTLZ,COMREF,SCBI
LOCATION,QSAP,PLANNING,Location,ADR2,TELNRCALL,COMREF,SCBI
LOCATION,QSAP,PLANNING,Location,TVSTT,VTEXT,COMREF,SCBI
LOCATION,QSAP,PLANNING,Location,T001W,REGIO,COMREF,SCBI
LOCATION,QSAP,PLANNING,Location,T001W,WERKS,COMREF,SCBI
LOCATION,QSAP,PLANNING,Location,T001W,VLFKZ,COMREF,SCBI
LOCATION,QSAP,PLANNING,Location,ADRC,TEL_NUMBER,COMREF,SCBI
LOCATION,QSAP,PLANNING,Location,T001W,"DSN, SOURCE_DSN, WERKS",COMREF,SCBI
LOCATION,QSAP,PLANNING,Location,T001W,COUNC,COMREF,SCBI
LOCATION,QSAP,PLANNING,Location,ADR2,TELNRLONG,COMREF,SCBI
LOCATION,QSAP,PLANNING,Location,T001W,TXJCD,COMREF,SCBI
LOCATION,QSAP,PLANNING,Location,T001W,VSTEL,COMREF,SCBI
LOCATION,QSAP,PLANNING,Location,,,COMREF,SCBI
LOCATION,QSAP,PLANNING,Location,T001W,KUNNR,COMREF,SCBI
LOCATION,QSAP,PLANNING,Location,T001W,VTWEG,COMREF,SCBI
LOCATION,QSAP,PLANNING,Location,T001W,ORT01,COMREF,SCBI
LOCATION,QSAP,PLANNING,Location,T005S,BLAND,COMREF,SCBI
LOCATION,QSAP,PLANNING,Location,T001W,STRAS,COMREF,SCBI
LOCATION,QSAP,PLANNING,Location,TVTWT,VTEXT,COMREF,SCBI
LOCATION,QSAP,PLANNING,Location,TTZZT,DESCRIPT,COMREF,SCBI
LOCATION,QSAP,PLANNING,Location,T001W,LIFNR,COMREF,SCBI
LOCATION,QSAP,PLANNING,Location,ADRC,TIME_ZONE,COMREF,SCBI
LOCATION,QSAP,PLANNING,Location,TTXJT,TEXT1,COMREF,SCBI
LOCATION,QSAP,PLANNING,Location,T001K,BUKRS,COMREF,SCBI
LOCATION,QSAP,PLANNING,Location,T001W,NAME2,COMREF,SCBI
LOCATION,QSAP,PLANNING,Location,T001W,LAND1,COMREF,SCBI
LOCATION,QSAP,PLANNING,Location,T001W,NAME1,COMREF,SCBI
ORGANIZATION,QSAP,PLANNING,Organization,TVKO,WERKS,COMREF,SCBI
ORGANIZATION,QSAP,PLANNING,Organization,TVKO,,COMREF,SCBI
ORGANIZATION,QSAP,PLANNING,Organization,TVKO,BSART,COMREF,SCBI
ORGANIZATION,QSAP,PLANNING,Organization,TVKO,WAERS,COMREF,SCBI
ORGANIZATION,QSAP,PLANNING,Organization,TVKO,"LIFNR,BURKS",COMREF,SCBI
ORGANIZATION,QSAP,PLANNING,Organization,TVKO,LGORT,COMREF,SCBI
ORGANIZATION,QSAP,PLANNING,Organization,TVKO,LIFNR,COMREF,SCBI
ORGANIZATION,QSAP,PLANNING,Organization,TVKO,BWART,COMREF,SCBI
ORGANIZATION,QSAP,PLANNING,Organization,TVKO,EKGRP,COMREF,SCBI
ORGANIZATION,QSAP,PLANNING,Organization,TVKO,DSN,COMREF,SCBI
ORGANIZATION,QSAP,PLANNING,Organization,TVKO,SOURCE_DSN,COMREF,SCBI
ORGANIZATION,QSAP,PLANNING,Organization,TVKOT,VTEXT,COMREF,SCBI
ORGANIZATION,QSAP,PLANNING,Organization,,,COMREF,SCBI
ORGANIZATION,QSAP,PLANNING,Organization,TVKO,BUKRS,COMREF,SCBI
ORGANIZATION,QSAP,PLANNING,Organization,TVKBZ,SPART,COMREF,SCBI
ORGANIZATION,QSAP,PLANNING,Organization,TVKO,VKOKL,COMREF,SCBI
ORGANIZATION,QSAP,PLANNING,Organization,TVKO,EKORG,COMREF,SCBI
ORGANIZATION,QSAP,PLANNING,Organization,TVKO,VKORG,COMREF,SCBI
ORGANIZATION,QSAP,PLANNING,Organization,TVKO,ODQ_CHANGEMODE,COMREF,SCBI
ORGANIZATION,QSAP,PLANNING,Organization,TVKO,KUNNR,COMREF,SCBI
ORGANIZATION,QSAP,PLANNING,Organization,TVKO,BSTYP,COMREF,SCBI
PARTY,QSAP,ALL,Business Partner,BUT000,DSN,COMREF,AAI
PARTY,QSAP,ALL,Business Partner,BUT000,CHUSR,COMREF,AAI
PARTY,QSAP,ALL,Business Partner,BUT000,CRUSR,COMREF,AAI
PARTY,QSAP,ALL,Business Partner,BUT000,CHDAT + CHTIM,COMREF,AAI
PARTY,QSAP,ALL,Business Partner,BUT000,BU_GROUP,COMREF,AAI
PARTY,QSAP,ALL,Business Partner,BUT000,TITLE,COMREF,AAI
PARTY,QSAP,ALL,Business Partner,BUT000,NATIO,COMREF,AAI
PARTY,QSAP,ALL,Business Partner,BUT000,BU_SORT2,COMREF,AAI
PARTY,QSAP,ALL,Business Partner,BUT000,CRDAT + CRTIM,COMREF,AAI
PARTY,QSAP,ALL,Business Partner,BUT000,SOURCE_DSN,COMREF,AAI
PARTY,QSAP,ALL,Business Partner,BUT000,NAME_FIRST,COMREF,AAI
PARTY,QSAP,ALL,Business Partner,BUT000,PARTNER,COMREF,AAI
PARTY,QSAP,ALL,Business Partner,BUT000,ODQ_CHANGEMODE,COMREF,AAI
PARTY,QSAP,ALL,Business Partner,BUT000,"NAME_ORG1, NAME1_TEXT",COMREF,AAI
PARTY,QSAP,ALL,Business Partner,BUT000,BU_SORT1,COMREF,AAI
PARTY,QSAP,ALL,Business Partner,BUT000,NAME_LAST,COMREF,AAI
PARTY,QSAP,ALL,Business Partner,BUT000,,COMREF,AAI
PARTY,QSAP,ALL,Business Partner,BUT000,TYPE,COMREF,AAI
PARTY,QSAP,ALL,Business Partner,BUT000,BPKIND,COMREF,AAI
PARTY,QSAP,ALL,Business Partner,BUT000,"BPEXT,PERSNUMBER",COMREF,AAI
PLANNER,QSAP,PLANNING,,,,COMREF,SCBI
PLANNER,QSAP,PLANNING,,T024D,"DSN, SOURCE_DSN, DISPO",COMREF,SCBI
PLANNER,QSAP,PLANNING,,T001K,BUKRS,COMREF,SCBI
PLANNER,QSAP,PLANNING,,T024D,DSNAM,COMREF,SCBI
PLANNER,QSAP,PLANNING,,T024D,SOURCE_DSN,COMREF,SCBI
PLANNER,QSAP,PLANNING,,T024D,ODQ_CHANGEMODE,COMREF,SCBI
PLANNER,QSAP,PLANNING,,T001K,"DSN, SOURCE_DSN, BUKRS",COMREF,SCBI
PLANNER,QSAP,PLANNING,,T024D,DISPO,COMREF,SCBI
PLANNER,QSAP,PLANNING,,T024D,DSN,COMREF,SCBI
PRODUCT,QSAP,PLANNING,Product,,,COMREF,SCBI
PRODUCT,QSAP,PLANNING,Product,MARA,NTGEW,COMREF,SCBI
PRODUCT,QSAP,PLANNING,Product,MARC,PSTAT,COMREF,SCBI
PRODUCT,QSAP,PLANNING,Product,MAKT,MAKTG,COMREF,SCBI
PRODUCT,QSAP,PLANNING,Product,MARA,BRGEW,COMREF,SCBI
PRODUCT,QSAP,PLANNING,Product,MARC,DISPO,COMREF,SCBI
PRODUCT,QSAP,PLANNING,Product,MARC,DISLS,COMREF,SCBI
PRODUCT,QSAP,PLANNING,Product,MARA,LAENG,COMREF,SCBI
PRODUCT,QSAP,PLANNING,Product,MARC,SOURCE_DSN,COMREF,SCBI
PRODUCT,QSAP,PLANNING,Product,MARC,MMSTD,COMREF,SCBI
PRODUCT,QSAP,PLANNING,Product,MARA,MATKL,COMREF,SCBI
PRODUCT,QSAP,PLANNING,Product,MARC,"DSN, SOURCE_DSN, MATNR, WERKS",COMREF,SCBI
PRODUCT,QSAP,PLANNING,Product,T001K,BUKRS,COMREF,SCBI
PRODUCT,QSAP,PLANNING,Product,MARC,PLIFZ,COMREF,SCBI
PRODUCT,QSAP,PLANNING,Product,MARC,ODQ_CHANGEMODE,COMREF,SCBI
PRODUCT,QSAP,PLANNING,Product,MARC,PLIFZ + WEBAZ,COMREF,SCBI
PRODUCT,QSAP,PLANNING,Product,MARA,ERSDA,COMREF,SCBI
PRODUCT,QSAP,PLANNING,Product,MARC,WERKS,COMREF,SCBI
PRODUCT,QSAP,PLANNING,Product,MARC,DSN,COMREF,SCBI
PRODUCT,QSAP,PLANNING,Product,AUSP,ATWRT,COMREF,SCBI
PRODUCT,QSAP,PLANNING,Product,MARC,BESKZ,COMREF,SCBI
PRODUCT,QSAP,PLANNING,Product,MARC,SERNP,COMREF,SCBI
PRODUCT,QSAP,PLANNING,Product,MARC,BSTRF,COMREF,SCBI
PRODUCT,QSAP,PLANNING,Product,MARA,BREIT,COMREF,SCBI
PRODUCT,QSAP,PLANNING,Product,MARA,LAEDA,COMREF,SCBI
PRODUCT,QSAP,PLANNING,Product,MARC,BSTFE,COMREF,SCBI
PRODUCT,QSAP,PLANNING,Product,MARC,MMSTA,COMREF,SCBI
PRODUCT,QSAP,PLANNING,Product,MARC,MAABC,COMREF,SCBI
PRODUCT,QSAP,PLANNING,Product,MARC,BSTMI,COMREF,SCBI
PRODUCT,QSAP,PLANNING,Product,T023T,WGBEZ,COMREF,SCBI
PRODUCT,QSAP,PLANNING,Product,MARC,WEBAZ,COMREF,SCBI
PRODUCT,QSAP,PLANNING,Product,MARC,DISMM,COMREF,SCBI
PRODUCT,QSAP,PLANNING,Product,MARC,CASE WHEN BESKZ = 'F' THEN PLIFZ + WEBAZ WHEN BESKZ = 'E' THEN DZEIT + WEBAZ ELSE PLIFZ + DZEIT + WEBAZ END,COMREF,SCBI
PRODUCT,QSAP,PLANNING,Product,MARA,HOEHE,COMREF,SCBI
PRODUCT,QSAP,PLANNING,Product,MAST,MATNR,COMREF,SCBI
PRODUCT,QSAP,PLANNING,Product,MARC,BSTMA,COMREF,SCBI
PRODUCT,QSAP,PLANNING,Product,MARA,MTART,COMREF,SCBI
PRODUCT,QSAP,PLANNING,Product,MARC,MATNR,COMREF,SCBI
PRODUCT,QSAP,PLANNING,Product,MARC,DZEIT,COMREF,SCBI
PRODUCT,QSAP,PLANNING,Product,MARC,EKGRP,COMREF,SCBI
PRODUCT,QSAP,PLANNING,Product,MAKT,MAKTX,COMREF,SCBI
PRODUCT,QSAP,PLANNING,Product,MARA,MEINS,COMREF,SCBI
PRODUCT_SUPERSESSION,QSAP,PLANNING,Product,PICPS,"DSN,SOURCE_DSN,PICKEY,PICPOS,COUNTER",COMREF,SCBI
PRODUCT_SUPERSESSION,QSAP,PLANNING,Product,PICPS,DATFR,COMREF,SCBI
PRODUCT_SUPERSESSION,QSAP,PLANNING,Product,PICPS,PICCODE,COMREF,SCBI
PRODUCT_SUPERSESSION,QSAP,PLANNING,Product,,ERNAM,COMREF,SCBI
PRODUCT_SUPERSESSION,QSAP,PLANNING,Product,PICPS,INTTYPE,COMREF,SCBI
PRODUCT_SUPERSESSION,QSAP,PLANNING,Product,PICPS,AEDAT,COMREF,SCBI
PRODUCT_SUPERSESSION,QSAP,PLANNING,Product,PICPS,ODQ_CHANGEMODE,COMREF,SCBI
PRODUCT_SUPERSESSION,QSAP,PLANNING,Product,PICPS,,COMREF,SCBI
PRODUCT_SUPERSESSION,QSAP,PLANNING,Product,PICPS,DSN,COMREF,SCBI
PRODUCT_SUPERSESSION,QSAP,PLANNING,Product,PICPS,ERDAT,COMREF,SCBI
PRODUCT_SUPERSESSION,QSAP,PLANNING,Product,PICPS,SOURCE_DSN,COMREF,SCBI
PRODUCT_SUPERSESSION,QSAP,PLANNING,Product,PICPS,PICPOS,COMREF,SCBI
PRODUCT_SUPERSESSION,QSAP,PLANNING,Product,,,COMREF,SCBI
PRODUCT_SUPERSESSION,QSAP,PLANNING,Product,,AENAM,COMREF,SCBI
PRODUCT_SUPERSESSION,QSAP,PLANNING,Product,PICPS,MATNR,COMREF,SCBI
PRODUCT_SUPERSESSION,QSAP,PLANNING,Product,PICPS,SEQNR,COMREF,SCBI
SUPPLIER,QSAP,PLANNING,Supplier,LFA1,ERNAM,COMREF,SCBI
SUPPLIER,QSAP,PLANNING,Supplier,LFA1,LAND1,COMREF,SCBI
SUPPLIER,QSAP,PLANNING,Supplier,,,COMREF,SCBI
SUPPLIER,QSAP,PLANNING,Supplier,LFA1,"DSN,SOURCE_DSN, LIFNR",COMREF,SCBI
SUPPLIER,QSAP,PLANNING,Supplier,LFB1,SOURCE_DSN,COMREF,SCBI
SUPPLIER,QSAP,PLANNING,Supplier,LFA1,SOURCE_DSN,COMREF,SCBI
SUPPLIER,QSAP,PLANNING,Supplier,LFA1,STCEG,COMREF,SCBI
SUPPLIER,QSAP,PLANNING,Supplier,LFB1,LIFNR,COMREF,SCBI
SUPPLIER,QSAP,PLANNING,Supplier,LFB1,ODQ_CHANGEMODE,COMREF,SCBI
SUPPLIER,QSAP,PLANNING,Supplier,LFA1,DSN,COMREF,SCBI
SUPPLIER,QSAP,PLANNING,Supplier,LFB1,ERDAT,COMREF,SCBI
SUPPLIER,QSAP,PLANNING,Supplier,LFA1,ORT02,COMREF,SCBI
SUPPLIER,QSAP,PLANNING,Supplier,LFB1,ERNAM,COMREF,SCBI
SUPPLIER,QSAP,PLANNING,Supplier,LFA1,LIFNR,COMREF,SCBI
SUPPLIER,QSAP,PLANNING,Supplier,LFA1,NAME1,COMREF,SCBI
SUPPLIER,QSAP,PLANNING,Supplier,LFB1,BUKRS,COMREF,SCBI
SUPPLIER,QSAP,PLANNING,Supplier,LFB1,"DSN,SOURCE_DSN, LIFNR, BUKRS",COMREF,SCBI
SUPPLIER,QSAP,PLANNING,Supplier,LFA1,ORT01,COMREF,SCBI
SUPPLIER,QSAP,PLANNING,Supplier,LFA1,STRAS,COMREF,SCBI
SUPPLIER,QSAP,PLANNING,Supplier,LFA1,KTOKK,COMREF,SCBI
SUPPLIER,QSAP,PLANNING,Supplier,LFA1,ERDAT,COMREF,SCBI
SUPPLIER,QSAP,PLANNING,Supplier,LFB1,DSN,COMREF,SCBI
SUPPLIER,QSAP,PLANNING,Supplier,LFA1,SPRAS,COMREF,SCBI
SUPPLIER,QSAP,PLANNING,Supplier,LFA1,TELF1,COMREF,SCBI
SUPPLIER,QSAP,PLANNING,Supplier,LFA1,REGIO,COMREF,SCBI
SUPPLIER,QSAP,PLANNING,Supplier,LFA1,PSTLZ,COMREF,SCBI
SUPPLIER_SITE,QSAP,PLANNING,SUPPLIER_SITE,LFB1,ERNAM,COMREF,SCBI
SUPPLIER_SITE,QSAP,PLANNING,SUPPLIER_SITE,LFA1,TELF1,COMREF,SCBI
SUPPLIER_SITE,QSAP,PLANNING,SUPPLIER_SITE,LFA1,STRAS,COMREF,SCBI
SUPPLIER_SITE,QSAP,PLANNING,SUPPLIER_SITE,LFA1,PSTLZ,COMREF,SCBI
SUPPLIER_SITE,QSAP,PLANNING,SUPPLIER_SITE,LFB1,BUKRS,COMREF,SCBI
SUPPLIER_SITE,QSAP,PLANNING,SUPPLIER_SITE,LFA1,REGIO,COMREF,SCBI
SUPPLIER_SITE,QSAP,PLANNING,SUPPLIER_SITE,LFA1,LAND1,COMREF,SCBI
SUPPLIER_SITE,QSAP,PLANNING,SUPPLIER_SITE,T052U,TEXT1,COMREF,SCBI
SUPPLIER_SITE,QSAP,PLANNING,SUPPLIER_SITE,LFA1,ADRNR,COMREF,SCBI
SUPPLIER_SITE,QSAP,PLANNING,SUPPLIER_SITE,LFB1,ZAHLS,COMREF,SCBI
SUPPLIER_SITE,QSAP,PLANNING,SUPPLIER_SITE,LFB1,ZTERM,COMREF,SCBI
SUPPLIER_SITE,QSAP,PLANNING,SUPPLIER_SITE,LFA1,ORT01,COMREF,SCBI
SUPPLIER_SITE,QSAP,PLANNING,SUPPLIER_SITE,LFB1,SOURCE_DSN,COMREF,SCBI
SUPPLIER_SITE,QSAP,PLANNING,SUPPLIER_SITE,LFA1,ORT02,COMREF,SCBI
SUPPLIER_SITE,QSAP,PLANNING,SUPPLIER_SITE,LFB1,"DSN,SOURCE_DSN,LIFNR",COMREF,SCBI
SUPPLIER_SITE,QSAP,PLANNING,SUPPLIER_SITE,LFB1,ODQ_CHANGEMODE,COMREF,SCBI
SUPPLIER_SITE,QSAP,PLANNING,SUPPLIER_SITE,LFA1,NAME1,COMREF,SCBI
SUPPLIER_SITE,QSAP,PLANNING,SUPPLIER_SITE,LFB1,LIFNR,COMREF,SCBI
SUPPLIER_SITE,QSAP,PLANNING,SUPPLIER_SITE,LFB1,DSN,COMREF,SCBI
SUPPLIER_SITE,QSAP,PLANNING,SUPPLIER_SITE,LFB1,"DSN,SOURCE_DSN,BUKRS",COMREF,SCBI
SUPPLIER_SITE,QSAP,PLANNING,SUPPLIER_SITE,LFB1,"DSN,SOURCE_DSN, BUKRS, LIFNR",COMREF,SCBI
SUPPLIER_SITE,QSAP,PLANNING,SUPPLIER_SITE,,,COMREF,SCBI
SUPPLIER_SITE,QSAP,PLANNING,SUPPLIER_SITE,LFB1,ERDAT,COMREF,SCBI
CONSIGNEE,RHENUSGENERIC,LOGISTICS,Logistics,LOOKUP_VALUES,LOOKUP_VALUE,COMREF,SCBI
CONSIGNEE,RHENUSGENERIC,LOGISTICS,Logistics,TA_RHENUS_GENERIC_SHIPMENT,SNOWFLAKE_CREATEDDTM,COMREF,SCBI
CONSIGNEE,RHENUSGENERIC,LOGISTICS,Logistics,TA_CONSIGNEE_XREF,CORRECT_CONSIGNEE_NAME,COMREF,SCBI
CONSIGNEE,RHENUSGENERIC,LOGISTICS,Logistics,"TA_RHENUS_GENERIC_SHIPMENT
LOOKUP_VALUES","DSN, FINAL_CONSIGNEE_NAME, ORIGIN_PORT_CODE_CONSIGNEE_IN_SPARK, SHIPPER_COUNTRY, LOOKUP_VALUE",COMREF,SCBI
CONSIGNEE,RHENUSGENERIC,LOGISTICS,Logistics,TA_RHENUS_GENERIC_SHIPMENT,DSN,COMREF,SCBI
CONSIGNEE,RHENUSGENERIC,LOGISTICS,Logistics,TA_CONSIGNEE_XREF,CORRECT_CONSIGNEE_CITY,COMREF,SCBI
CONSIGNEE,RHENUSGENERIC,LOGISTICS,Logistics,TA_RHENUS_GENERIC_SHIPMENT,SNOWFLAKE_MODIFIEDDTM,COMREF,SCBI
CONSIGNEE,RHENUSGENERIC,LOGISTICS,Logistics,TA_RHENUS_GENERIC_SHIPMENT,EMEA',COMREF,SCBI
CONSIGNEE,RHENUSGENERIC,LOGISTICS,Logistics,TA_RHENUS_GENERIC_SHIPMENT,SHIPPER_COUNTRY,COMREF,SCBI
CONSIGNEE,RHENUSGENERIC,LOGISTICS,Logistics,TA_CONSIGNEE_XREF,CORRECT_CONSIGNEE_COUNTRY,COMREF,SCBI
CONSIGNEE,RHENUSGENERIC,LOGISTICS,Logistics,TA_RHENUS_GENERIC_SHIPMENT,FINAL_CONSIGNEE_NAME,COMREF,SCBI
CONSIGNEE,RHENUSGENERIC,LOGISTICS,Logistics,TA_RHENUS_GENERIC_SHIPMENT,ORIGIN_PORT_CODE_CONSIGNEE_IN_SPARK,COMREF,SCBI
CONSIGNEE,RHENUSGENERIC,LOGISTICS,Logistics,TA_RHENUS_GENERIC_SHIPMENT,,COMREF,SCBI
PORT_LOCATION,RHENUSGENERIC,LOGISTICS,Logistics,TA_RHENUS_GENERIC_SHIPMENT,SNOWFLAKE_CREATEDDTM ,COMREF,SCBI
PORT_LOCATION,RHENUSGENERIC,LOGISTICS,Logistics,TA_RHENUS_GENERIC_SHIPMENT,ORIGIN_PORT_CODE,COMREF,SCBI
PORT_LOCATION,RHENUSGENERIC,LOGISTICS,Logistics,TA_RHENUS_GENERIC_SHIPMENT,SNOWFLAKE_MODIFIEDDTM,COMREF,SCBI
PORT_LOCATION,RHENUSGENERIC,LOGISTICS,Logistics,TA_RHENUS_GENERIC_SHIPMENT,,COMREF,SCBI
PORT_LOCATION,RHENUSGENERIC,LOGISTICS,Logistics,TA_PORT_CODE_XREF,PORT_NAME,COMREF,SCBI
PORT_LOCATION,RHENUSGENERIC,LOGISTICS,Logistics,TA_PORT_CODE_XREF,PORT_CODE,COMREF,SCBI
PORT_LOCATION,RHENUSGENERIC,LOGISTICS,Logistics,TA_RHENUS_GENERIC_SHIPMENT,DSN,COMREF,SCBI
PORT_LOCATION,RHENUSGENERIC,LOGISTICS,Logistics,TA_PORT_CODE_XREF,COUNTRY,COMREF,SCBI
PORT_LOCATION,RHENUSGENERIC,LOGISTICS,Logistics,TA_RHENUS_GENERIC_SHIPMENT,REGION,COMREF,SCBI
SHIPPER,RHENUSGENERIC,LOGISTICS,Logistics,TA_RHENUS_GENERIC_SHIPMENT,SHIPPER_NAME,COMREF,SCBI
SHIPPER,RHENUSGENERIC,LOGISTICS,Logistics,TA_SHIPPER_XREF,SHIPPER_NAME_ADJ,COMREF,SCBI
SHIPPER,RHENUSGENERIC,LOGISTICS,Logistics,TA_RHENUS_GENERIC_SHIPMENT,"DSN,SHIPPER_NAME,SHIPPER_CITY,SHIPPER_COUNTRY,SHIPPER_ZIP",COMREF,SCBI
SHIPPER,RHENUSGENERIC,LOGISTICS,Logistics,TA_RHENUS_GENERIC_SHIPMENT,,COMREF,SCBI
SHIPPER,RHENUSGENERIC,LOGISTICS,Logistics,TA_RHENUS_GENERIC_SHIPMENT,DSN,COMREF,SCBI
SHIPPER,RHENUSGENERIC,LOGISTICS,Logistics,TA_SHIPPER_XREF,CORRECT_SHIPPER_ZIP,COMREF,SCBI
SHIPPER,RHENUSGENERIC,LOGISTICS,Logistics,TA_SHIPPER_XREF,CORRECT_SHIPPER_COUNTRY,COMREF,SCBI
SHIPPER,RHENUSGENERIC,LOGISTICS,Logistics,TA_RHENUS_GENERIC_SHIPMENT,Shipper_ZIP,COMREF,SCBI
SHIPPER,RHENUSGENERIC,LOGISTICS,Logistics,TA_RHENUS_GENERIC_SHIPMENT,Shipper_Country,COMREF,SCBI
SHIPPER,RHENUSGENERIC,LOGISTICS,Logistics,TA_RHENUS_GENERIC_SHIPMENT,SNOWFLAKE_CREATEDDTM,COMREF,SCBI
SHIPPER,RHENUSGENERIC,LOGISTICS,Logistics,TA_RHENUS_GENERIC_SHIPMENT,SNOWFLAKE_MODIFIEDDTM,COMREF,SCBI
SHIPPER,RHENUSGENERIC,LOGISTICS,Logistics,TA_SHIPPER_XREF,CORRECT_SHIPPER_CITY,COMREF,SCBI
SHIPPER,RHENUSGENERIC,LOGISTICS,Logistics,TA_RHENUS_GENERIC_SHIPMENT,SHIPPER_CITY,COMREF,SCBI
SHIPPER,RHENUSGENERIC,LOGISTICS,Logistics,TA_SHIPPER_XREF,CORRECT_SHIPPER_ADDRESS,COMREF,SCBI
CONSIGNEE,RHENUSOCEAN,LOGISTICS,Logistics,TA_RHENUS_OCEAN_SHIPMENT,SNOWFLAKE_MODIFIEDDTM,COMREF,SCBI
CONSIGNEE,RHENUSOCEAN,LOGISTICS,Logistics,TA_RHENUS_OCEAN_SHIPMENT,CONSIGNEE_NAME,COMREF,SCBI
CONSIGNEE,RHENUSOCEAN,LOGISTICS,Logistics,TA_RHENUS_OCEAN_SHIPMENT,CONSIGNEE_CITY,COMREF,SCBI
CONSIGNEE,RHENUSOCEAN,LOGISTICS,Logistics,TA_CONSIGNEE_XREF,CORRECT_CONSIGNEE_CITY,COMREF,SCBI
CONSIGNEE,RHENUSOCEAN,LOGISTICS,Logistics,TA_RHENUS_OCEAN_SHIPMENT,,COMREF,SCBI
CONSIGNEE,RHENUSOCEAN,LOGISTICS,Logistics,TA_RHENUS_OCEAN_SHIPMENT,SNOWFLAKE_CREATEDDTM,COMREF,SCBI
CONSIGNEE,RHENUSOCEAN,LOGISTICS,Logistics,TA_RHENUS_OCEAN_SHIPMENT,CONSIGNEE_COUNTRY,COMREF,SCBI
CONSIGNEE,RHENUSOCEAN,LOGISTICS,Logistics,TA_RHENUS_OCEAN_SHIPMENT,"DSN, CONSIGNEE_NAME, CONSIGNEE_CITY, CONSIGNEE_COUNTRY, CONSIGNEE_ZIP_CODE",COMREF,SCBI
CONSIGNEE,RHENUSOCEAN,LOGISTICS,Logistics,TA_RHENUS_OCEAN_SHIPMENT,DSN,COMREF,SCBI
CONSIGNEE,RHENUSOCEAN,LOGISTICS,Logistics,TA_CONSIGNEE_XREF,CORRECT_CONSIGNEE_NAME,COMREF,SCBI
CONSIGNEE,RHENUSOCEAN,LOGISTICS,Logistics,TA_CONSIGNEE_XREF,CORRECT_CONSIGNEE_COUNTRY,COMREF,SCBI
CONSIGNEE,RHENUSOCEAN,LOGISTICS,Logistics,TA_RHENUS_OCEAN_SHIPMENT,EMEA',COMREF,SCBI
CONSIGNEE,RHENUSOCEAN,LOGISTICS,Logistics,TA_RHENUS_OCEAN_SHIPMENT,CONSIGNEE_ZIP_CODE,COMREF,SCBI
PORT_LOCATION,RHENUSOCEAN,LOGISTICS,Logistics,TA_RHENUS_OCEAN_SHIPMENT,CARRIER_NAME,COMREF,SCBI
PORT_LOCATION,RHENUSOCEAN,LOGISTICS,Logistics,TA_RHENUS_OCEAN_SHIPMENT,,COMREF,SCBI
PORT_LOCATION,RHENUSOCEAN,LOGISTICS,Logistics,TA_PORT_CODE_XREF,PORT_CODE,COMREF,SCBI
PORT_LOCATION,RHENUSOCEAN,LOGISTICS,Logistics,TA_RHENUS_OCEAN_SHIPMENT,DSN,COMREF,SCBI
PORT_LOCATION,RHENUSOCEAN,LOGISTICS,Logistics,TA_RHENUS_OCEAN_SHIPMENT,"ORIGIN_PORT_CODE, DESTINATION_PORT",COMREF,SCBI
PORT_LOCATION,RHENUSOCEAN,LOGISTICS,Logistics,TA_PORT_CODE_XREF,PORT_COUNTRY,COMREF,SCBI
PORT_LOCATION,RHENUSOCEAN,LOGISTICS,Logistics,TA_RHENUS_OCEAN_SHIPMENT,SNOWFLAKE_CREATEDDTM ,COMREF,SCBI
PORT_LOCATION,RHENUSOCEAN,LOGISTICS,Logistics,TA_RHENUS_OCEAN_SHIPMENT,DESTINATION_PORT,COMREF,SCBI
PORT_LOCATION,RHENUSOCEAN,LOGISTICS,Logistics,TA_RHENUS_OCEAN_SHIPMENT,ORIGIN_PORT_CODE,COMREF,SCBI
PORT_LOCATION,RHENUSOCEAN,LOGISTICS,Logistics,TA_RHENUS_OCEAN_SHIPMENT,SNOWFLAKE_MODIFIEDDTM,COMREF,SCBI
PORT_LOCATION,RHENUSOCEAN,LOGISTICS,Logistics,TA_PORT_CODE_XREF,PORT_NAME,COMREF,SCBI
PORT_LOCATION,RHENUSOCEAN,LOGISTICS,Logistics,TA_PORT_CODE_XREF,COUNTRY,COMREF,SCBI
SHIPPER,RHENUSOCEAN,LOGISTICS,Logistics,TA_SHIPPER_XREF,SHIPPER_NAME_ADJ,COMREF,SCBI
SHIPPER,RHENUSOCEAN,LOGISTICS,Logistics,TA_SHIPPER_XREF,CORRECT_SHIPPER_CITY,COMREF,SCBI
SHIPPER,RHENUSOCEAN,LOGISTICS,Logistics,TA_SHIPPER_XREF,CORRECT_SHIPPER_ZIP,COMREF,SCBI
SHIPPER,RHENUSOCEAN,LOGISTICS,Logistics,TA_RHENUS_OCEAN_SHIPMENT,SHIPPER_CITY,COMREF,SCBI
SHIPPER,RHENUSOCEAN,LOGISTICS,Logistics,TA_SHIPPER_XREF,CORRECT_SHIPPER_COUNTRY,COMREF,SCBI
SHIPPER,RHENUSOCEAN,LOGISTICS,Logistics,TA_RHENUS_OCEAN_SHIPMENT,SHIPPER_ZIP_CODE,COMREF,SCBI
SHIPPER,RHENUSOCEAN,LOGISTICS,Logistics,TA_RHENUS_OCEAN_SHIPMENT,SNOWFLAKE_CREATEDDTM,COMREF,SCBI
SHIPPER,RHENUSOCEAN,LOGISTICS,Logistics,TA_RHENUS_OCEAN_SHIPMENT,SNOWFLAKE_MODIFIEDDTM,COMREF,SCBI
SHIPPER,RHENUSOCEAN,LOGISTICS,Logistics,TA_RHENUS_OCEAN_SHIPMENT,SHIPPER_COUNTRY,COMREF,SCBI
SHIPPER,RHENUSOCEAN,LOGISTICS,Logistics,TA_RHENUS_OCEAN_SHIPMENT,,COMREF,SCBI
SHIPPER,RHENUSOCEAN,LOGISTICS,Logistics,TA_RHENUS_OCEAN_SHIPMENT,"DSN,SHIPPER_NAME,SHIPPER_CITY,SHIPPER_COUNTRY,SHIPPER_ZIP_CODE",COMREF,SCBI
SHIPPER,RHENUSOCEAN,LOGISTICS,Logistics,TA_SHIPPER_XREF,CORRECT_SHIPPER_ADDRESS,COMREF,SCBI
SHIPPER,RHENUSOCEAN,LOGISTICS,Logistics,TA_RHENUS_OCEAN_SHIPMENT,DSN,COMREF,SCBI
SHIPPER,RHENUSOCEAN,LOGISTICS,Logistics,TA_RHENUS_OCEAN_SHIPMENT,SHIPPER_NAME,COMREF,SCBI
CONSIGNEE,RHENUSROAD,LOGISTICS,Logistics,TA_RHENUS_ROAD_SHIPMENT,SNOWFLAKE_CREATEDDTM,COMREF,SCBI
CONSIGNEE,RHENUSROAD,LOGISTICS,Logistics,TA_RHENUS_ROAD_SHIPMENT,CONSIGNEE_COUNTRY,COMREF,SCBI
CONSIGNEE,RHENUSROAD,LOGISTICS,Logistics,TA_RHENUS_ROAD_SHIPMENT,"DSN, CONSIGNEE_NAME, CONSIGNEE_CITY, CONSIGNEE_COUNTRY, CONSIGNEE_ZIPCODE",COMREF,SCBI
CONSIGNEE,RHENUSROAD,LOGISTICS,Logistics,TA_RHENUS_ROAD_SHIPMENT,SNOWFLAKE_MODIFIEDDTM,COMREF,SCBI
CONSIGNEE,RHENUSROAD,LOGISTICS,Logistics,TA_RHENUS_ROAD_SHIPMENT,DSN,COMREF,SCBI
CONSIGNEE,RHENUSROAD,LOGISTICS,Logistics,TA_RHENUS_ROAD_SHIPMENT,CONSIGNEE_CITY,COMREF,SCBI
CONSIGNEE,RHENUSROAD,LOGISTICS,Logistics,TA_RHENUS_ROAD_SHIPMENT,CONSIGNEE_ZIPCODE,COMREF,SCBI
CONSIGNEE,RHENUSROAD,LOGISTICS,Logistics,TA_CONSIGNEE_XREF,CORRECT_CONSIGNEE_NAME,COMREF,SCBI
CONSIGNEE,RHENUSROAD,LOGISTICS,Logistics,TA_CONSIGNEE_XREF,CORRECT_CONSIGNEE_CITY,COMREF,SCBI
CONSIGNEE,RHENUSROAD,LOGISTICS,Logistics,TA_RHENUS_ROAD_SHIPMENT,EMEA',COMREF,SCBI
CONSIGNEE,RHENUSROAD,LOGISTICS,Logistics,TA_RHENUS_ROAD_SHIPMENT,,COMREF,SCBI
CONSIGNEE,RHENUSROAD,LOGISTICS,Logistics,TA_CONSIGNEE_XREF,CORRECT_CONSIGNEE_COUNTRY,COMREF,SCBI
CONSIGNEE,RHENUSROAD,LOGISTICS,Logistics,TA_RHENUS_ROAD_SHIPMENT,CONSIGNEE_NAME,COMREF,SCBI
SHIPPER,RHENUSROAD,LOGISTICS,Logistics,TA_SHIPPER_XREF,CORRECT_SHIPPER_ZIP,COMREF,SCBI
SHIPPER,RHENUSROAD,LOGISTICS,Logistics,TA_RHENUS_ROAD_SHIPMENT,"DSN,SHIPPER_NAME,SHIPPER_CITY,SHIPPER_COUNTRY",COMREF,SCBI
SHIPPER,RHENUSROAD,LOGISTICS,Logistics,TA_RHENUS_ROAD_SHIPMENT,,COMREF,SCBI
SHIPPER,RHENUSROAD,LOGISTICS,Logistics,TA_RHENUS_ROAD_SHIPMENT,Shipper_City,COMREF,SCBI
SHIPPER,RHENUSROAD,LOGISTICS,Logistics,TA_RHENUS_ROAD_SHIPMENT,Shipper_Country,COMREF,SCBI
SHIPPER,RHENUSROAD,LOGISTICS,Logistics,TA_SHIPPER_XREF,SHIPPER_NAME_ADJ,COMREF,SCBI
SHIPPER,RHENUSROAD,LOGISTICS,Logistics,TA_SHIPPER_XREF,CORRECT_SHIPPER_CITY,COMREF,SCBI
SHIPPER,RHENUSROAD,LOGISTICS,Logistics,TA_SHIPPER_XREF,CORRECT_SHIPPER_ADDRESS,COMREF,SCBI
SHIPPER,RHENUSROAD,LOGISTICS,Logistics,TA_RHENUS_ROAD_SHIPMENT,SNOWFLAKE_CREATEDDTM,COMREF,SCBI
SHIPPER,RHENUSROAD,LOGISTICS,Logistics,TA_RHENUS_ROAD_SHIPMENT,SHIPPER_ZIPCODE,COMREF,SCBI
SHIPPER,RHENUSROAD,LOGISTICS,Logistics,TA_RHENUS_ROAD_SHIPMENT,SNOWFLAKE_MODIFIEDDTM,COMREF,SCBI
SHIPPER,RHENUSROAD,LOGISTICS,Logistics,TA_RHENUS_ROAD_SHIPMENT,Shipper_Name,COMREF,SCBI
SHIPPER,RHENUSROAD,LOGISTICS,Logistics,TA_RHENUS_ROAD_SHIPMENT,DSN,COMREF,SCBI
SHIPPER,RHENUSROAD,LOGISTICS,Logistics,TA_SHIPPER_XREF,CORRECT_SHIPPER_COUNTRY,COMREF,SCBI
PROJECT_MEETING,RMS,ENGINEERING,,CUMMINS_RMS_MEETING,DSN,COMREF,AAI
PROJECT_MEETING,RMS,ENGINEERING,,CUMMINS_RMS_MEETING,UPDATEDON,COMREF,AAI
PROJECT_MEETING,RMS,ENGINEERING,,CUMMINS_RMS_MEETING,UPDATEDBY,COMREF,AAI
PROJECT_MEETING,RMS,ENGINEERING,,CUMMINS_RMS_MEETING,CREATEDON,COMREF,AAI
PROJECT_MEETING,RMS,ENGINEERING,,CUMMINS_RMS_MEETING,MEETINGNUMBER,COMREF,AAI
PROJECT_MEETING,RMS,ENGINEERING,,CUMMINS_RMS_MEETING,NAME,COMREF,AAI
PROJECT_MEETING,RMS,ENGINEERING,,CUMMINS_RMS_MEETING,PROGRAMNAME,COMREF,AAI
PROJECT_MEETING,RMS,ENGINEERING,,CUMMINS_RMS_MEETING,STATUS,COMREF,AAI
PROJECT_MEETING,RMS,ENGINEERING,,CUMMINS_RMS_MEETING,,COMREF,AAI
PROJECT_MEETING,RMS,ENGINEERING,,CUMMINS_RMS_MEETING,ENDTIME,COMREF,AAI
PROJECT_MEETING,RMS,ENGINEERING,,CUMMINS_RMS_MEETING,CREATEDBY,COMREF,AAI
PROJECT_MEETING,RMS,ENGINEERING,,,,COMREF,AAI
PROJECT_MEETING,RMS,ENGINEERING,,CUMMINS_RMS_MEETING,PARTNUMBER,COMREF,AAI
PROJECT_MEETING,RMS,ENGINEERING,,CUMMINS_RMS_MEETING,VIRTUAL,COMREF,AAI
PROJECT_MEETING,RMS,ENGINEERING,,CUMMINS_RMS_MEETING,REVIEWTYPE,COMREF,AAI
PROJECT_MEETING,RMS,ENGINEERING,,CUMMINS_RMS_MEETING,BUSINESSUNIT,COMREF,AAI
PROJECT_MEETING,RMS,ENGINEERING,,CUMMINS_RMS_MEETING,STARTTIME,COMREF,AAI
PROJECT_MEETING_ISSUES,RMS,ENGINEERING,,CUMMINS_RMS_ISSUE,,COMREF,AAI
PROJECT_MEETING_ISSUES,RMS,ENGINEERING,,CUMMINS_RMS_ISSUE,REVIEWMEETINGNUMBER,COMREF,AAI
PROJECT_MEETING_ISSUES,RMS,ENGINEERING,,CUMMINS_RMS_ISSUE,TARGETDATE,COMREF,AAI
PROJECT_MEETING_ISSUES,RMS,ENGINEERING,,CUMMINS_RMS_ISSUE,DSN,COMREF,AAI
PROJECT_MEETING_ISSUES,RMS,ENGINEERING,,CUMMINS_RMS_ISSUE,ISSUEASSIGNEE,COMREF,AAI
PROJECT_MEETING_ISSUES,RMS,ENGINEERING,,CUMMINS_RMS_ISSUE,CREATEDBY,COMREF,AAI
PROJECT_MEETING_ISSUES,RMS,ENGINEERING,,CUMMINS_RMS_ISSUE,UPDATEDBY,COMREF,AAI
PROJECT_MEETING_ISSUES,RMS,ENGINEERING,,CUMMINS_RMS_ISSUE,ISSUETITLE,COMREF,AAI
PROJECT_MEETING_ISSUES,RMS,ENGINEERING,,CUMMINS_RMS_ISSUE,COMPLETIONDATE,COMREF,AAI
PROJECT_MEETING_ISSUES,RMS,ENGINEERING,,,,COMREF,AAI
PROJECT_MEETING_ISSUES,RMS,ENGINEERING,,CUMMINS_RMS_ISSUE,CREATEDDATE,COMREF,AAI
PROJECT_MEETING_ISSUES,RMS,ENGINEERING,,CUMMINS_RMS_ISSUE,ISSUERAISEDBY,COMREF,AAI
PROJECT_MEETING_ISSUES,RMS,ENGINEERING,,CUMMINS_RMS_ISSUE,UPDATEDDATE,COMREF,AAI
PROJECT_MEETING_ISSUES,RMS,ENGINEERING,,CUMMINS_RMS_ISSUE,ISSUESTATE,COMREF,AAI
PROJECT_MEETING_ISSUES,RMS,ENGINEERING,,CUMMINS_RMS_ISSUE,ISSUENUMBER,COMREF,AAI
PROJECT_MEETING_ISSUES,RMS,ENGINEERING,,CUMMINS_RMS_ISSUE,PROGRAMNAME,COMREF,AAI
BASE_PRICE,SFDCSALES,ALL,Pricing,cpq2_base_price__c,,COMREF,SCBI
BASE_PRICE,SFDCSALES,ALL,Pricing,USER,NAME,COMREF,SCBI
BASE_PRICE,SFDCSALES,ALL,Pricing,cpq2_base_price__c,ID,COMREF,SCBI
BASE_PRICE,SFDCSALES,ALL,Pricing,cpq2_base_price__c,CurrencyIsoCode,COMREF,SCBI
BASE_PRICE,SFDCSALES,ALL,Pricing,cpq2_base_price__c,LastViewedDate,COMREF,SCBI
BASE_PRICE,SFDCSALES,ALL,Pricing,cpq2_base_price__c,Active__c,COMREF,SCBI
BASE_PRICE,SFDCSALES,ALL,Pricing,cpq2_base_price__c,IsDeleted,COMREF,SCBI
BASE_PRICE,SFDCSALES,ALL,Pricing,cpq2_base_price__c,End_Date__c,COMREF,SCBI
BASE_PRICE,SFDCSALES,ALL,Pricing,cpq2_base_price__c,CPQ2_Base_Price__c,COMREF,SCBI
BASE_PRICE,SFDCSALES,ALL,Pricing,cpq2_base_price__c,CreatedDate,COMREF,SCBI
BASE_PRICE,SFDCSALES,ALL,Pricing,cpq2_base_price__c,LastModifiedDate,COMREF,SCBI
BASE_PRICE,SFDCSALES,ALL,Pricing,cpq2_base_price__c,Start_Date__c,COMREF,SCBI
BASE_PRICE,SFDCSALES,ALL,Pricing,cpq2_base_price__c,CPQ2_Product_Grouping__c,COMREF,SCBI
BASE_PRICE,SFDCSALES,ALL,Pricing,cpq2_base_price__c,CPQ2_List_Price_Region__c,COMREF,SCBI
BASE_PRICE,SFDCSALES,ALL,Pricing,cpq2_base_price__c,CreatedById,COMREF,SCBI
BASE_PRICE,SFDCSALES,ALL,Pricing,cpq2_base_price__c,LastReferencedDate,COMREF,SCBI
BASE_PRICE,SFDCSALES,ALL,Pricing,cpq2_base_price__c,OwnerId,COMREF,SCBI
BASE_PRICE,SFDCSALES,ALL,Pricing,cpq2_base_price__c,Name,COMREF,SCBI
BASE_PRICE,SFDCSALES,ALL,Pricing,cpq2_base_price__c,CPQ2_Prod_Code__c,COMREF,SCBI
BASE_PRICE,SFDCSALES,ALL,Pricing,cpq2_base_price__c,Product__c,COMREF,SCBI
BASE_PRICE,SFDCSALES,ALL,Pricing,cpq2_base_price__c,SystemModstamp,COMREF,SCBI
BASE_PRICE,SFDCSALES,ALL,Pricing,cpq2_base_price__c,LastModifiedById,COMREF,SCBI
CAMPAIGN,SFDCSALES,MARKETING,CAMPAIGN,CAMPAIGN,ID,COMREF,DBU
CAMPAIGN,SFDCSALES,MARKETING,CAMPAIGN,CAMPAIGN,NAME,COMREF,DBU
CAMPAIGN,SFDCSALES,MARKETING,CAMPAIGN,CAMPAIGN,ACTUALCOST,COMREF,DBU
CAMPAIGN,SFDCSALES,MARKETING,CAMPAIGN,CAMPAIGN,STATUS,COMREF,DBU
CAMPAIGN,SFDCSALES,MARKETING,CAMPAIGN,CAMPAIGN,MARKET_SEGMENT__C,COMREF,DBU
CAMPAIGN,SFDCSALES,MARKETING,CAMPAIGN,CAMPAIGN,PARENTID,COMREF,DBU
CAMPAIGN,SFDCSALES,MARKETING,CAMPAIGN,CAMPAIGN,HIERARCHYACTUALCOST,COMREF,DBU
CAMPAIGN,SFDCSALES,MARKETING,CAMPAIGN,CAMPAIGN,HIERARCHYBUDGETEDCOST,COMREF,DBU
CAMPAIGN,SFDCSALES,MARKETING,CAMPAIGN,USER,NAME,COMREF,DBU
CAMPAIGN,SFDCSALES,MARKETING,CAMPAIGN,CAMPAIGN,CREATEDDATE,COMREF,DBU
CAMPAIGN,SFDCSALES,MARKETING,CAMPAIGN,CAMPAIGN,ISACTIVE,COMREF,DBU
CAMPAIGN,SFDCSALES,MARKETING,CAMPAIGN,CAMPAIGN,LASTMODIFIEDDATE,COMREF,DBU
CAMPAIGN,SFDCSALES,MARKETING,CAMPAIGN,CAMPAIGN,REGION__C,COMREF,DBU
CAMPAIGN,SFDCSALES,MARKETING,CAMPAIGN,CAMPAIGN,DESCRIPTION,COMREF,DBU
CAMPAIGN,SFDCSALES,MARKETING,CAMPAIGN,CAMPAIGN,ENDDATE,COMREF,DBU
CAMPAIGN,SFDCSALES,MARKETING,CAMPAIGN,CAMPAIGN,SALES_PROMOTION_REGION__C,COMREF,DBU
CAMPAIGN,SFDCSALES,MARKETING,CAMPAIGN,CAMPAIGN,MARKET_SUB_SEGMENT__C ,COMREF,DBU
CAMPAIGN,SFDCSALES,MARKETING,CAMPAIGN,CAMPAIGN,ROI__C,COMREF,DBU
CAMPAIGN,SFDCSALES,MARKETING,CAMPAIGN,CAMPAIGN,CAMPAIGN_SUB_TYPE__C,COMREF,DBU
CAMPAIGN,SFDCSALES,MARKETING,CAMPAIGN,CAMPAIGN,TYPE,COMREF,DBU
CAMPAIGN,SFDCSALES,MARKETING,CAMPAIGN,CAMPAIGN,STARTDATE,COMREF,DBU
CAMPAIGN,SFDCSALES,MARKETING,CAMPAIGN,CAMPAIGN,BUDGETEDCOST,COMREF,DBU
CAMPAIGN,SFDCSALES,MARKETING,CAMPAIGN,,,COMREF,DBU
CAMPAIGN_METRICS,SFDCSALES,MARKETING,CAMPAIGN,CAMPAIGN,NUMBEROFLEADS,COMREF,DBU
CAMPAIGN_METRICS,SFDCSALES,MARKETING,CAMPAIGN,CAMPAIGN,HIERARCHYNUMBEROFLEADS,COMREF,DBU
CAMPAIGN_METRICS,SFDCSALES,MARKETING,CAMPAIGN,CAMPAIGN,HIERARCHYNUMBEROFCONTACTS,COMREF,DBU
CAMPAIGN_METRICS,SFDCSALES,MARKETING,CAMPAIGN,CAMPAIGN,NUMBEROFOPPORTUNITIES,COMREF,DBU
CAMPAIGN_METRICS,SFDCSALES,MARKETING,CAMPAIGN,CAMPAIGN,NUMBEROFWONOPPORTUNITIES,COMREF,DBU
CAMPAIGN_METRICS,SFDCSALES,MARKETING,CAMPAIGN,CAMPAIGN,HIERARCHYNUMBEROFWONOPPORTUNITIES,COMREF,DBU
CAMPAIGN_METRICS,SFDCSALES,MARKETING,CAMPAIGN,USER,NAME,COMREF,DBU
CAMPAIGN_METRICS,SFDCSALES,MARKETING,CAMPAIGN,CAMPAIGN,HIERARCHYNUMBEROFCONVERTEDLEADS,COMREF,DBU
CAMPAIGN_METRICS,SFDCSALES,MARKETING,CAMPAIGN,CAMPAIGN,AMOUNTWONOPPORTUNITIES,COMREF,DBU
CAMPAIGN_METRICS,SFDCSALES,MARKETING,CAMPAIGN,CAMPAIGN,NUMBEROFCONVERTEDLEADS,COMREF,DBU
CAMPAIGN_METRICS,SFDCSALES,MARKETING,CAMPAIGN,CAMPAIGN,ISACTIVE,COMREF,DBU
CAMPAIGN_METRICS,SFDCSALES,MARKETING,CAMPAIGN,CAMPAIGN,ID,COMREF,DBU
CAMPAIGN_METRICS,SFDCSALES,MARKETING,CAMPAIGN,CAMPAIGN,HIERARCHYAMOUNTWONOPPORTUNITIES,COMREF,DBU
CAMPAIGN_METRICS,SFDCSALES,MARKETING,CAMPAIGN,CAMPAIGN,CREATEDDATE,COMREF,DBU
CAMPAIGN_METRICS,SFDCSALES,MARKETING,CAMPAIGN,,,COMREF,DBU
CAMPAIGN_METRICS,SFDCSALES,MARKETING,CAMPAIGN,CAMPAIGN,LASTMODIFIEDDATE,COMREF,DBU
CAMPAIGN_METRICS,SFDCSALES,MARKETING,CAMPAIGN,CAMPAIGN,AMOUNTALLOPPORTUNITIES,COMREF,DBU
CAMPAIGN_METRICS,SFDCSALES,MARKETING,CAMPAIGN,CAMPAIGN,HIERARCHYNUMBEROFOPPORTUNITIES,COMREF,DBU
CAMPAIGN_METRICS,SFDCSALES,MARKETING,CAMPAIGN,CAMPAIGN,HIERARCHYAMOUNTALLOPPORTUNITIES,COMREF,DBU
CAMPAIGN_METRICS,SFDCSALES,MARKETING,CAMPAIGN,CAMPAIGN,NUMBEROFCONTACTS,COMREF,DBU
EMPLOYEE,SFDCSALES,ALL,EMPLOYEE,USER,CREATEDDATE,COMREF,DBU
EMPLOYEE,SFDCSALES,ALL,EMPLOYEE,USER,FederationIdentifier,COMREF,DBU
EMPLOYEE,SFDCSALES,ALL,EMPLOYEE,USER,DATA_SOURCE_NAME,COMREF,DBU
EMPLOYEE,SFDCSALES,ALL,EMPLOYEE,USER,LastName,COMREF,DBU
EMPLOYEE,SFDCSALES,ALL,EMPLOYEE,USER,EMAIL,COMREF,DBU
EMPLOYEE,SFDCSALES,ALL,EMPLOYEE,USER,,COMREF,DBU
EMPLOYEE,SFDCSALES,ALL,EMPLOYEE,USER,MiddleName,COMREF,DBU
EMPLOYEE,SFDCSALES,ALL,EMPLOYEE,USER,NAME,COMREF,DBU
EMPLOYEE,SFDCSALES,ALL,EMPLOYEE,USER,Related_Account__c,COMREF,DBU
EMPLOYEE,SFDCSALES,ALL,EMPLOYEE,USER,TITLE,COMREF,DBU
EMPLOYEE,SFDCSALES,ALL,EMPLOYEE,USER,LASTMODIFIEDDATE,COMREF,DBU
EMPLOYEE,SFDCSALES,ALL,EMPLOYEE,USER,Region__c,COMREF,DBU
EMPLOYEE,SFDCSALES,ALL,EMPLOYEE,USER,Sales_Department__c,COMREF,DBU
EMPLOYEE,SFDCSALES,ALL,EMPLOYEE,USER,ContactId,COMREF,DBU
EMPLOYEE,SFDCSALES,ALL,EMPLOYEE,USER,ID,COMREF,DBU
EMPLOYEE,SFDCSALES,ALL,EMPLOYEE,USER,FirstName,COMREF,DBU
EMPLOYEE_ASSIGNMENT,SFDCSALES,ALL,EMPLOYEE_ASSIGNMENT,USER,LASTMODIFIEDDATE,COMREF,DBU
EMPLOYEE_ASSIGNMENT,SFDCSALES,ALL,EMPLOYEE_ASSIGNMENT,USER,,COMREF,DBU
EMPLOYEE_ASSIGNMENT,SFDCSALES,ALL,EMPLOYEE_ASSIGNMENT,USER,"ID, MANAGERID",COMREF,DBU
EMPLOYEE_ASSIGNMENT,SFDCSALES,ALL,EMPLOYEE_ASSIGNMENT,USER,NAME,COMREF,DBU
EMPLOYEE_ASSIGNMENT,SFDCSALES,ALL,EMPLOYEE_ASSIGNMENT,USER,CREATEDDATE,COMREF,DBU
EMPLOYEE_ASSIGNMENT,SFDCSALES,ALL,EMPLOYEE_ASSIGNMENT,USER,DSN,COMREF,DBU
EMPLOYEE_ASSIGNMENT,SFDCSALES,ALL,EMPLOYEE_ASSIGNMENT,USER,MANAGERID,COMREF,DBU
EMPLOYEE_ASSIGNMENT,SFDCSALES,ALL,EMPLOYEE_ASSIGNMENT,USER,ID,COMREF,DBU
MARKETING_ACCOUNT,SFDCSALES,MARKETING,CAMPAIGN,ACCOUNT,ACCOUNT_TEAM_REGION__C,COMREF,DBU
MARKETING_ACCOUNT,SFDCSALES,MARKETING,CAMPAIGN,USER,NAME,COMREF,DBU
MARKETING_ACCOUNT,SFDCSALES,MARKETING,CAMPAIGN,ACCOUNT,NAME,COMREF,DBU
MARKETING_ACCOUNT,SFDCSALES,MARKETING,CAMPAIGN,ACCOUNT,TYPE,COMREF,DBU
MARKETING_ACCOUNT,SFDCSALES,MARKETING,CAMPAIGN,ACCOUNT,INDUSTRY,COMREF,DBU
MARKETING_ACCOUNT,SFDCSALES,MARKETING,CAMPAIGN,ACCOUNT,LASTMODIFIEDDATE,COMREF,DBU
MARKETING_ACCOUNT,SFDCSALES,MARKETING,CAMPAIGN,ACCOUNT,CREATEDDATE,COMREF,DBU
MARKETING_ACCOUNT,SFDCSALES,MARKETING,CAMPAIGN,ACCOUNT,ID,COMREF,DBU
MARKETING_ACCOUNT,SFDCSALES,MARKETING,CAMPAIGN,ACCOUNT,SALESFORCE_ACCOUNT_ID__C,COMREF,DBU
MARKETING_ACCOUNT,SFDCSALES,MARKETING,CAMPAIGN,ACCOUNT,ISDELETED,COMREF,DBU
MARKETING_ACCOUNT,SFDCSALES,MARKETING,CAMPAIGN,ACCOUNT,DESCRIPTION,COMREF,DBU
MARKETING_ACCOUNT,SFDCSALES,MARKETING,CAMPAIGN,,,COMREF,DBU
MARKETING_ACCOUNT,SFDCSALES,MARKETING,CAMPAIGN,ACCOUNT,STATUS__C,COMREF,DBU
MARKETING_ACCOUNT,SFDCSALES,MARKETING,CAMPAIGN,ACCOUNT,,COMREF,DBU
MARKETING_ACCOUNT,SFDCSALES,MARKETING,CAMPAIGN,,SALESFORCE',COMREF,DBU
MARKETING_ACCOUNT,SFDCSALES,MARKETING,CAMPAIGN,ACCOUNT,ACCOUNT_NUMBER__C,COMREF,DBU
MARKETING_ACCOUNT,SFDCSALES,MARKETING,CAMPAIGN,ACCOUNT,ELOQUA_ID__C,COMREF,DBU
PRICE_MULTIPLIERS,SFDCSALES,FINANCE,Pricing,cpq2_price_multiplier__c,CPQ2_Distributor__c,COMREF,SCBI
PRICE_MULTIPLIERS,SFDCSALES,FINANCE,Pricing,cpq2_price_multiplier__c,SystemModstamp,COMREF,SCBI
PRICE_MULTIPLIERS,SFDCSALES,FINANCE,Pricing,cpq2_price_multiplier__c,Name,COMREF,SCBI
PRICE_MULTIPLIERS,SFDCSALES,FINANCE,Pricing,cpq2_price_multiplier__c,CPQ2_Surcharge__c,COMREF,SCBI
PRICE_MULTIPLIERS,SFDCSALES,FINANCE,Pricing,cpq2_price_multiplier__c,CPQ2_Start_Date__c,COMREF,SCBI
PRICE_MULTIPLIERS,SFDCSALES,FINANCE,Pricing,cpq2_price_multiplier__c,LastViewedDate,COMREF,SCBI
PRICE_MULTIPLIERS,SFDCSALES,FINANCE,Pricing,cpq2_price_multiplier__c,CPQ2_Product__c,COMREF,SCBI
PRICE_MULTIPLIERS,SFDCSALES,FINANCE,Pricing,cpq2_price_multiplier__c,LastReferencedDate,COMREF,SCBI
PRICE_MULTIPLIERS,SFDCSALES,FINANCE,Pricing,cpq2_price_multiplier__c,CPQ2_Parent_Product_Code__c,COMREF,SCBI
PRICE_MULTIPLIERS,SFDCSALES,FINANCE,Pricing,cpq2_price_multiplier__c,LastModifiedDate,COMREF,SCBI
PRICE_MULTIPLIERS,SFDCSALES,FINANCE,Pricing,cpq2_price_multiplier__c,"DSN, CPQ2_Product__c",COMREF,SCBI
PRICE_MULTIPLIERS,SFDCSALES,FINANCE,Pricing,cpq2_price_multiplier__c,CPQ2_Prod_Grouping__c,COMREF,SCBI
PRICE_MULTIPLIERS,SFDCSALES,FINANCE,Pricing,cpq2_price_multiplier__c,CPQ2_Distributor_Group__c,COMREF,SCBI
PRICE_MULTIPLIERS,SFDCSALES,FINANCE,Pricing,cpq2_price_multiplier__c,IsDeleted,COMREF,SCBI
PRICE_MULTIPLIERS,SFDCSALES,FINANCE,Pricing,cpq2_price_multiplier__c,ID,COMREF,SCBI
PRICE_MULTIPLIERS,SFDCSALES,FINANCE,Pricing,cpq2_price_multiplier__c,CreatedById,COMREF,SCBI
PRICE_MULTIPLIERS,SFDCSALES,FINANCE,Pricing,cpq2_price_multiplier__c,OwnerId,COMREF,SCBI
PRICE_MULTIPLIERS,SFDCSALES,FINANCE,Pricing,USER,NAME,COMREF,SCBI
PRICE_MULTIPLIERS,SFDCSALES,FINANCE,Pricing,cpq2_price_multiplier__c,CPQ2_End_Date__c,COMREF,SCBI
PRICE_MULTIPLIERS,SFDCSALES,FINANCE,Pricing,cpq2_price_multiplier__c,CreatedDate,COMREF,SCBI
PRICE_MULTIPLIERS,SFDCSALES,FINANCE,Pricing,,,COMREF,SCBI
PRICE_MULTIPLIERS,SFDCSALES,FINANCE,Pricing,cpq2_price_multiplier__c,CPQ2_Active__c,COMREF,SCBI
PRICE_MULTIPLIERS,SFDCSALES,FINANCE,Pricing,cpq2_price_multiplier__c,CPQ2_Markup__c,COMREF,SCBI
PRICE_MULTIPLIERS,SFDCSALES,FINANCE,Pricing,cpq2_price_multiplier__c,,COMREF,SCBI
PRICE_MULTIPLIERS,SFDCSALES,FINANCE,Pricing,cpq2_price_multiplier__c,CPQ2_Multiplier__c,COMREF,SCBI
PRICE_MULTIPLIERS,SFDCSALES,FINANCE,Pricing,cpq2_price_multiplier__c,LastModifiedById,COMREF,SCBI
PRICE_MULTIPLIERS,SFDCSALES,FINANCE,Pricing,cpq2_price_multiplier__c,CurrencyIsoCode,COMREF,SCBI
PACKAGING_LOCATION,SFDCSPECRIGHT,LOGISTICS,Receiving Location,RECEIVING_LOCATION__C,APPROVAL_COMMENTS__C,COMREF,SCBI
PACKAGING_LOCATION,SFDCSPECRIGHT,LOGISTICS,Receiving Location,RECEIVING_LOCATION__C,CREATEDDATE,COMREF,SCBI
PACKAGING_LOCATION,SFDCSPECRIGHT,LOGISTICS,Receiving Location,RECEIVING_LOCATION__C,CREATEDBYID,COMREF,SCBI
PACKAGING_LOCATION,SFDCSPECRIGHT,LOGISTICS,Receiving Location,RECEIVING_LOCATION__C,LASTMODIFIEDBYID,COMREF,SCBI
PACKAGING_LOCATION,SFDCSPECRIGHT,LOGISTICS,Receiving Location,RECEIVING_LOCATION__C,"DSN,RECEIVING_LOCATION__C",COMREF,SCBI
PACKAGING_LOCATION,SFDCSPECRIGHT,LOGISTICS,Receiving Location,RECEIVING_LOCATION__C,STATUS__C,COMREF,SCBI
PACKAGING_LOCATION,SFDCSPECRIGHT,LOGISTICS,Receiving Location,RECEIVING_LOCATION__C,"DSN,LOCATION_NAME__C",COMREF,SCBI
PACKAGING_LOCATION,SFDCSPECRIGHT,LOGISTICS,Receiving Location,RECEIVING_LOCATION__C,APPROVE_REJECT_DATE__C,COMREF,SCBI
PACKAGING_LOCATION,SFDCSPECRIGHT,LOGISTICS,Receiving Location,RECEIVING_LOCATION__C,,COMREF,SCBI
PACKAGING_LOCATION,SFDCSPECRIGHT,LOGISTICS,Receiving Location,RECEIVING_LOCATION__C,ISDELETED,COMREF,SCBI
PACKAGING_LOCATION,SFDCSPECRIGHT,LOGISTICS,Receiving Location,RECEIVING_LOCATION__C,LASTMODIFIEDDATE,COMREF,SCBI
PACKAGING_LOCATION,SFDCSPECRIGHT,LOGISTICS,Receiving Location,RECEIVING_LOCATION__C,LOCATION_NAME__C,COMREF,SCBI
PACKAGING_LOCATION,SFDCSPECRIGHT,LOGISTICS,Receiving Location,RECEIVING_LOCATION__C,"DSN,PACK_SPEC__C",COMREF,SCBI
PACKAGING_LOCATION,SFDCSPECRIGHT,LOGISTICS,Receiving Location,RECEIVING_LOCATION__C,DSN,COMREF,SCBI
PACKAGING_LOCATION,SFDCSPECRIGHT,LOGISTICS,Receiving Location,RECEIVING_LOCATION__C,RECEIVING_LOCATION__C,COMREF,SCBI
PACKAGING_LOCATION,SFDCSPECRIGHT,LOGISTICS,Receiving Location,RECEIVING_LOCATION__C,"DSN, ID",COMREF,SCBI
PACKAGING_LOCATION,SFDCSPECRIGHT,LOGISTICS,Receiving Location,RECEIVING_LOCATION__C,PACK_SPEC__C,COMREF,SCBI
PACKAGING_LOCATION,SFDCSPECRIGHT,LOGISTICS,Receiving Location,RECEIVING_LOCATION__C,ID,COMREF,SCBI
PACKAGING_SPECIFICATION,SFDCSPECRIGHT,LOGISTICS,Specification Detail,SPECRIGHT__SPECIFICATION__C,CORRUGATED_TYPE__C,COMREF,SCBI
PACKAGING_SPECIFICATION,SFDCSPECRIGHT,LOGISTICS,Specification Detail,SPECRIGHT__SPECIFICATION__C,NAME,COMREF,SCBI
PACKAGING_SPECIFICATION,SFDCSPECRIGHT,LOGISTICS,Specification Detail,SPECRIGHT__SPECIFICATION__C,DUNNAGE_TYPE__C,COMREF,SCBI
PACKAGING_SPECIFICATION,SFDCSPECRIGHT,LOGISTICS,Specification Detail,SPECRIGHT__SPECIFICATION__C,BURST_ECT__C,COMREF,SCBI
PACKAGING_SPECIFICATION,SFDCSPECRIGHT,LOGISTICS,Specification Detail,SPECRIGHT__SPECIFICATION__C,LASTMODIFIEDDATE,COMREF,SCBI
PACKAGING_SPECIFICATION,SFDCSPECRIGHT,LOGISTICS,Specification Detail,SPECRIGHT__SPECIFICATION__C,ISPM_15_COMPLIANCE__C,COMREF,SCBI
PACKAGING_SPECIFICATION,SFDCSPECRIGHT,LOGISTICS,Specification Detail,SPECRIGHT__SPECIFICATION__C," ",COMREF,SCBI
PACKAGING_SPECIFICATION,SFDCSPECRIGHT,LOGISTICS,Specification Detail,SPECRIGHT__SPECIFICATION__C,CREATEDBYID,COMREF,SCBI
PACKAGING_SPECIFICATION,SFDCSPECRIGHT,LOGISTICS,Specification Detail,SPECRIGHT__SPECIFICATION__C,TRACKING__C,COMREF,SCBI
PACKAGING_SPECIFICATION,SFDCSPECRIGHT,LOGISTICS,Specification Detail,SPECRIGHT__SPECIFICATION__C,CERTIFICATION__C,COMREF,SCBI
PACKAGING_SPECIFICATION,SFDCSPECRIGHT,LOGISTICS,Specification Detail,SPECRIGHT__SPECIFICATION__C,PALLET_DECKBOARD_SPACING__C,COMREF,SCBI
PACKAGING_SPECIFICATION,SFDCSPECRIGHT,LOGISTICS,Specification Detail,SPECRIGHT__SPECIFICATION__C,UNIT_LOAD_STACKABILITY__C,COMREF,SCBI
PACKAGING_SPECIFICATION,SFDCSPECRIGHT,LOGISTICS,Specification Detail,SPECRIGHT__SPECIFICATION__C,CLOSURE_TYPE__C,COMREF,SCBI
PACKAGING_SPECIFICATION,SFDCSPECRIGHT,LOGISTICS,Specification Detail,SPECRIGHT__SPECIFICATION__C,LASTMODIFIEDBYID,COMREF,SCBI
PACKAGING_SPECIFICATION,SFDCSPECRIGHT,LOGISTICS,Specification Detail,SPECRIGHT__SPECIFICATION__C,PCR_CONTENT__C,COMREF,SCBI
PACKAGING_SPECIFICATION,SFDCSPECRIGHT,LOGISTICS,Specification Detail,SPECRIGHT__SPECIFICATION__C,ISPM_15_TREATMENT_TYPE__C,COMREF,SCBI
PACKAGING_SPECIFICATION,SFDCSPECRIGHT,LOGISTICS,Specification Detail,SPECRIGHT__SPECIFICATION__C,SR_MATERIAL__C,COMREF,SCBI
PACKAGING_SPECIFICATION,SFDCSPECRIGHT,LOGISTICS,Specification Detail,SPECRIGHT__SPECIFICATION__C,CREATEDDATE,COMREF,SCBI
PACKAGING_SPECIFICATION,SFDCSPECRIGHT,LOGISTICS,Specification Detail,SPECRIGHT__SPECIFICATION__C,ISDELETED,COMREF,SCBI
PACKAGING_SPECIFICATION,SFDCSPECRIGHT,LOGISTICS,Specification Detail,SPECRIGHT__SPECIFICATION__C,"DSN,ID",COMREF,SCBI
PACKAGING_SPECIFICATION,SFDCSPECRIGHT,LOGISTICS,Specification Detail,SPECRIGHT__SPECIFICATION__C,FEFCO_CODE__C,COMREF,SCBI
PACKAGING_SPECIFICATION,SFDCSPECRIGHT,LOGISTICS,Specification Detail,LOOKUP_VALUES,LOOKUP_VALUE,COMREF,SCBI
PACKAGING_SPECIFICATION,SFDCSPECRIGHT,LOGISTICS,Specification Detail,SPECRIGHT__SPECIFICATION__C,SPECRIGHT__FLUTE2__C,COMREF,SCBI
PACKAGING_SPECIFICATION,SFDCSPECRIGHT,LOGISTICS,Specification Detail,SPECRIGHT__SPECIFICATION__C,DSN,COMREF,SCBI
PACKAGING_SPECIFICATION,SFDCSPECRIGHT,LOGISTICS,Specification Detail,SPECRIGHT__SPECIFICATION__C,BOX_STYLE__C,COMREF,SCBI
PACKAGING_SPECIFICATION,SFDCSPECRIGHT,LOGISTICS,Specification Detail,SPECRIGHT__SPECIFICATION__C,ISPM_15_MARK__C,COMREF,SCBI
PACKAGING_SPECIFICATION,SFDCSPECRIGHT,LOGISTICS,Specification Detail,SPECRIGHT__SPECIFICATION__C,MATERIAL_COMPOSITION__C,COMREF,SCBI
PACKAGING_SPECIFICATION,SFDCSPECRIGHT,LOGISTICS,Specification Detail,SPECRIGHT__SPECIFICATION__C,RECORDTYPEID,COMREF,SCBI
PACKAGING_SPECIFICATION,SFDCSPECRIGHT,LOGISTICS,Specification Detail,SPECRIGHT__SPECIFICATION__C,SPECRIGHT__MATERIAL_WARP_SPEC2__C,COMREF,SCBI
USER,SFDCSPECRIGHT,ALL,Application User Details,USER,ID,COMREF,SCBI
USER,SFDCSPECRIGHT,ALL,Application User Details,USER,EMAIL,COMREF,SCBI
USER,SFDCSPECRIGHT,ALL,Application User Details,USER,"DSN,ID",COMREF,SCBI
USER,SFDCSPECRIGHT,ALL,Application User Details,USER,,COMREF,SCBI
USER,SFDCSPECRIGHT,ALL,Application User Details,USER,TITLE,COMREF,SCBI
USER,SFDCSPECRIGHT,ALL,Application User Details,USER,CREATEDBYID,COMREF,SCBI
USER,SFDCSPECRIGHT,ALL,Application User Details,USER,CONTACTID,COMREF,SCBI
USER,SFDCSPECRIGHT,ALL,Application User Details,USER,DSN,COMREF,SCBI
USER,SFDCSPECRIGHT,ALL,Application User Details,USER,ACCOUNTID,COMREF,SCBI
USER,SFDCSPECRIGHT,ALL,Application User Details,USER,LASTMODIFIEDDATE,COMREF,SCBI
USER,SFDCSPECRIGHT,ALL,Application User Details,USER,LASTLOGINDATE,COMREF,SCBI
USER,SFDCSPECRIGHT,ALL,Application User Details,USER,LASTMODIFIEDBYID,COMREF,SCBI
USER,SFDCSPECRIGHT,ALL,Application User Details,USER,FIRSTNAME,COMREF,SCBI
USER,SFDCSPECRIGHT,ALL,Application User Details,USER,LASTNAME,COMREF,SCBI
USER,SFDCSPECRIGHT,ALL,Application User Details,USER,ISACTIVE,COMREF,SCBI
USER,SFDCSPECRIGHT,ALL,Application User Details,USER,DEPARTMENT,COMREF,SCBI
USER,SFDCSPECRIGHT,ALL,Application User Details,USER,NAME,COMREF,SCBI
USER,SFDCSPECRIGHT,ALL,Application User Details,USER,CREATEDDATE,COMREF,SCBI
SPEND_CATEGORY,SIEVO,PROCUREMENT,Procurement,FLT_BACKUP_TAXONOMY_CATEGORY,COMMODITY_CODE,COMREF,AAI
SPEND_CATEGORY,SIEVO,PROCUREMENT,Procurement,,,COMREF,AAI
SPEND_CATEGORY,SIEVO,PROCUREMENT,Procurement,FLT_BACKUP_TAXONOMY_CATEGORY,CATEGORY_2,COMREF,AAI
SPEND_CATEGORY,SIEVO,PROCUREMENT,Procurement,FLT_BACKUP_TAXONOMY_CATEGORY,SNOWFLAKE_MODIFIEDDTM,COMREF,AAI
SPEND_CATEGORY,SIEVO,PROCUREMENT,Procurement," "," ",COMREF,AAI
SPEND_CATEGORY,SIEVO,PROCUREMENT,Procurement,FLT_BACKUP_TAXONOMY_CATEGORY,"PART_NUMBER, COMMODITY_CODE, CATEGORY_1,CATEGORY_2,CATEGORY_3,CATEGORY_4",COMREF,AAI
SPEND_CATEGORY,SIEVO,PROCUREMENT,Procurement,FLT_BACKUP_TAXONOMY_CATEGORY,PART_NUMBER,COMREF,AAI
SPEND_CATEGORY,SIEVO,PROCUREMENT,Procurement,FLT_BACKUP_TAXONOMY_CATEGORY,CATEGORY_1,COMREF,AAI
SPEND_CATEGORY,SIEVO,PROCUREMENT,Procurement,FLT_BACKUP_TAXONOMY_CATEGORY,CATEGORY_3,COMREF,AAI
SPEND_CATEGORY,SIEVO,PROCUREMENT,Procurement,FLT_BACKUP_TAXONOMY_CATEGORY,CATEGORY_4,COMREF,AAI
SPEND_CATEGORY,SIEVO,PROCUREMENT,Procurement,FLT_BACKUP_TAXONOMY_CATEGORY,SNOWFLAKE_CREATEDDTM,COMREF,AAI
SPEND_CATEGORY,SIEVO,PROCUREMENT,Procurement,,DSN,COMREF,AAI
BASE_PRICE,SPRICED,ALL,Pricing,VNRP_BASEPRICE,FUTURE_PRICE,COMREF,SCBI
BASE_PRICE,SPRICED,ALL,Pricing,VNRP_BASEPRICE,CURRENT_PRICE,COMREF,SCBI
BASE_PRICE,SPRICED,ALL,Pricing,VNRP_BASEPRICE,FUTURE_EFFECTIVE_DATE,COMREF,SCBI
BASE_PRICE,SPRICED,ALL,Pricing,VNRP_BASEPRICE,ENTERDATETIME,COMREF,SCBI
BASE_PRICE,SPRICED,ALL,Pricing,VNRP_BASEPRICE,DSN,COMREF,SCBI
BASE_PRICE,SPRICED,ALL,Pricing,VNRP_BASEPRICE,,COMREF,SCBI
BASE_PRICE,SPRICED,ALL,Pricing,VNRP_BASEPRICE,CURRENT_EFFECTIVE_DATE,COMREF,SCBI
BASE_PRICE,SPRICED,ALL,Pricing,VNRP_BASEPRICE,LASTCHGDATETIME,COMREF,SCBI
BASE_PRICE,SPRICED,ALL,Pricing,VNRP_BASEPRICE,OEM_CALCULATED_PRICE,COMREF,SCBI
BASE_PRICE,SPRICED,ALL,Pricing,VNRP_BASEPRICE,OEM_PRICING_ACTION_CODE,COMREF,SCBI
BASE_PRICE,SPRICED,ALL,Pricing,VNRP_BASEPRICE,SALEABLE,COMREF,SCBI
BASE_PRICE,SPRICED,ALL,Pricing,VNRP_BASEPRICE,LASTCHGUSERNAME,COMREF,SCBI
BASE_PRICE,SPRICED,ALL,Pricing,VNRP_BASEPRICE,CODE,COMREF,SCBI
BASE_PRICE,SPRICED,ALL,Pricing,VNRP_BASEPRICE,PUBLISH_PRICE,COMREF,SCBI
BASE_PRICE,SPRICED,ALL,Pricing,VNRP_BASEPRICE,PART_NUMBER_CODE,COMREF,SCBI
BASE_PRICE,SPRICED,ALL,Pricing,VNRP_BASEPRICE,CURRENT_PART_NUMBER,COMREF,SCBI
BASE_PRICE,SPRICED,ALL,Pricing,VNRP_BASEPRICE,ENTERUSERNAME,COMREF,SCBI
BASE_PRICE,SPRICED,ALL,Pricing,,,COMREF,SCBI
BASE_PRICE,SPRICED,ALL,Pricing,VNRP_BASEPRICE,CHANNEL_CODE,COMREF,SCBI
BASE_PRICE,SPRICED,ALL,Pricing,VNRP_BASEPRICE,PUBLISH_EFFECTIVE_DATE,COMREF,SCBI
CHANNEL_PRICING,SPRICED,PRODUCT,,VNRP_CHANNELPRICING,CURRENT_PRICE,COMREF,SCBI
CHANNEL_PRICING,SPRICED,PRODUCT,,,,COMREF,SCBI
CHANNEL_PRICING,SPRICED,PRODUCT,,VNRP_CHANNELPRICING,PART_NUMBER_CODE,COMREF,SCBI
CHANNEL_PRICING,SPRICED,PRODUCT,,VNRP_CHANNELPRICING,ENTERUSERNAME,COMREF,SCBI
CHANNEL_PRICING,SPRICED,PRODUCT,,VNRP_CHANNELPRICING,DSN ,COMREF,SCBI
CHANNEL_PRICING,SPRICED,PRODUCT,,VNRP_CHANNELPRICING,LASTCHGDATETIME,COMREF,SCBI
CHANNEL_PRICING,SPRICED,PRODUCT,,VNRP_CHANNELPRICING,NAME,COMREF,SCBI
CHANNEL_PRICING,SPRICED,PRODUCT,,VNRP_CHANNELPRICING,CODE,COMREF,SCBI
CHANNEL_PRICING,SPRICED,PRODUCT,,VNRP_CHANNELPRICING,"DSN,CODE",COMREF,SCBI
CHANNEL_PRICING,SPRICED,PRODUCT,,VNRP_CHANNELPRICING,PUBLISH_PRICE,COMREF,SCBI
CHANNEL_PRICING,SPRICED,PRODUCT,,VNRP_CHANNELPRICING,FUTURE_PRICE,COMREF,SCBI
CHANNEL_PRICING,SPRICED,PRODUCT,,VNRP_CHANNELPRICING,ENTERDATETIME,COMREF,SCBI
CHANNEL_PRICING,SPRICED,PRODUCT,,VNRP_CHANNELPRICING,HDISDELETEDRECORD,COMREF,SCBI
CHANNEL_PRICING,SPRICED,PRODUCT,,VNRP_CHANNELPRICING,LASTCHGUSERNAME,COMREF,SCBI
CHANNEL_PRICING,SPRICED,PRODUCT,,VNRP_CHANNELPRICING,CHANNEL_CODE,COMREF,SCBI
PRODUCT_PRICING_ACTION,SPRICED,PRODUCT,,VNRP_PRICINGACTIONDETAIL,REGION_NAME,COMREF,AAI
PRODUCT_PRICING_ACTION,SPRICED,PRODUCT,,VNRP_PRICINGACTIONDETAIL,NEW_PRICE,COMREF,AAI
PRODUCT_PRICING_ACTION,SPRICED,PRODUCT,,VNRP_PRICINGACTIONDETAIL,CALCULATED_PRICE,COMREF,AAI
PRODUCT_PRICING_ACTION,SPRICED,PRODUCT,,VNRP_PRICINGACTIONDETAIL,DIR_OF_PM2_APPROVAL,COMREF,AAI
PRODUCT_PRICING_ACTION,SPRICED,PRODUCT,,VNRP_PRICINGACTIONDETAIL,REGIONAL_PRICING_FLAG,COMREF,AAI
PRODUCT_PRICING_ACTION,SPRICED,PRODUCT,,VNRP_PRICINGACTIONDETAIL,VALIDATIONSTATUS,COMREF,AAI
PRODUCT_PRICING_ACTION,SPRICED,PRODUCT,,VNRP_PRICINGACTIONDETAIL,SEGMENT_TYPE,COMREF,AAI
PRODUCT_PRICING_ACTION,SPRICED,PRODUCT,,VNRP_PRICINGACTIONDETAIL,NEW_EFFECTIVE_DATE,COMREF,AAI
PRODUCT_PRICING_ACTION,SPRICED,PRODUCT,,VNRP_PRICINGACTIONDETAIL,PART_NUMBER,COMREF,AAI
PRODUCT_PRICING_ACTION,SPRICED,PRODUCT,,VNRP_PRICINGACTIONDETAIL,CHANGE_REASON_CODE,COMREF,AAI
PRODUCT_PRICING_ACTION,SPRICED,PRODUCT,,VNRP_PRICINGACTIONDETAIL,CPM_LEAD_APPROVAL_NOTE,COMREF,AAI
PRODUCT_PRICING_ACTION,SPRICED,PRODUCT,,VNRP_PRICINGACTIONDETAIL,PRICING_ADMIN_OWNER,COMREF,AAI
PRODUCT_PRICING_ACTION,SPRICED,PRODUCT,,VNRP_PRICINGACTIONDETAIL,EXEC_DIRECTOR_APPROVAL,COMREF,AAI
PRODUCT_PRICING_ACTION,SPRICED,PRODUCT,,VNRP_PRICINGACTIONDETAIL,OLD_PRICE,COMREF,AAI
PRODUCT_PRICING_ACTION,SPRICED,PRODUCT,,VNRP_PRICINGACTIONDETAIL,PRICING_ACTION_CODE,COMREF,AAI
PRODUCT_PRICING_ACTION,SPRICED,PRODUCT,,VNRP_PRICINGACTIONDETAIL,PRICING_MGR_APPROVAL,COMREF,AAI
PRODUCT_PRICING_ACTION,SPRICED,PRODUCT,,VNRP_PRICINGACTIONDETAIL,REGION_CODE,COMREF,AAI
PRODUCT_PRICING_ACTION,SPRICED,PRODUCT,,VNRP_PRICINGACTIONDETAIL,,COMREF,AAI
PRODUCT_PRICING_ACTION,SPRICED,PRODUCT,,VNRP_PRICINGACTIONDETAIL,CORE_MGR_APPROVAL,COMREF,AAI
PRODUCT_PRICING_ACTION,SPRICED,PRODUCT,,VNRP_PRICINGACTIONDETAIL,CODE,COMREF,AAI
PRODUCT_PRICING_ACTION,SPRICED,PRODUCT,,VNRP_PRICINGACTIONDETAIL,NOTES,COMREF,AAI
PRODUCT_PRICING_ACTION,SPRICED,PRODUCT,,VNRP_PRICINGACTIONDETAIL,GLOBAL_TOTAL_IMPACT,COMREF,AAI
PRODUCT_PRICING_ACTION,SPRICED,PRODUCT,,,,COMREF,AAI
PRODUCT_PRICING_ACTION,SPRICED,PRODUCT,,VNRP_PRICINGACTIONDETAIL,LASTCHGDATETIME,COMREF,AAI
PRODUCT_PRICING_ACTION,SPRICED,PRODUCT,,VNRP_PRICINGACTIONDETAIL,CPM_CODE,COMREF,AAI
PRODUCT_PRICING_ACTION,SPRICED,PRODUCT,,VNRP_PRICINGACTIONDETAIL,CPM_LEAD_APPROVAL,COMREF,AAI
PRODUCT_PRICING_ACTION,SPRICED,PRODUCT,,VNRP_PRICINGACTIONDETAIL,LASTCHGUSERNAME,COMREF,AAI
PRODUCT_PRICING_ACTION,SPRICED,PRODUCT,,VNRP_PRICINGACTIONDETAIL,DIR_OF_PM1_APPROVAL,COMREF,AAI
PRODUCT_PRICING_ACTION,SPRICED,PRODUCT,,VNRP_PRICINGACTIONDETAIL,DSN,COMREF,AAI
PRODUCT_PRICING_ACTION,SPRICED,PRODUCT,,VNRP_PRICINGACTIONDETAIL,HDISDELETEDRECORD,COMREF,AAI
PRODUCT_SEGMENT,SPRICED,PRODUCT,Pricing,VNRP_PART,CERTIFICATION_LEVEL_CODE,COMREF,AAI
PRODUCT_SEGMENT,SPRICED,PRODUCT,Pricing,VNRP_PART,ECC_MINOR_CODE,COMREF,AAI
PRODUCT_SEGMENT,SPRICED,PRODUCT,Pricing,VNRP_PART,TURBO_SIZE_CODE,COMREF,AAI
PRODUCT_SEGMENT,SPRICED,PRODUCT,Pricing,VNRP_PART,COMPRESSOR_BRAND_CODE,COMREF,AAI
PRODUCT_SEGMENT,SPRICED,PRODUCT,Pricing,VNRP_PART,CONTROLLER_FEATURE_2_CODE,COMREF,AAI
PRODUCT_SEGMENT,SPRICED,PRODUCT,Pricing,VNRP_PART,PACCAR_PART,COMREF,AAI
PRODUCT_SEGMENT,SPRICED,PRODUCT,Pricing,VNRP_PART,CONTROLLER_FEATURE_1_CODE,COMREF,AAI
PRODUCT_SEGMENT,SPRICED,PRODUCT,Pricing,VNRP_PART,SWAPP_PROGRAM_ANALYSIS_CODE_CODE,COMREF,AAI
PRODUCT_SEGMENT,SPRICED,PRODUCT,Pricing,VNRP_PART,,COMREF,AAI
PRODUCT_SEGMENT,SPRICED,PRODUCT,Pricing,VNRP_PART,ECC_CODE,COMREF,AAI
PRODUCT_SEGMENT,SPRICED,PRODUCT,Pricing,VNRP_PART,PREVIOUS_PART_NUMBER,COMREF,AAI
PRODUCT_SEGMENT,SPRICED,PRODUCT,Pricing,VNRP_PART,ACCENTURE_PART_CODE,COMREF,AAI
PRODUCT_SEGMENT,SPRICED,PRODUCT,Pricing,VNRP_PART,PART_PICTURE,COMREF,AAI
PRODUCT_SEGMENT,SPRICED,PRODUCT,Pricing,VNRP_PART,PRIORITY_NAME,COMREF,AAI
PRODUCT_SEGMENT,SPRICED,PRODUCT,Pricing,VNRP_PART,ELECTRIC_OUTPUT_NAME,COMREF,AAI
PRODUCT_SEGMENT,SPRICED,PRODUCT,Pricing,VNRP_PART,ELECTRIC_TECHNOLOGY_NAME,COMREF,AAI
PRODUCT_SEGMENT,SPRICED,PRODUCT,Pricing,VNRP_PART,ELECTRICAL_INTERFACE_NAME,COMREF,AAI
PRODUCT_SEGMENT,SPRICED,PRODUCT,Pricing,VNRP_PART,SUGGESTED_MARKET_APPLICATION,COMREF,AAI
PRODUCT_SEGMENT,SPRICED,PRODUCT,Pricing,VNRP_PART,STOCKING_SEGMENT_NAME,COMREF,AAI
PRODUCT_SEGMENT,SPRICED,PRODUCT,Pricing,VNRP_PART,SALES_STATUS_CODE_CODE,COMREF,AAI
PRODUCT_SEGMENT,SPRICED,PRODUCT,Pricing,VNRP_REGIONALPART,LOCAL_SEGMENT_CODE,COMREF,AAI
PRODUCT_SEGMENT,SPRICED,PRODUCT,Pricing,VNRP_REGIONALPART,LOCAL_SEGMENT_NAME,COMREF,AAI
PRODUCT_SEGMENT,SPRICED,PRODUCT,Pricing,VNRP_REGIONALPART,TURBO_TECH_CODE,COMREF,AAI
PRODUCT_SEGMENT,SPRICED,PRODUCT,Pricing,VNRP_REGIONALPART,PART_OWNER_CODE,COMREF,AAI
PRODUCT_SEGMENT,SPRICED,PRODUCT,Pricing,VNRP_REGIONALPART,ENGINE_TYPE_CODE,COMREF,AAI
PRODUCT_SEGMENT,SPRICED,PRODUCT,Pricing,VNRP_REGIONALPART,MATERIAL_CODE,COMREF,AAI
PRODUCT_SEGMENT,SPRICED,PRODUCT,Pricing,VNRP_REGIONALPART,COMPRESSOR_CYCLES_CODE,COMREF,AAI
PRODUCT_SEGMENT,SPRICED,PRODUCT,Pricing,VNRP_REGIONALPART,GENSET_MODEL_NAME,COMREF,AAI
PRODUCT_SEGMENT,SPRICED,PRODUCT,Pricing,VNRP_REGIONALPART,ELECTRIC_VOLTAGE_CODE,COMREF,AAI
PRODUCT_SEGMENT,SPRICED,PRODUCT,Pricing,VNRP_REGIONALPART,"Default to ""Local""",COMREF,AAI
PRODUCT_SEGMENT,SPRICED,PRODUCT,Pricing,VNRP_REGIONALPART,ENTERDATETIME,COMREF,AAI
PRODUCT_SEGMENT,SPRICED,PRODUCT,Pricing,VNRP_REGIONALPART,HDISDELETEDRECORD,COMREF,AAI
PRODUCT_SEGMENT,SPRICED,PRODUCT,Pricing,VNRP_REGIONALPART,REGION_NAME,COMREF,AAI
PRODUCT_SEGMENT,SPRICED,PRODUCT,Pricing,VNRP_PART,AC_CHARGE_PORTS_NAME,COMREF,AAI
PRODUCT_SEGMENT,SPRICED,PRODUCT,Pricing,VNRP_PART,ENGINE_OUTPUT_HP_NAME,COMREF,AAI
PRODUCT_SEGMENT,SPRICED,PRODUCT,Pricing,VNRP_PART,PANTOGRAPH_NAME,COMREF,AAI
PRODUCT_SEGMENT,SPRICED,PRODUCT,Pricing,VNRP_REGIONALPART,ELECTRIC_OUTPUT_CODE,COMREF,AAI
PRODUCT_SEGMENT,SPRICED,PRODUCT,Pricing,VNRP_PART,GENSET_MODEL_NAME,COMREF,AAI
PRODUCT_SEGMENT,SPRICED,PRODUCT,Pricing,VNRP_PART,COMPRESSOR_OUTPUT_CODE,COMREF,AAI
PRODUCT_SEGMENT,SPRICED,PRODUCT,Pricing,VNRP_PART,BRAND_MINOR,COMREF,AAI
PRODUCT_SEGMENT,SPRICED,PRODUCT,Pricing,VNRP_PART,PART_OWNER_CODE,COMREF,AAI
PRODUCT_SEGMENT,SPRICED,PRODUCT,Pricing,VNRP_PART,UNIQUE_COMMON_CODE,COMREF,AAI
PRODUCT_SEGMENT,SPRICED,PRODUCT,Pricing,VNRP_PART,SWAPP_PROGRAM_ANALYSIS_CODE_NAME,COMREF,AAI
PRODUCT_SEGMENT,SPRICED,PRODUCT,Pricing,VNRP_PART,UPTIME_PART,COMREF,AAI
PRODUCT_SEGMENT,SPRICED,PRODUCT,Pricing,VNRP_PART,PROPOSED_WPT_IMPACT,COMREF,AAI
PRODUCT_SEGMENT,SPRICED,PRODUCT,Pricing,VNRP_PART,ELECTRIFICATION_PROGRAM_NAME,COMREF,AAI
PRODUCT_SEGMENT,SPRICED,PRODUCT,Pricing,VNRP_PART,ELECTRIC_OUTPUT_CODE,COMREF,AAI
PRODUCT_SEGMENT,SPRICED,PRODUCT,Pricing,VNRP_PART,ELECTRIC_VOLTAGE_NAME,COMREF,AAI
PRODUCT_SEGMENT,SPRICED,PRODUCT,Pricing,VNRP_PART,SALES_VELOCITY,COMREF,AAI
PRODUCT_SEGMENT,SPRICED,PRODUCT,Pricing,VNRP_PART,SUGGESTED_PACCAR,COMREF,AAI
PRODUCT_SEGMENT,SPRICED,PRODUCT,Pricing,VNRP_PART,JV_IDENTIFIER_CODE,COMREF,AAI
PRODUCT_SEGMENT,SPRICED,PRODUCT,Pricing,VNRP_PART,SUGGESTED_ENGINE_TYPE,COMREF,AAI
PRODUCT_SEGMENT,SPRICED,PRODUCT,Pricing,VNRP_PART,RESULTING_COST,COMREF,AAI
PRODUCT_SEGMENT,SPRICED,PRODUCT,Pricing,VNRP_PART,SUPER_FAMILY_CODE,COMREF,AAI
PRODUCT_SEGMENT,SPRICED,PRODUCT,Pricing,VNRP_PART,CPM_CODE,COMREF,AAI
PRODUCT_SEGMENT,SPRICED,PRODUCT,Pricing,VNRP_PART,MANUFACTURER_CODE,COMREF,AAI
PRODUCT_SEGMENT,SPRICED,PRODUCT,Pricing,VNRP_PART,EFFECTIVE_PVC_CODE_CODE,COMREF,AAI
PRODUCT_SEGMENT,SPRICED,PRODUCT,Pricing,VNRP_PART,AIR_HANDLING_TYPE_CODE,COMREF,AAI
PRODUCT_SEGMENT,SPRICED,PRODUCT,Pricing,VNRP_PART,GENSET_MODEL_CODE,COMREF,AAI
PRODUCT_SEGMENT,SPRICED,PRODUCT,Pricing,VNRP_PART,CAPACITY_NAME,COMREF,AAI
PRODUCT_SEGMENT,SPRICED,PRODUCT,Pricing,VNRP_PART,CPM_ASSIGNMENT_RANK,COMREF,AAI
PRODUCT_SEGMENT,SPRICED,PRODUCT,Pricing,VNRP_PART,ELECTRIC_VOLTAGE_CODE,COMREF,AAI
PRODUCT_SEGMENT,SPRICED,PRODUCT,Pricing,VNRP_PART,ECM_NAME,COMREF,AAI
PRODUCT_SEGMENT,SPRICED,PRODUCT,Pricing,VNRP_REGIONALPART,ECC_CODE,COMREF,AAI
PRODUCT_SEGMENT,SPRICED,PRODUCT,Pricing,VNRP_REGIONALPART,ANNUAL_VOLUME,COMREF,AAI
PRODUCT_SEGMENT,SPRICED,PRODUCT,Pricing,VNRP_REGIONALPART,MARKET_APPLICATION_CODE,COMREF,AAI
PRODUCT_SEGMENT,SPRICED,PRODUCT,Pricing,VNRP_REGIONALPART,TRANSMISSION_MODEL_NAME,COMREF,AAI
PRODUCT_SEGMENT,SPRICED,PRODUCT,Pricing,VNRP_REGIONALPART,ELECTRIC_OUTPUT_NAME,COMREF,AAI
PRODUCT_SEGMENT,SPRICED,PRODUCT,Pricing,VNRP_REGIONALPART,LASTCHGDATETIME,COMREF,AAI
PRODUCT_SEGMENT,SPRICED,PRODUCT,Pricing,VNRP_PART,WPT_APPROVAL_NAME,COMREF,AAI
PRODUCT_SEGMENT,SPRICED,PRODUCT,Pricing,VNRP_PART,SUGGESTED_DISPLACEMENT_LITERS,COMREF,AAI
PRODUCT_SEGMENT,SPRICED,PRODUCT,Pricing,VNRP_PART,ENTERUSERNAME,COMREF,AAI
PRODUCT_SEGMENT,SPRICED,PRODUCT,Pricing,VNRP_PART,NUMBER_OF_CHARGE_PORTS_NAME,COMREF,AAI
PRODUCT_SEGMENT,SPRICED,PRODUCT,Pricing,VNRP_PART,RECON_ENGINES_CONTENT_NAME,COMREF,AAI
PRODUCT_SEGMENT,SPRICED,PRODUCT,Pricing,VNRP_PART,RECON_ENGINES_STOCKING_CATEGORY_NAME,COMREF,AAI
PRODUCT_SEGMENT,SPRICED,PRODUCT,Pricing,VNRP_PART,STATUS_NAME,COMREF,AAI
PRODUCT_SEGMENT,SPRICED,PRODUCT,Pricing,VNRP_REGIONALPART,MANUFACTURER_CODE,COMREF,AAI
PRODUCT_SEGMENT,SPRICED,PRODUCT,Pricing,VNRP_REGIONALPART,COMPRESSOR_BRAND_CODE,COMREF,AAI
PRODUCT_SEGMENT,SPRICED,PRODUCT,Pricing,VNRP_REGIONALPART,COMPRESSOR_OUTPUT_CODE,COMREF,AAI
PRODUCT_SEGMENT,SPRICED,PRODUCT,Pricing,VNRP_REGIONALPART,CONTROLLER_FEATURE_1_CODE,COMREF,AAI
PRODUCT_SEGMENT,SPRICED,PRODUCT,Pricing,VNRP_REGIONALPART,CONTROLLER_FEATURE_2_CODE,COMREF,AAI
PRODUCT_SEGMENT,SPRICED,PRODUCT,Pricing,VNRP_REGIONALPART,READY_FOR_SEGMENTATION_NAME,COMREF,AAI
PRODUCT_SEGMENT,SPRICED,PRODUCT,Pricing,VNRP_REGIONALPART,ELECTRIC_TECHNOLOGY_NAME,COMREF,AAI
PRODUCT_SEGMENT,SPRICED,PRODUCT,Pricing,VNRP_REGIONALPART,ELECTRIFICATION_PROGRAM_NAME,COMREF,AAI
PRODUCT_SEGMENT,SPRICED,PRODUCT,Pricing,VNRP_PART,ELECTRIC_TECHNOLOGY_CODE,COMREF,AAI
PRODUCT_SEGMENT,SPRICED,PRODUCT,Pricing,VNRP_PART,SUGGESTED_FUEL_SYSTEM_TYPE,COMREF,AAI
PRODUCT_SEGMENT,SPRICED,PRODUCT,Pricing,VNRP_PART,REGION_NAME,COMREF,AAI
PRODUCT_SEGMENT,SPRICED,PRODUCT,Pricing,VNRP_PART,LASTCHGDATETIME,COMREF,AAI
PRODUCT_SEGMENT,SPRICED,PRODUCT,Pricing,VNRP_REGIONALPART,TURBO_COOLING_CODE,COMREF,AAI
PRODUCT_SEGMENT,SPRICED,PRODUCT,Pricing,VNRP_REGIONALPART,TURBO_SIZE_CODE,COMREF,AAI
PRODUCT_SEGMENT,SPRICED,PRODUCT,Pricing,VNRP_PART,SUGGESTED_UNIQUE_COMMON,COMREF,AAI
PRODUCT_SEGMENT,SPRICED,PRODUCT,Pricing,VNRP_REGIONALPART,INFORMATION_CODE,COMREF,AAI
PRODUCT_SEGMENT,SPRICED,PRODUCT,Pricing,VNRP_PART,ENTERDATETIME,COMREF,AAI
PRODUCT_SEGMENT,SPRICED,PRODUCT,Pricing,VNRP_REGIONALPART,ENGINE_OUTPUT_HP_CODE,COMREF,AAI
PRODUCT_SEGMENT,SPRICED,PRODUCT,Pricing,VNRP_REGIONALPART,JV_IDENTIFIER_CODE,COMREF,AAI
PRODUCT_SEGMENT,SPRICED,PRODUCT,Pricing,VNRP_REGIONALPART,ENERGY_NAME,COMREF,AAI
PRODUCT_SEGMENT,SPRICED,PRODUCT,Pricing,VNRP_REGIONALPART,REGION_CODE,COMREF,AAI
PRODUCT_SEGMENT,SPRICED,PRODUCT,Pricing,VNRP_PART,LIFECYCLE,COMREF,AAI
PRODUCT_SEGMENT,SPRICED,PRODUCT,Pricing,VNRP_REGIONALPART,ENGINE_OUTPUT_HP_NAME,COMREF,AAI
PRODUCT_SEGMENT,SPRICED,PRODUCT,Pricing,VNRP_REGIONALPART,NAME,COMREF,AAI
PRODUCT_SEGMENT,SPRICED,PRODUCT,Pricing,VNRP_PART,TURBO_TECH_CODE,COMREF,AAI
PRODUCT_SEGMENT,SPRICED,PRODUCT,Pricing,VNRP_PART,ENGINE_TYPE_CODE,COMREF,AAI
PRODUCT_SEGMENT,SPRICED,PRODUCT,Pricing,VNRP_PART,RECON_ENGINES_CONTENT_CODE,COMREF,AAI
PRODUCT_SEGMENT,SPRICED,PRODUCT,Pricing,VNRP_PART,SUGGESTED_ENGINE_MODEL,COMREF,AAI
PRODUCT_SEGMENT,SPRICED,PRODUCT,Pricing,VNRP_REGIONALPART,CERTIFICATION_LEVEL_CODE,COMREF,AAI
PRODUCT_SEGMENT,SPRICED,PRODUCT,Pricing,,,COMREF,AAI
PRODUCT_SEGMENT,SPRICED,PRODUCT,Pricing,VNRP_PART,REGION_CODE,COMREF,AAI
PRODUCT_SEGMENT,SPRICED,PRODUCT,Pricing,VNRP_PART,ADDITIVE_MANUFACTURED_NAME,COMREF,AAI
PRODUCT_SEGMENT,SPRICED,PRODUCT,Pricing,VNRP_PART,LASTCHGUSERNAME,COMREF,AAI
PRODUCT_SEGMENT,SPRICED,PRODUCT,Pricing,VNRP_PART,TRANSMISSION_MODEL_NAME,COMREF,AAI
PRODUCT_SEGMENT,SPRICED,PRODUCT,Pricing,VNRP_REGIONALPART," ",COMREF,AAI
PRODUCT_SEGMENT,SPRICED,PRODUCT,Pricing,VNRP_PART,CURRENT_PART_NUMBER,COMREF,AAI
PRODUCT_SEGMENT,SPRICED,PRODUCT,Pricing,VNRP_REGIONALPART,LASTCHGUSERNAME,COMREF,AAI
PRODUCT_SEGMENT,SPRICED,PRODUCT,Pricing,VNRP_ENGINEMODEL,ENGINE_MINOR_CODE,COMREF,AAI
PRODUCT_SEGMENT,SPRICED,PRODUCT,Pricing,VNRP_PART,SUGGESTED_CERTIFICATION_LEVEL,COMREF,AAI
PRODUCT_SEGMENT,SPRICED,PRODUCT,Pricing,VNRP_PART,STOCKING_SEGMENT_CODE,COMREF,AAI
PRODUCT_SEGMENT,SPRICED,PRODUCT,Pricing,VNRP_PART,WPT_CODE,COMREF,AAI
PRODUCT_SEGMENT,SPRICED,PRODUCT,Pricing,VNRP_REGIONALPART,BRAND_MINOR,COMREF,AAI
PRODUCT_SEGMENT,SPRICED,PRODUCT,Pricing,VNRP_PART,HOLSET_ASSEMBLY_NUMBER,COMREF,AAI
PRODUCT_SEGMENT,SPRICED,PRODUCT,Pricing,VNRP_REGIONALPART,RESULTING_COST,COMREF,AAI
PRODUCT_SEGMENT,SPRICED,PRODUCT,Pricing,VNRP_REGIONALPART,ENGINE_MODEL_CODE,COMREF,AAI
PRODUCT_SEGMENT,SPRICED,PRODUCT,Pricing,VNRP_REGIONALPART,ECC_MAJOR_CODE,COMREF,AAI
PRODUCT_SEGMENT,SPRICED,PRODUCT,Pricing,VNRP_REGIONALPART,UNIQUE_COMMON_CODE,COMREF,AAI
PRODUCT_SEGMENT,SPRICED,PRODUCT,Pricing,VNRP_PART,PRODUCT_BU,COMREF,AAI
PRODUCT_SEGMENT,SPRICED,PRODUCT,Pricing,VNRP_REGIONALPART,AC_CHARGE_PORTS_NAME,COMREF,AAI
PRODUCT_SEGMENT,SPRICED,PRODUCT,Pricing,VNRP_REGIONALPART,DSN,COMREF,AAI
PRODUCT_SEGMENT,SPRICED,PRODUCT,Pricing,VNRP_PART,ENGINE_MODEL_CODE,COMREF,AAI
PRODUCT_SEGMENT,SPRICED,PRODUCT,Pricing,VNRP_PART,ANNUAL_VOLUME,COMREF,AAI
PRODUCT_SEGMENT,SPRICED,PRODUCT,Pricing,VNRP_PART,SEGMENT_NAME,COMREF,AAI
PRODUCT_SEGMENT,SPRICED,PRODUCT,Pricing,VNRP_REGIONALPART,ELECTRIC_VOLTAGE_NAME,COMREF,AAI
PRODUCT_SEGMENT,SPRICED,PRODUCT,Pricing,VNRP_PART,TURBO_COOLING_CODE,COMREF,AAI
PRODUCT_SEGMENT,SPRICED,PRODUCT,Pricing,VNRP_PART,ECC_MAJOR,COMREF,AAI
PRODUCT_SEGMENT,SPRICED,PRODUCT,Pricing,VNRP_PART,TURBO_SERIES_CODE,COMREF,AAI
PRODUCT_SEGMENT,SPRICED,PRODUCT,Pricing,VNRP_PART,MARKET_APPLICATION_CODE,COMREF,AAI
PRODUCT_SEGMENT,SPRICED,PRODUCT,Pricing,VNRP_PART,FUEL_SYSTEM_TYPE_CODE,COMREF,AAI
PRODUCT_SEGMENT,SPRICED,PRODUCT,Pricing,VNRP_PART,ECM_CODE,COMREF,AAI
PRODUCT_SEGMENT,SPRICED,PRODUCT,Pricing,VNRP_PART,INFORMATION_CODE,COMREF,AAI
PRODUCT_SEGMENT,SPRICED,PRODUCT,Pricing,VNRP_PART,ENGINE_OUTPUT_HP_CODE,COMREF,AAI
PRODUCT_SEGMENT,SPRICED,PRODUCT,Pricing,VNRP_PART,CPM_INITIAL_PRICE,COMREF,AAI
PRODUCT_SEGMENT,SPRICED,PRODUCT,Pricing,VNRP_REGIONALPART,AIR_HANDLING_TYPE_CODE,COMREF,AAI
PRODUCT_SEGMENT,SPRICED,PRODUCT,Pricing,VNRP_REGIONALPART,ECM_CODE,COMREF,AAI
PRODUCT_SEGMENT,SPRICED,PRODUCT,Pricing,VNRP_REGIONALPART,RECON_ENGINES_CONTENT_CODE,COMREF,AAI
PRODUCT_SEGMENT,SPRICED,PRODUCT,Pricing,VNRP_REGIONALPART,RECON_ENGINES_STOCKING_CATEGORY_CODE,COMREF,AAI
PRODUCT_SEGMENT,SPRICED,PRODUCT,Pricing,VNRP_REGIONALPART,NUMBER_OF_CHARGE_PORTS_NAME,COMREF,AAI
PRODUCT_SEGMENT,SPRICED,PRODUCT,Pricing,VNRP_REGIONALPART,PANTOGRAPH_NAME,COMREF,AAI
PRODUCT_SEGMENT,SPRICED,PRODUCT,Pricing,VNRP_REGIONALPART,RECON_ENGINES_CONTENT_NAME,COMREF,AAI
PRODUCT_SEGMENT,SPRICED,PRODUCT,Pricing,VNRP_REGIONALPART,ELECTRIC_TECHNOLOGY_CODE,COMREF,AAI
PRODUCT_SEGMENT,SPRICED,PRODUCT,Pricing,VNRP_REGIONALPART,BRAND_CODE,COMREF,AAI
PRODUCT_SEGMENT,SPRICED,PRODUCT,Pricing,VNRP_PART,ALL_STOCKING_CERT_LEVELS,COMREF,AAI
PRODUCT_SEGMENT,SPRICED,PRODUCT,Pricing,VNRP_PART,LTB_FLAG_CODE,COMREF,AAI
PRODUCT_SEGMENT,SPRICED,PRODUCT,Pricing,VNRP_REGIONALPART,ECC_MINOR_CODE,COMREF,AAI
PRODUCT_SEGMENT,SPRICED,PRODUCT,Pricing,VNRP_REGIONALPART,SALES_STATUS_CODE,COMREF,AAI
PRODUCT_SEGMENT,SPRICED,PRODUCT,Pricing,VNRP_REGIONALPART,ECM_NAME,COMREF,AAI
PRODUCT_SEGMENT,SPRICED,PRODUCT,Pricing,VNRP_REGIONALPART,ENTERUSERNAME,COMREF,AAI
PRODUCT_SEGMENT,SPRICED,PRODUCT,Pricing,VNRP_PART,BRAND_CODE,COMREF,AAI
PRODUCT_SEGMENT,SPRICED,PRODUCT,Pricing,VNRP_PART,CREATED_ON,COMREF,AAI
PRODUCT_SEGMENT,SPRICED,PRODUCT,Pricing,VNRP_PART,STOCKING_CERT_CODE,COMREF,AAI
PRODUCT_SEGMENT,SPRICED,PRODUCT,Pricing,VNRP_PART,CONTROLLER_MODEL_CODE,COMREF,AAI
PRODUCT_SEGMENT,SPRICED,PRODUCT,Pricing,VNRP_REGIONALPART,RECON_ENGINES_STOCKING_CATEGORY_NAME,COMREF,AAI
PRODUCT_SEGMENT,SPRICED,PRODUCT,Pricing,VNRP_REGIONALPART,EFFECTIVE_PVC_CODE,COMREF,AAI
PRODUCT_SEGMENT,SPRICED,PRODUCT,Pricing,VNRP_REGIONALPART,CONTROLLER_MODEL_CODE,COMREF,AAI
PRODUCT_SEGMENT,SPRICED,PRODUCT,Pricing,VNRP_REGIONALPART,CAPACITY_NAME,COMREF,AAI
PRODUCT_SEGMENT,SPRICED,PRODUCT,Pricing,VNRP_REGIONALPART,SEGMENT_TYPE_CODE,COMREF,AAI
PRODUCT_SEGMENT,SPRICED,PRODUCT,Pricing,VNRP_PART,COMPRESSOR_CYCLES_CODE,COMREF,AAI
PRODUCT_SEGMENT,SPRICED,PRODUCT,Pricing,VNRP_REGIONALPART,ELECTRICAL_INTERFACE_NAME,COMREF,AAI
PRODUCT_SEGMENT,SPRICED,PRODUCT,Pricing,VNRP_PART,HDISDELETEDRECORD,COMREF,AAI
PRODUCT_SEGMENT,SPRICED,PRODUCT,Pricing,VNRP_PART,PROPOSED_WPT,COMREF,AAI
PRODUCT_SEGMENT,SPRICED,PRODUCT,Pricing,VNRP_PART,CODE,COMREF,AAI
PRODUCT_SEGMENT,SPRICED,PRODUCT,Pricing,VNRP_REGIONALPART,GENSET_MODEL_CODE,COMREF,AAI
PRODUCT_SEGMENT,SPRICED,PRODUCT,Pricing,VNRP_REGIONALPART,PART_NUMBER,COMREF,AAI
PRODUCT_SEGMENT,SPRICED,PRODUCT,Pricing,VNRP_PART,ENERGY_NAME,COMREF,AAI
PRODUCT_SEGMENT,SPRICED,PRODUCT,Pricing,VNRP_PART,NAME,COMREF,AAI
PRODUCT_SEGMENT,SPRICED,PRODUCT,Pricing,VNRP_PART,NEW_PRICE_REQUEST,COMREF,AAI
PRODUCT_SEGMENT,SPRICED,PRODUCT,Pricing,VNRP_PART,DSN,COMREF,AAI
PRODUCT_SEGMENT,SPRICED,PRODUCT,Pricing,VNRP_PART,SEGMENT_CODE,COMREF,AAI
PRODUCT_SEGMENT,SPRICED,PRODUCT,Pricing,VNRP_PART,SEGMENT_NPPV,COMREF,AAI
PRODUCT_SEGMENT,SPRICED,PRODUCT,Pricing,VNRP_REGIONALPART,DISPLACEMENT_LITERS_CODE,COMREF,AAI
PRODUCT_SEGMENT,SPRICED,PRODUCT,Pricing,VNRP_PART,READY_FOR_SEGMENTATION_NAME,COMREF,AAI
PRODUCT_SEGMENT,SPRICED,PRODUCT,Pricing,VNRP_REGIONALPART,TURBO_SERIES_CODE,COMREF,AAI
PRODUCT_SEGMENT,SPRICED,PRODUCT,Pricing,VNRP_ENGINEMODEL,ENGINE_MAJOR_CODE,COMREF,AAI
PRODUCT_SEGMENT,SPRICED,PRODUCT,Pricing,VNRP_REGIONALPART,FUEL_SYSTEM_TYPE_CODE,COMREF,AAI
PRODUCT_SEGMENT,SPRICED,PRODUCT,Pricing,VNRP_PART,APM_CODE_CODE,COMREF,AAI
PRODUCT_SEGMENT,SPRICED,PRODUCT,Pricing,VNRP_REGIONALPART,,COMREF,AAI
PRODUCT_SEGMENT,SPRICED,PRODUCT,Pricing,VNRP_PART,PRICING_ASSOCIATE_NAME,COMREF,AAI
PRODUCT_SEGMENT,SPRICED,PRODUCT,Pricing,VNRP_PART,SEGMENT_TYPE_CODE,COMREF,AAI
PRODUCT_SEGMENT,SPRICED,PRODUCT,Pricing,VNRP_PART,MATERIAL_CODE,COMREF,AAI
PRODUCT_SEGMENT,SPRICED,PRODUCT,Pricing,VNRP_PART,DISPLACEMENT_LITERS_CODE,COMREF,AAI
PRODUCT_SEGMENT,SPRICED,PRODUCT,Pricing,VNRP_PART,SWAPP,COMREF,AAI
PRODUCT_SEGMENT,SPRICED,PRODUCT,Pricing,VNRP_PART,RECON_ENGINES_STOCKING_CATEGORY_CODE,COMREF,AAI
QUOTE_DETAIL,SPRICED,PRODUCT,,VNRP_QUOTEDETAIL,DSN ,COMREF,SCBI
QUOTE_DETAIL,SPRICED,PRODUCT,,,,COMREF,SCBI
QUOTE_DETAIL,SPRICED,PRODUCT,,VNRP_QUOTEDETAIL,ENTERUSERNAME,COMREF,SCBI
QUOTE_DETAIL,SPRICED,PRODUCT,,VNRP_QUOTEDETAIL,LASTCHGUSERNAME,COMREF,SCBI
QUOTE_DETAIL,SPRICED,PRODUCT,,VNRP_QUOTEDETAIL,HDISDELETEDRECORD,COMREF,SCBI
QUOTE_DETAIL,SPRICED,PRODUCT,,VNRP_QUOTEDETAIL,PART_NUMBER_CODE,COMREF,SCBI
QUOTE_DETAIL,SPRICED,PRODUCT,,VNRP_QUOTEDETAIL,ENTERDATETIME,COMREF,SCBI
QUOTE_DETAIL,SPRICED,PRODUCT,,VNRP_QUOTEDETAIL,LASTCHGDATETIME,COMREF,SCBI
QUOTE_DETAIL,SPRICED,PRODUCT,,VNRP_QUOTEDETAIL,QUOTE_ID_CODE,COMREF,SCBI
QUOTE_DETAIL,SPRICED,PRODUCT,,VNRP_QUOTEDETAIL,QUOTE_PRICE,COMREF,SCBI
QUOTE_DETAIL,SPRICED,PRODUCT,,VNRP_QUOTEDETAIL,NAME,COMREF,SCBI
QUOTE_DETAIL,SPRICED,PRODUCT,,VNRP_QUOTEDETAIL,QUOTE_YEAR,COMREF,SCBI
QUOTE_DETAIL,SPRICED,PRODUCT,,VNRP_QUOTEDETAIL,GOMS_CODE,COMREF,SCBI
QUOTE_DETAIL,SPRICED,PRODUCT,,VNRP_QUOTEDETAIL,PRICING_ADMIN_OWNER_CODE,COMREF,SCBI
QUOTE_DETAIL,SPRICED,PRODUCT,,VNRP_QUOTEDETAIL,CODE,COMREF,SCBI
QUOTE_DETAIL,SPRICED,PRODUCT,,VNRP_QUOTEDETAIL,CURRENCY_CODE,COMREF,SCBI
QUOTE_DETAIL,SPRICED,PRODUCT,,VNRP_QUOTEDETAIL,"DSN,CODE",COMREF,SCBI
QUOTE_HEADER,SPRICED,PRODUCT,,VNRP_QUOTE,PRICING_ADMIN_OWNER_CODE,COMREF,SCBI
QUOTE_HEADER,SPRICED,PRODUCT,,VNRP_QUOTE,LASTCHGUSERNAME,COMREF,SCBI
QUOTE_HEADER,SPRICED,PRODUCT,,,,COMREF,SCBI
QUOTE_HEADER,SPRICED,PRODUCT,,VNRP_QUOTE,"DSN,CODE",COMREF,SCBI
QUOTE_HEADER,SPRICED,PRODUCT,,VNRP_QUOTE,PRICING_REGION_CODE,COMREF,SCBI
QUOTE_HEADER,SPRICED,PRODUCT,,VNRP_QUOTE,PRICING_REGION_NAME,COMREF,SCBI
QUOTE_HEADER,SPRICED,PRODUCT,,VNRP_QUOTE,DSN ,COMREF,SCBI
QUOTE_HEADER,SPRICED,PRODUCT,,VNRP_QUOTE,GOMS_CODE,COMREF,SCBI
QUOTE_HEADER,SPRICED,PRODUCT,,VNRP_QUOTE,LASTCHGDATETIME,COMREF,SCBI
QUOTE_HEADER,SPRICED,PRODUCT,,VNRP_QUOTE,HDISDELETEDRECORD,COMREF,SCBI
QUOTE_HEADER,SPRICED,PRODUCT,,VNRP_QUOTE,NAME,COMREF,SCBI
QUOTE_HEADER,SPRICED,PRODUCT,,VNRP_QUOTE,ENTERUSERNAME,COMREF,SCBI
QUOTE_HEADER,SPRICED,PRODUCT,,VNRP_QUOTE,QUOTE_YEAR,COMREF,SCBI
QUOTE_HEADER,SPRICED,PRODUCT,,VNRP_QUOTE,CODE,COMREF,SCBI
QUOTE_HEADER,SPRICED,PRODUCT,,VNRP_QUOTE,GOMS_NAME,COMREF,SCBI
QUOTE_HEADER,SPRICED,PRODUCT,,VNRP_QUOTE,BILL_TOS,COMREF,SCBI
QUOTE_HEADER,SPRICED,PRODUCT,,VNRP_QUOTE,ENTERDATETIME,COMREF,SCBI
CONSIGNEE,TNTGLOBAL,LOGISTICS,Logistics,TA_CONSIGNEE_XREF,CONSIGNEE_ADJ,COMREF,SCBI
CONSIGNEE,TNTGLOBAL,LOGISTICS,Logistics,TA_CONSIGNEE_XREF,CORRECT_CONSIGNEE_COUNTRY,COMREF,SCBI
CONSIGNEE,TNTGLOBAL,LOGISTICS,Logistics,TA_TNT_GLOBAL_SHIPMENT,RECEIVERPOSTCODE,COMREF,SCBI
CONSIGNEE,TNTGLOBAL,LOGISTICS,Logistics,TA_TNT_GLOBAL_SHIPMENT,RECEIVER,COMREF,SCBI
CONSIGNEE,TNTGLOBAL,LOGISTICS,Logistics,TA_TNT_GLOBAL_SHIPMENT,"RECEIVER,RECEIVERCITY,RECEIVERCOUNTRY,RECEIVERPOSTCODE",COMREF,SCBI
CONSIGNEE,TNTGLOBAL,LOGISTICS,Logistics,TA_CONSIGNEE_XREF,CORRECT_CONSIGNEE_CITY,COMREF,SCBI
CONSIGNEE,TNTGLOBAL,LOGISTICS,Logistics,TA_TNT_GLOBAL_SHIPMENT,,COMREF,SCBI
CONSIGNEE,TNTGLOBAL,LOGISTICS,Logistics,TA_TNT_GLOBAL_SHIPMENT,RECEIVERCITY,COMREF,SCBI
CONSIGNEE,TNTGLOBAL,LOGISTICS,Logistics,TA_TNT_GLOBAL_SHIPMENT,DSN,COMREF,SCBI
CONSIGNEE,TNTGLOBAL,LOGISTICS,Logistics,TA_TNT_GLOBAL_SHIPMENT,RECEIVERCOUNTRY,COMREF,SCBI
PORT_LOCATION,TNTGLOBAL,LOGISTICS,Logistics,TA_PORT_CITIES_XREF,PORT_COUNTRY,COMREF,SCBI
PORT_LOCATION,TNTGLOBAL,LOGISTICS,Logistics,TA_TNT_GLOBAL_SHIPMENT,RECDEPOT,COMREF,SCBI
PORT_LOCATION,TNTGLOBAL,LOGISTICS,Logistics,TA_TNT_GLOBAL_SHIPMENT,DSN,COMREF,SCBI
PORT_LOCATION,TNTGLOBAL,LOGISTICS,Logistics,TA_TNT_GLOBAL_SHIPMENT,SENDEPOT,COMREF,SCBI
PORT_LOCATION,TNTGLOBAL,LOGISTICS,Logistics,TA_TNT_GLOBAL_SHIPMENT,,COMREF,SCBI
PORT_LOCATION,TNTGLOBAL,LOGISTICS,Logistics,TA_PORT_CITIES_XREF,PORT_CODE,COMREF,SCBI
PORT_LOCATION,TNTGLOBAL,LOGISTICS,Logistics,TA_TNT_GLOBAL_SHIPMENT,SNOWFLAKE_MODIFIEDDTM,COMREF,SCBI
PORT_LOCATION,TNTGLOBAL,LOGISTICS,Logistics,TA_TNT_GLOBAL_SHIPMENT,"SENDEPOT,RECDEPOT",COMREF,SCBI
PORT_LOCATION,TNTGLOBAL,LOGISTICS,Logistics,TA_PORT_CITIES_XREF,PORT_CITY,COMREF,SCBI
PORT_LOCATION,TNTGLOBAL,LOGISTICS,Logistics,TA_TNT_GLOBAL_SHIPMENT,SNOWFLAKE_CREATEDDTM,COMREF,SCBI
SHIPPER,TNTGLOBAL,LOGISTICS,Logistics,TA_TNT_GLOBAL_SHIPMENT,SENDERCOUNTRY,COMREF,SCBI
SHIPPER,TNTGLOBAL,LOGISTICS,Logistics,LOOKUP_VALUES,LV1.LOOKUP_VALUE,COMREF,SCBI
SHIPPER,TNTGLOBAL,LOGISTICS,Logistics,TA_SHIPPER_XREF,CORRECT_SHIPPER_ZIP,COMREF,SCBI
SHIPPER,TNTGLOBAL,LOGISTICS,Logistics,"TA_TNT_GLOBAL_SHIPMENT
LOOKUP_VALUES","SENDER,SENDERCOUNTRY,LOOKUP_VALUE",COMREF,SCBI
SHIPPER,TNTGLOBAL,LOGISTICS,Logistics,TA_TNT_GLOBAL_SHIPMENT,DSN,COMREF,SCBI
SHIPPER,TNTGLOBAL,LOGISTICS,Logistics,LOOKUP_VALUES,LV.LOOKUP_VALUE,COMREF,SCBI
SHIPPER,TNTGLOBAL,LOGISTICS,Logistics,TA_SHIPPER_XREF,CORRECT_SHIPPER_ADDRESS,COMREF,SCBI
SHIPPER,TNTGLOBAL,LOGISTICS,Logistics,TA_TNT_GLOBAL_SHIPMENT,SNOWFLAKE_MODIFIEDDTM,COMREF,SCBI
SHIPPER,TNTGLOBAL,LOGISTICS,Logistics,TA_SHIPPER_XREF,SHIPPER_NAME_ADJ,COMREF,SCBI
SHIPPER,TNTGLOBAL,LOGISTICS,Logistics,TA_TNT_GLOBAL_SHIPMENT,SNOWFLAKE_CREATEDDTM,COMREF,SCBI
SHIPPER,TNTGLOBAL,LOGISTICS,Logistics,TA_TNT_GLOBAL_SHIPMENT,,COMREF,SCBI
SHIPPER,TNTGLOBAL,LOGISTICS,Logistics,TA_SHIPPER_XREF,CORRECT_SHIPPER_COUNTRY,COMREF,SCBI
SHIPPER,TNTGLOBAL,LOGISTICS,Logistics,TA_SHIPPER_XREF,CORRECT_SHIPPER_CITY,COMREF,SCBI
SHIPPER,TNTGLOBAL,LOGISTICS,Logistics,TA_TNT_GLOBAL_SHIPMENT,SENDER,COMREF,SCBI
BROKER,UPS,LOGISTICS,Logistics,EV_UPS_TARIFF_DETAIL,BROKER_NAME,COMREF,SCBI
BROKER,UPS,LOGISTICS,Logistics,EV_UPS_TARIFF_DETAIL,BROKER_ADDRESS_LINE_1,COMREF,SCBI
BROKER,UPS,LOGISTICS,Logistics,EV_UPS_TARIFF_DETAIL,HDISDELETEDRECORD,COMREF,SCBI
BROKER,UPS,LOGISTICS,Logistics,EV_UPS_TARIFF_DETAIL,BROKER_POSTAL_CODE,COMREF,SCBI
BROKER,UPS,LOGISTICS,Logistics,EV_UPS_TARIFF_DETAIL,BROKER_ADDRESS_LINE_2,COMREF,SCBI
BROKER,UPS,LOGISTICS,Logistics,EV_UPS_TARIFF_DETAIL,SNOWFLAKE_MODIFIEDDTM,COMREF,SCBI
BROKER,UPS,LOGISTICS,Logistics,EV_UPS_TARIFF_DETAIL,BROKER_CITY,COMREF,SCBI
BROKER,UPS,LOGISTICS,Logistics,EV_UPS_TARIFF_DETAIL,,COMREF,SCBI
BROKER,UPS,LOGISTICS,Logistics,EV_UPS_TARIFF_DETAIL,BROKER_STATE,COMREF,SCBI
BROKER,UPS,LOGISTICS,Logistics,EV_UPS_TARIFF_DETAIL,REGION,COMREF,SCBI
BROKER,UPS,LOGISTICS,Logistics,EV_UPS_TARIFF_DETAIL,DSN,COMREF,SCBI
BROKER,UPS,LOGISTICS,Logistics,EV_UPS_TARIFF_DETAIL,BROKER_COUNTRY,COMREF,SCBI
BROKER,UPS,LOGISTICS,Logistics,EV_UPS_TARIFF_DETAIL,SNOWFLAKE_CREATEDDTM,COMREF,SCBI
CONSIGNEE,UPS,LOGISTICS,Logistics,EV_UPS_TARIFF_DETAIL,CONSIGEE_ADDRESS_LINE_1,COMREF,SCBI
CONSIGNEE,UPS,LOGISTICS,Logistics,EV_UPS_TARIFF_DETAIL,DSN,COMREF,SCBI
CONSIGNEE,UPS,LOGISTICS,Logistics,EV_UPS_TARIFF_DETAIL,CONSIGEE_STATE,COMREF,SCBI
CONSIGNEE,UPS,LOGISTICS,Logistics,EV_UPS_TARIFF_DETAIL,CONSIGEE_NAME,COMREF,SCBI
CONSIGNEE,UPS,LOGISTICS,Logistics,EV_UPS_TARIFF_DETAIL,CONSIGEE_COUNTRY,COMREF,SCBI
CONSIGNEE,UPS,LOGISTICS,Logistics,EV_UPS_TARIFF_DETAIL,CONSIGEE_CITY,COMREF,SCBI
CONSIGNEE,UPS,LOGISTICS,Logistics,EV_UPS_TARIFF_DETAIL,CONSIGNEE_CODE,COMREF,SCBI
CONSIGNEE,UPS,LOGISTICS,Logistics,EV_UPS_TARIFF_DETAIL,CONSIGEE_POSTAL_CODE,COMREF,SCBI
CONSIGNEE,UPS,LOGISTICS,Logistics,EV_UPS_TARIFF_DETAIL,SNOWFLAKE_CREATEDDTM,COMREF,SCBI
CONSIGNEE,UPS,LOGISTICS,Logistics,EV_UPS_TARIFF_DETAIL,,COMREF,SCBI
CONSIGNEE,UPS,LOGISTICS,Logistics,EV_UPS_TARIFF_DETAIL,SNOWFLAKE_MODIFIEDDTM,COMREF,SCBI
IMPORTER,UPS,LOGISTICS,Logistics,EV_UPS_TARIFF_DETAIL,DSN,COMREF,SCBI
IMPORTER,UPS,LOGISTICS,Logistics,EV_UPS_TARIFF_DETAIL,IMPORTER_POSTAL_CODE,COMREF,SCBI
IMPORTER,UPS,LOGISTICS,Logistics,EV_UPS_TARIFF_DETAIL,REGION,COMREF,SCBI
IMPORTER,UPS,LOGISTICS,Logistics,EV_UPS_TARIFF_DETAIL,IMPORTER_NUMBER,COMREF,SCBI
IMPORTER,UPS,LOGISTICS,Logistics,EV_UPS_TARIFF_DETAIL,IMPORTER_NAME,COMREF,SCBI
IMPORTER,UPS,LOGISTICS,Logistics,EV_UPS_TARIFF_DETAIL," ",COMREF,SCBI
IMPORTER,UPS,LOGISTICS,Logistics,EV_UPS_TARIFF_DETAIL,SNOWFLAKE_MODIFIEDDTM,COMREF,SCBI
IMPORTER,UPS,LOGISTICS,Logistics,EV_UPS_TARIFF_DETAIL,IMPORTER_ADDRESS_LINE_1,COMREF,SCBI
IMPORTER,UPS,LOGISTICS,Logistics,EV_UPS_TARIFF_DETAIL,IMPORTER_STATE,COMREF,SCBI
IMPORTER,UPS,LOGISTICS,Logistics,EV_UPS_TARIFF_DETAIL,HDISDELETEDRECORD,COMREF,SCBI
IMPORTER,UPS,LOGISTICS,Logistics,EV_UPS_TARIFF_DETAIL,IMPORTER_COUNTRY,COMREF,SCBI
IMPORTER,UPS,LOGISTICS,Logistics,EV_UPS_TARIFF_DETAIL,IMPORTER_CITY,COMREF,SCBI
IMPORTER,UPS,LOGISTICS,Logistics,EV_UPS_TARIFF_DETAIL,SNOWFLAKE_CREATEDDTM,COMREF,SCBI
IMPORTER,UPS,LOGISTICS,Logistics,EV_UPS_TARIFF_DETAIL,IMPORTER_ADDRESS_LINE_2,COMREF,SCBI
PROJECT_GROUP,WCRVS,ENGINEERING,VPI Project,USERS,NAME,COMREF,PSBU
PROJECT_GROUP,WCRVS,ENGINEERING,VPI Project,ISSUES,,COMREF,PSBU
PROJECT_GROUP,WCRVS,ENGINEERING,VPI Project,PROJECTS,id,COMREF,PSBU
PROJECT_GROUP,WCRVS,ENGINEERING,VPI Project,,,COMREF,PSBU
PROJECT_GROUP,WCRVS,ENGINEERING,VPI Project,Issues,id,COMREF,PSBU
PROJECT_GROUP,WCRVS,ENGINEERING,VPI Project,Issues,"projectid, id",COMREF,PSBU
PROJECT_GROUP,WCRVS,ENGINEERING,VPI Project,Issues,Issueid,COMREF,PSBU
PROJECT_METRICS,WCRVS,ENGINEERING,VPI Project,,,COMREF,PSBU
PROJECT_METRICS,WCRVS,ENGINEERING,VPI Project,Issues,"projectID, id",COMREF,PSBU
PROJECT_METRICS,WCRVS,ENGINEERING,VPI Project,ISSUES,FIELD8,COMREF,PSBU
PROJECT_METRICS,WCRVS,ENGINEERING,VPI Project,ISSUES,FIELD63,COMREF,PSBU
PROJECT_METRICS,WCRVS,ENGINEERING,VPI Project,Issues,id,COMREF,PSBU
PROJECT_METRICS,WCRVS,ENGINEERING,VPI Project,PROJECTS,id,COMREF,PSBU
PROJECT_METRICS,WCRVS,ENGINEERING,VPI Project,ISSUES,FIELD7,COMREF,PSBU
PROJECT_METRICS,WCRVS,ENGINEERING,VPI Project,ISSUES,FIELD64,COMREF,PSBU
PROJECT_METRICS,WCRVS,ENGINEERING,VPI Project,ISSUES,FIELD106,COMREF,PSBU
PROJECT_METRICS,WCRVS,ENGINEERING,VPI Project,ISSUES,FIELD170,COMREF,PSBU
PROJECT_METRICS,WCRVS,ENGINEERING,VPI Project,ISSUES,FIELD172,COMREF,PSBU
PROJECT_METRICS,WCRVS,ENGINEERING,VPI Project,ISSUES,FIELD205,COMREF,PSBU
PROJECT_METRICS,WCRVS,ENGINEERING,VPI Project,ISSUES,FIELD725,COMREF,PSBU
PROJECT_METRICS,WCRVS,ENGINEERING,VPI Project,ISSUES,FIELD1255,COMREF,PSBU
PROJECT_METRICS,WCRVS,ENGINEERING,VPI Project,ISSUES,FIELD1385,COMREF,PSBU
PROJECT_METRICS,WCRVS,ENGINEERING,VPI Project,ISSUES,FIELD1387,COMREF,PSBU
PROJECT_METRICS,WCRVS,ENGINEERING,VPI Project,ISSUES,FIELD1399,COMREF,PSBU
PROJECT_METRICS,WCRVS,ENGINEERING,VPI Project,ISSUES,FIELD1400,COMREF,PSBU
PROJECT_METRICS,WCRVS,ENGINEERING,VPI Project,ISSUES,FIELD1401,COMREF,PSBU
PROJECT_METRICS,WCRVS,ENGINEERING,VPI Project,ISSUES,FIELD1402,COMREF,PSBU
PROJECT_METRICS,WCRVS,ENGINEERING,VPI Project,ISSUES,FIELD1555,COMREF,PSBU
PROJECT_METRICS,WCRVS,ENGINEERING,VPI Project,ISSUES,FIELD1560,COMREF,PSBU
PROJECT_METRICS,WCRVS,ENGINEERING,VPI Project,ISSUES,FIELD1568,COMREF,PSBU
PROJECT_METRICS,WCRVS,ENGINEERING,VPI Project,ISSUES,FIELD1575,COMREF,PSBU
PROJECT_METRICS,WCRVS,ENGINEERING,VPI Project,ISSUES,FIELD1576,COMREF,PSBU
PROJECT_METRICS,WCRVS,ENGINEERING,VPI Project,ISSUES,FIELD1577,COMREF,PSBU
PROJECT_METRICS,WCRVS,ENGINEERING,VPI Project,ISSUES,FIELD1579,COMREF,PSBU
PROJECT_METRICS,WCRVS,ENGINEERING,VPI Project,ISSUES,FIELD1580,COMREF,PSBU
PROJECT_METRICS,WCRVS,ENGINEERING,VPI Project,ISSUES,FIELD1581,COMREF,PSBU
PROJECT_METRICS,WCRVS,ENGINEERING,VPI Project,ISSUES,FIELD1586,COMREF,PSBU
PROJECT_METRICS,WCRVS,ENGINEERING,VPI Project,ISSUES,FIELD1589,COMREF,PSBU
PROJECT_METRICS,WCRVS,ENGINEERING,VPI Project,ISSUES,FIELD1594,COMREF,PSBU
PROJECT_METRICS,WCRVS,ENGINEERING,VPI Project,ISSUES,FIELD1598,COMREF,PSBU
PROJECT_METRICS,WCRVS,ENGINEERING,VPI Project,ISSUES,FIELD1606,COMREF,PSBU
PROJECT_METRICS,WCRVS,ENGINEERING,VPI Project,ISSUES,FIELD1607,COMREF,PSBU
PROJECT_METRICS,WCRVS,ENGINEERING,VPI Project,ISSUES,FIELD1614,COMREF,PSBU
PROJECT_METRICS,WCRVS,ENGINEERING,VPI Project,ISSUES2,FIELD1676,COMREF,PSBU
PROJECT_METRICS,WCRVS,ENGINEERING,VPI Project,ISSUES2,FIELD1785,COMREF,PSBU
PROJECT_METRICS,WCRVS,ENGINEERING,VPI Project,ISSUES2,FIELD1879,COMREF,PSBU
PROJECT_METRICS,WCRVS,ENGINEERING,VPI Project,ISSUES2,FIELD1883,COMREF,PSBU
PROJECT_METRICS,WCRVS,ENGINEERING,VPI Project,ISSUES2,FIELD1884,COMREF,PSBU
PROJECT_METRICS,WCRVS,ENGINEERING,VPI Project,ISSUES2,FIELD1894,COMREF,PSBU
PROJECT_METRICS,WCRVS,ENGINEERING,VPI Project,ISSUES2,FIELD1896,COMREF,PSBU
PROJECT_METRICS,WCRVS,ENGINEERING,VPI Project,ISSUES2,FIELD2306,COMREF,PSBU
PROJECT_METRICS,WCRVS,ENGINEERING,VPI Project,ISSUES2,FIELD2498,COMREF,PSBU
PROJECT_METRICS,WCRVS,ENGINEERING,VPI Project,ISSUES2,FIELD2500,COMREF,PSBU
PROJECT_METRICS,WCRVS,ENGINEERING,VPI Project,ISSUES,FIELD66,COMREF,PSBU
PROJECT_METRICS,WCRVS,ENGINEERING,VPI Project,ISSUES,FIELD136,COMREF,PSBU
PROJECT_METRICS,WCRVS,ENGINEERING,VPI Project,ISSUES,FIELD168,COMREF,PSBU
PROJECT_METRICS,WCRVS,ENGINEERING,VPI Project,ISSUES,FIELD199,COMREF,PSBU
PROJECT_METRICS,WCRVS,ENGINEERING,VPI Project,ISSUES,FIELD201,COMREF,PSBU
PROJECT_METRICS,WCRVS,ENGINEERING,VPI Project,ISSUES2,FIELD1291,COMREF,PSBU
PROJECT_METRICS,WCRVS,ENGINEERING,VPI Project,ISSUES2,FIELD1292,COMREF,PSBU
PROJECT_METRICS,WCRVS,ENGINEERING,VPI Project,ISSUES,FIELD1404,COMREF,PSBU
PROJECT_METRICS,WCRVS,ENGINEERING,VPI Project,ISSUES,FIELD1416,COMREF,PSBU
PROJECT_METRICS,WCRVS,ENGINEERING,VPI Project,ISSUES,FIELD1554,COMREF,PSBU
PROJECT_METRICS,WCRVS,ENGINEERING,VPI Project,ISSUES,FIELD1561,COMREF,PSBU
PROJECT_METRICS,WCRVS,ENGINEERING,VPI Project,ISSUES,FIELD1584,COMREF,PSBU
PROJECT_METRICS,WCRVS,ENGINEERING,VPI Project,ISSUES,FIELD1590,COMREF,PSBU
PROJECT_METRICS,WCRVS,ENGINEERING,VPI Project,ISSUES,FIELD1600,COMREF,PSBU
PROJECT_METRICS,WCRVS,ENGINEERING,VPI Project,ISSUES,FIELD1605,COMREF,PSBU
PROJECT_METRICS,WCRVS,ENGINEERING,VPI Project,ISSUES,FIELD1608,COMREF,PSBU
PROJECT_METRICS,WCRVS,ENGINEERING,VPI Project,ISSUES,FIELD1612,COMREF,PSBU
PROJECT_METRICS,WCRVS,ENGINEERING,VPI Project,ISSUES2,FIELD1880,COMREF,PSBU
PROJECT_METRICS,WCRVS,ENGINEERING,VPI Project,ISSUES2,FIELD1889,COMREF,PSBU
PROJECT_METRICS,WCRVS,ENGINEERING,VPI Project,ISSUES2,FIELD1890,COMREF,PSBU
PROJECT_METRICS,WCRVS,ENGINEERING,VPI Project,ISSUES2,FIELD2028,COMREF,PSBU
PROJECT_METRICS,WCRVS,ENGINEERING,VPI Project,ISSUES2,FIELD2029,COMREF,PSBU
PROJECT_METRICS,WCRVS,ENGINEERING,VPI Project,ISSUES2,FIELD2299,COMREF,PSBU
PROJECT_METRICS,WCRVS,ENGINEERING,VPI Project,ISSUES2,FIELD2300,COMREF,PSBU
PROJECT_METRICS,WCRVS,ENGINEERING,VPI Project,ISSUES2,FIELD2482,COMREF,PSBU
PROJECT_METRICS,WCRVS,ENGINEERING,VPI Project,ISSUES2,FIELD2486,COMREF,PSBU
PROJECT_METRICS,WCRVS,ENGINEERING,VPI Project,ISSUES2,FIELD2491,COMREF,PSBU
PROJECT_METRICS,WCRVS,ENGINEERING,VPI Project,ISSUES2,FIELD2501,COMREF,PSBU
PROJECT_METRICS,WCRVS,ENGINEERING,VPI Project,,FIELD91,COMREF,PSBU
PROJECT_METRICS,WCRVS,ENGINEERING,VPI Project,ISSUES,,COMREF,PSBU
PROJECT_METRICS,WCRVS,ENGINEERING,VPI Project,ISSUES2,FIELD2490,COMREF,PSBU
PROJECT_METRICS,WCRVS,ENGINEERING,VPI Project,ISSUES,FIELD22,COMREF,PSBU
PROJECT_METRICS,WCRVS,ENGINEERING,VPI Project,ISSUES,FIELD174,COMREF,PSBU
PROJECT_METRICS,WCRVS,ENGINEERING,VPI Project,ISSUES,FIELD193,COMREF,PSBU
PROJECT_METRICS,WCRVS,ENGINEERING,VPI Project,ISSUES,FIELD1397,COMREF,PSBU
PROJECT_METRICS,WCRVS,ENGINEERING,VPI Project,ISSUES,FIELD1403,COMREF,PSBU
PROJECT_METRICS,WCRVS,ENGINEERING,VPI Project,ISSUES,FIELD1419,COMREF,PSBU
PROJECT_METRICS,WCRVS,ENGINEERING,VPI Project,ISSUES,FIELD1556,COMREF,PSBU
PROJECT_METRICS,WCRVS,ENGINEERING,VPI Project,ISSUES,FIELD59,COMREF,PSBU
PROJECT_METRICS,WCRVS,ENGINEERING,VPI Project,ISSUES,FIELD1567,COMREF,PSBU
PROJECT_METRICS,WCRVS,ENGINEERING,VPI Project,ISSUES,FIELD1571,COMREF,PSBU
PROJECT_METRICS,WCRVS,ENGINEERING,VPI Project,ISSUES,FIELD1578,COMREF,PSBU
PROJECT_METRICS,WCRVS,ENGINEERING,VPI Project,ISSUES,FIELD1591,COMREF,PSBU
PROJECT_METRICS,WCRVS,ENGINEERING,VPI Project,ISSUES,FIELD1613,COMREF,PSBU
PROJECT_METRICS,WCRVS,ENGINEERING,VPI Project,ISSUES,FIELD1625,COMREF,PSBU
PROJECT_METRICS,WCRVS,ENGINEERING,VPI Project,ISSUES,FIELD5,COMREF,PSBU
PROJECT_METRICS,WCRVS,ENGINEERING,VPI Project,ISSUES2,FIELD2493,COMREF,PSBU
PROJECT_METRICS,WCRVS,ENGINEERING,VPI Project,ISSUES2,FIELD2507,COMREF,PSBU
PROJECT_METRICS,WCRVS,ENGINEERING,VPI Project,,FIELD87,COMREF,PSBU
PROJECT_METRICS,WCRVS,ENGINEERING,VPI Project,ISSUES,FIELD6,COMREF,PSBU
PROJECT_METRICS,WCRVS,ENGINEERING,VPI Project,ISSUES,FIELD4,COMREF,PSBU
PROJECT_METRICS,WCRVS,ENGINEERING,VPI Project,ISSUES,FIELD1566,COMREF,PSBU
PROJECT_METRICS,WCRVS,ENGINEERING,VPI Project,ISSUES,FIELD23,COMREF,PSBU
PROJECT_METRICS,WCRVS,ENGINEERING,VPI Project,ISSUES,FIELD239,COMREF,PSBU
PROJECT_METRICS,WCRVS,ENGINEERING,VPI Project,ISSUES,FIELD724,COMREF,PSBU
PROJECT_METRICS,WCRVS,ENGINEERING,VPI Project,ISSUES2,FIELD1293,COMREF,PSBU
PROJECT_METRICS,WCRVS,ENGINEERING,VPI Project,ISSUES2,FIELD1294,COMREF,PSBU
PROJECT_METRICS,WCRVS,ENGINEERING,VPI Project,ISSUES,FIELD1552,COMREF,PSBU
PROJECT_METRICS,WCRVS,ENGINEERING,VPI Project,ISSUES,FIELD1553,COMREF,PSBU
PROJECT_METRICS,WCRVS,ENGINEERING,VPI Project,ISSUES,FIELD1562,COMREF,PSBU
PROJECT_METRICS,WCRVS,ENGINEERING,VPI Project,ISSUES,FIELD1572,COMREF,PSBU
PROJECT_METRICS,WCRVS,ENGINEERING,VPI Project,ISSUES,FIELD1588,COMREF,PSBU
PROJECT_METRICS,WCRVS,ENGINEERING,VPI Project,ISSUES,FIELD1593,COMREF,PSBU
PROJECT_METRICS,WCRVS,ENGINEERING,VPI Project,ISSUES,FIELD1602,COMREF,PSBU
PROJECT_METRICS,WCRVS,ENGINEERING,VPI Project,ISSUES,FIELD1604,COMREF,PSBU
PROJECT_METRICS,WCRVS,ENGINEERING,VPI Project,ISSUES2,FIELD1888,COMREF,PSBU
PROJECT_METRICS,WCRVS,ENGINEERING,VPI Project,ISSUES2,FIELD1891,COMREF,PSBU
PROJECT_METRICS,WCRVS,ENGINEERING,VPI Project,ISSUES2,FIELD1893,COMREF,PSBU
PROJECT_METRICS,WCRVS,ENGINEERING,VPI Project,ISSUES2,FIELD1895,COMREF,PSBU
PROJECT_METRICS,WCRVS,ENGINEERING,VPI Project,ISSUES2,FIELD2307,COMREF,PSBU
PROJECT_METRICS,WCRVS,ENGINEERING,VPI Project,ISSUES2,FIELD2334,COMREF,PSBU
PROJECT_METRICS,WCRVS,ENGINEERING,VPI Project,ISSUES2,FIELD2480,COMREF,PSBU
PROJECT_METRICS,WCRVS,ENGINEERING,VPI Project,ISSUES2,FIELD2492,COMREF,PSBU
PROJECT_METRICS,WCRVS,ENGINEERING,VPI Project,ISSUES2,FIELD2496,COMREF,PSBU
PROJECT_METRICS,WCRVS,ENGINEERING,VPI Project,USERS,NAME,COMREF,PSBU
PROJECT_METRICS,WCRVS,ENGINEERING,VPI Project,ISSUES,FIELD107,COMREF,PSBU
PROJECT_METRICS,WCRVS,ENGINEERING,VPI Project,ISSUES,FIELD1609,COMREF,PSBU
PROJECT_METRICS,WCRVS,ENGINEERING,VPI Project,ISSUES,FIELD202,COMREF,PSBU
PROJECT_METRICS,WCRVS,ENGINEERING,VPI Project,ISSUES,FIELD129,COMREF,PSBU
PROJECT_METRICS,WCRVS,ENGINEERING,VPI Project,ISSUES,FIELD1384,COMREF,PSBU
PROJECT_METRICS,WCRVS,ENGINEERING,VPI Project,ISSUES,FIELD1559,COMREF,PSBU
PROJECT_METRICS,WCRVS,ENGINEERING,VPI Project,ISSUES,FIELD1565,COMREF,PSBU
PROJECT_METRICS,WCRVS,ENGINEERING,VPI Project,ISSUES,FIELD1583,COMREF,PSBU
PROJECT_METRICS,WCRVS,ENGINEERING,VPI Project,ISSUES,FIELD1601,COMREF,PSBU
PROJECT_METRICS,WCRVS,ENGINEERING,VPI Project,ISSUES,FIELD1603,COMREF,PSBU
PROJECT_METRICS,WCRVS,ENGINEERING,VPI Project,ISSUES2,FIELD1768,COMREF,PSBU
PROJECT_METRICS,WCRVS,ENGINEERING,VPI Project,ISSUES2,FIELD1885,COMREF,PSBU
PROJECT_METRICS,WCRVS,ENGINEERING,VPI Project,ISSUES2,FIELD1886,COMREF,PSBU
PROJECT_METRICS,WCRVS,ENGINEERING,VPI Project,ISSUES2,FIELD1892,COMREF,PSBU
PROJECT_METRICS,WCRVS,ENGINEERING,VPI Project,ISSUES2,FIELD2030,COMREF,PSBU
PROJECT_METRICS,WCRVS,ENGINEERING,VPI Project,ISSUES2,FIELD2481,COMREF,PSBU
PROJECT_METRICS,WCRVS,ENGINEERING,VPI Project,ISSUES2,FIELD2483,COMREF,PSBU
PROJECT_METRICS,WCRVS,ENGINEERING,VPI Project,ISSUES2,FIELD2488,COMREF,PSBU
PROJECT_METRICS,WCRVS,ENGINEERING,VPI Project,ISSUES2,FIELD2497,COMREF,PSBU
PROJECT_METRICS,WCRVS,ENGINEERING,VPI Project,ISSUES2,FIELD2503,COMREF,PSBU
PROJECT_METRICS,WCRVS,ENGINEERING,VPI Project,ISSUES,FIELD1574,COMREF,PSBU
PROJECT_METRICS,WCRVS,ENGINEERING,VPI Project,ISSUES,FIELD1557,COMREF,PSBU
PROJECT_METRICS,WCRVS,ENGINEERING,VPI Project,ISSUES,FIELD1386,COMREF,PSBU
PROJECT_METRICS,WCRVS,ENGINEERING,VPI Project,ISSUES2,FIELD2485,COMREF,PSBU
PROJECT_METRICS,WCRVS,ENGINEERING,VPI Project,ISSUES,FIELD60,COMREF,PSBU
PROJECT_METRICS,WCRVS,ENGINEERING,VPI Project,ISSUES2,FIELD2502,COMREF,PSBU
PROJECT_METRICS,WCRVS,ENGINEERING,VPI Project,ISSUES2,FIELD2489,COMREF,PSBU
PROJECT_METRICS,WCRVS,ENGINEERING,VPI Project,ISSUES,FIELD1563,COMREF,PSBU
PROJECT_METRICS,WCRVS,ENGINEERING,VPI Project,ISSUES,FIELD191,COMREF,PSBU
PROJECT_METRICS,WCRVS,ENGINEERING,VPI Project,ISSUES,FIELD68,COMREF,PSBU
PROJECT_METRICS,WCRVS,ENGINEERING,VPI Project,ISSUES,FIELD97,COMREF,PSBU
PROJECT_METRICS,WCRVS,ENGINEERING,VPI Project,ISSUES,FIELD105,COMREF,PSBU
PROJECT_METRICS,WCRVS,ENGINEERING,VPI Project,ISSUES,FIELD197,COMREF,PSBU
PROJECT_METRICS,WCRVS,ENGINEERING,VPI Project,ISSUES,FIELD204,COMREF,PSBU
PROJECT_METRICS,WCRVS,ENGINEERING,VPI Project,ISSUES,FIELD252,COMREF,PSBU
PROJECT_METRICS,WCRVS,ENGINEERING,VPI Project,ISSUES,FIELD571,COMREF,PSBU
PROJECT_METRICS,WCRVS,ENGINEERING,VPI Project,ISSUES,FIELD135,COMREF,PSBU
PROJECT_METRICS,WCRVS,ENGINEERING,VPI Project,ISSUES,FIELD167,COMREF,PSBU
PROJECT_METRICS,WCRVS,ENGINEERING,VPI Project,ISSUES,FIELD186,COMREF,PSBU
PROJECT_METRICS,WCRVS,ENGINEERING,VPI Project,ISSUES,FIELD251,COMREF,PSBU
PROJECT_METRICS,WCRVS,ENGINEERING,VPI Project,ISSUES,FIELD723,COMREF,PSBU
PROJECT_METRICS,WCRVS,ENGINEERING,VPI Project,ISSUES,FIELD1257,COMREF,PSBU
PROJECT_METRICS,WCRVS,ENGINEERING,VPI Project,ISSUES,FIELD3,COMREF,PSBU
PROJECT_METRICS,WCRVS,ENGINEERING,VPI Project,ISSUES,FIELD65,COMREF,PSBU
PROJECT_METRICS,WCRVS,ENGINEERING,VPI Project,ISSUES,FIELD1398,COMREF,PSBU
PROJECT_METRICS,WCRVS,ENGINEERING,VPI Project,ISSUES,FIELD188,COMREF,PSBU
PROJECT_METRICS,WCRVS,ENGINEERING,VPI Project,ISSUES,FIELD1569,COMREF,PSBU
PROJECT_METRICS,WCRVS,ENGINEERING,VPI Project,ISSUES,FIELD1573,COMREF,PSBU
PROJECT_METRICS,WCRVS,ENGINEERING,VPI Project,ISSUES,FIELD1587,COMREF,PSBU
PROJECT_METRICS,WCRVS,ENGINEERING,VPI Project,ISSUES,FIELD1610,COMREF,PSBU
PROJECT_METRICS,WCRVS,ENGINEERING,VPI Project,ISSUES,FIELD1704,COMREF,PSBU
PROJECT_METRICS,WCRVS,ENGINEERING,VPI Project,ISSUES2,FIELD1784,COMREF,PSBU
PROJECT_METRICS,WCRVS,ENGINEERING,VPI Project,ISSUES2,FIELD1881,COMREF,PSBU
PROJECT_METRICS,WCRVS,ENGINEERING,VPI Project,ISSUES2,FIELD2484,COMREF,PSBU
PROJECT_METRICS,WCRVS,ENGINEERING,VPI Project,ISSUES,FIELD1558,COMREF,PSBU
PROJECT_METRICS,WCRVS,ENGINEERING,VPI Project,ISSUES,FIELD1592,COMREF,PSBU
PROJECT_METRICS,WCRVS,ENGINEERING,VPI Project,ISSUES,FIELD1599,COMREF,PSBU
PROJECT_METRICS,WCRVS,ENGINEERING,VPI Project,ISSUES,FIELD200,COMREF,PSBU
PROJECT_METRICS,WCRVS,ENGINEERING,VPI Project,ISSUES,FIELD24,COMREF,PSBU
PROJECT_METRICS,WCRVS,ENGINEERING,VPI Project,ISSUES,FIELD130,COMREF,PSBU
PROJECT_METRICS,WCRVS,ENGINEERING,VPI Project,ISSUES,FIELD169,COMREF,PSBU
PROJECT_METRICS,WCRVS,ENGINEERING,VPI Project,ISSUES,FIELD192,COMREF,PSBU
PROJECT_METRICS,WCRVS,ENGINEERING,VPI Project,ISSUES,FIELD253,COMREF,PSBU
PROJECT_METRICS,WCRVS,ENGINEERING,VPI Project,ISSUES,FIELD254,COMREF,PSBU
PROJECT_METRICS,WCRVS,ENGINEERING,VPI Project,ISSUES,FIELD1256,COMREF,PSBU
PROJECT_METRICS,WCRVS,ENGINEERING,VPI Project,ISSUES,FIELD171,COMREF,PSBU
PROJECT_METRICS,WCRVS,ENGINEERING,VPI Project,ISSUES,FIELD198,COMREF,PSBU
PROJECT_METRICS,WCRVS,ENGINEERING,VPI Project,ISSUES,FIELD1570,COMREF,PSBU
PROJECT_METRICS,WCRVS,ENGINEERING,VPI Project,ISSUES,FIELD1582,COMREF,PSBU
PROJECT_METRICS,WCRVS,ENGINEERING,VPI Project,ISSUES,FIELD1705,COMREF,PSBU
PROJECT_METRICS,WCRVS,ENGINEERING,VPI Project,ISSUES2,FIELD1878,COMREF,PSBU
PROJECT_METRICS,WCRVS,ENGINEERING,VPI Project,ISSUES2,FIELD1887,COMREF,PSBU
PROJECT_METRICS,WCRVS,ENGINEERING,VPI Project,ISSUES2,FIELD2305,COMREF,PSBU
PROJECT_METRICS,WCRVS,ENGINEERING,VPI Project,ISSUES2,FIELD2479,COMREF,PSBU
PROJECT_METRICS,WCRVS,ENGINEERING,VPI Project,ISSUES2,FIELD2487,COMREF,PSBU
PROJECT_METRICS,WCRVS,ENGINEERING,VPI Project,ISSUES2,FIELD2494,COMREF,PSBU
PROJECT_METRICS,WCRVS,ENGINEERING,VPI Project,ISSUES,FIELD104,COMREF,PSBU
PROJECT_METRICS,WCRVS,ENGINEERING,VPI Project,ISSUES2,FIELD1882,COMREF,PSBU
PROJECT_METRICS,WCRVS,ENGINEERING,VPI Project,ISSUES,FIELD58,COMREF,PSBU
PROJECT_METRICS,WCRVS,ENGINEERING,VPI Project,ISSUES2,FIELD2027,COMREF,PSBU
PROJECT_METRICS,WCRVS,ENGINEERING,VPI Project,ISSUES,FIELD1703,COMREF,PSBU
PROJECT_METRICS,WCRVS,ENGINEERING,VPI Project,ISSUES,FIELD1564,COMREF,PSBU
PROJECT_MILESTONE,WCRVS,ENGINEERING,VPI Project,ISSUES,I1.FIELD1035,COMREF,PSBU
PROJECT_MILESTONE,WCRVS,ENGINEERING,VPI Project,ISSUES3,I2.FIELD1046,COMREF,PSBU
PROJECT_MILESTONE,WCRVS,ENGINEERING,VPI Project,ISSUES6,I2.FIELD1049,COMREF,PSBU
PROJECT_MILESTONE,WCRVS,ENGINEERING,VPI Project,ISSUES8,I2.FIELD1051,COMREF,PSBU
PROJECT_MILESTONE,WCRVS,ENGINEERING,VPI Project,ISSUES10,I2.FIELD1053,COMREF,PSBU
PROJECT_MILESTONE,WCRVS,ENGINEERING,VPI Project,ISSUES,,COMREF,PSBU
PROJECT_MILESTONE,WCRVS,ENGINEERING,VPI Project,,,COMREF,PSBU
PROJECT_MILESTONE,WCRVS,ENGINEERING,VPI Project,ISSUES,I1.FIELD1028,COMREF,PSBU
PROJECT_MILESTONE,WCRVS,ENGINEERING,VPI Project,ISSUES,I1.FIELD1037,COMREF,PSBU
PROJECT_MILESTONE,WCRVS,ENGINEERING,VPI Project,ISSUES7,I2.FIELD1050,COMREF,PSBU
PROJECT_MILESTONE,WCRVS,ENGINEERING,VPI Project,ISSUES,I1.FIELD155,COMREF,PSBU
PROJECT_MILESTONE,WCRVS,ENGINEERING,VPI Project,ISSUES,I1.FIELD279,COMREF,PSBU
PROJECT_MILESTONE,WCRVS,ENGINEERING,VPI Project,ISSUES,I1.FIELD1029,COMREF,PSBU
PROJECT_MILESTONE,WCRVS,ENGINEERING,VPI Project,Issues,id,COMREF,PSBU
PROJECT_MILESTONE,WCRVS,ENGINEERING,VPI Project,ISSUES11,I2.FIELD1054,COMREF,PSBU
PROJECT_MILESTONE,WCRVS,ENGINEERING,VPI Project,ISSUES,FIELD1027,COMREF,PSBU
PROJECT_MILESTONE,WCRVS,ENGINEERING,VPI Project,Issues,"projectID, id",COMREF,PSBU
PROJECT_MILESTONE,WCRVS,ENGINEERING,VPI Project,ISSUES9,I2.FIELD1052,COMREF,PSBU
PROJECT_MILESTONE,WCRVS,ENGINEERING,VPI Project,ISSUES,FIELD1026,COMREF,PSBU
PROJECT_MILESTONE,WCRVS,ENGINEERING,VPI Project,Issues,projectID,COMREF,PSBU
PROJECT_MILESTONE,WCRVS,ENGINEERING,VPI Project,ISSUES,I1.FIELD1032,COMREF,PSBU
PROJECT_MILESTONE,WCRVS,ENGINEERING,VPI Project,USERS,NAME,COMREF,PSBU
PROJECT_MILESTONE,WCRVS,ENGINEERING,VPI Project,ISSUES,I1.FIELD153,COMREF,PSBU
PROJECT_MILESTONE,WCRVS,ENGINEERING,VPI Project,ISSUES12,I2.FIELD1055,COMREF,PSBU
PROJECT_MILESTONE,WCRVS,ENGINEERING,VPI Project,ISSUES2,I2.FIELD1045,COMREF,PSBU
PROJECT_MILESTONE,WCRVS,ENGINEERING,VPI Project,ISSUES,I1.FIELD1031,COMREF,PSBU
PROJECT_MILESTONE,WCRVS,ENGINEERING,VPI Project,ISSUES,I1.FIELD154,COMREF,PSBU
PROJECT_MILESTONE,WCRVS,ENGINEERING,VPI Project,ISSUES5,I2.FIELD1048,COMREF,PSBU
PROJECT_MILESTONE,WCRVS,ENGINEERING,VPI Project,ISSUES4,I2.FIELD1047,COMREF,PSBU
PROJECT_MILESTONE,WCRVS,ENGINEERING,VPI Project,ISSUES,I1.FIELD1034,COMREF,PSBU
PROJECT_MILESTONE,WCRVS,ENGINEERING,VPI Project,ISSUES,I1.FIELD1033,COMREF,PSBU
PROJECT_MILESTONE,WCRVS,ENGINEERING,VPI Project,ISSUES,I1.FIELD1030,COMREF,PSBU
PROJECT_PROPERTIES,WCRVS,ENGINEERING,VPI Project,ISSUES,FIELD159,COMREF,PSBU
PROJECT_PROPERTIES,WCRVS,ENGINEERING,VPI Project,ISSUES2,FIELD1487,COMREF,PSBU
PROJECT_PROPERTIES,WCRVS,ENGINEERING,VPI Project,ISSUES2,FIELD1492,COMREF,PSBU
PROJECT_PROPERTIES,WCRVS,ENGINEERING,VPI Project,ISSUES,FIELD1706,COMREF,PSBU
PROJECT_PROPERTIES,WCRVS,ENGINEERING,VPI Project,ISSUES,FIELD1707,COMREF,PSBU
PROJECT_PROPERTIES,WCRVS,ENGINEERING,VPI Project,ISSUES2,FIELD1709,COMREF,PSBU
PROJECT_PROPERTIES,WCRVS,ENGINEERING,VPI Project,ISSUES2,FIELD1714,COMREF,PSBU
PROJECT_PROPERTIES,WCRVS,ENGINEERING,VPI Project,ISSUES2,FIELD2420,COMREF,PSBU
PROJECT_PROPERTIES,WCRVS,ENGINEERING,VPI Project,"ISSUES,IIDELTAMAP",iideltamap.rightid ,COMREF,PSBU
PROJECT_PROPERTIES,WCRVS,ENGINEERING,VPI Project,mksdomainusers,fullname,COMREF,PSBU
PROJECT_PROPERTIES,WCRVS,ENGINEERING,VPI Project,"issues,iideltamap",iideltamap.rightid ,COMREF,PSBU
PROJECT_PROPERTIES,WCRVS,ENGINEERING,VPI Project,ISSUES,modifieddate,COMREF,PSBU
PROJECT_PROPERTIES,WCRVS,ENGINEERING,VPI Project,ISSUES,FIELD1072,COMREF,PSBU
PROJECT_PROPERTIES,WCRVS,ENGINEERING,VPI Project,ISSUES,FIELD1076,COMREF,PSBU
PROJECT_PROPERTIES,WCRVS,ENGINEERING,VPI Project,ISSUES,FIELD1148,COMREF,PSBU
PROJECT_PROPERTIES,WCRVS,ENGINEERING,VPI Project,ISSUES,FIELD1550,COMREF,PSBU
PROJECT_PROPERTIES,WCRVS,ENGINEERING,VPI Project,,,COMREF,PSBU
PROJECT_PROPERTIES,WCRVS,ENGINEERING,VPI Project,issues,field90,COMREF,PSBU
PROJECT_PROPERTIES,WCRVS,ENGINEERING,VPI Project,ISSUES,FIELD234,COMREF,PSBU
PROJECT_PROPERTIES,WCRVS,ENGINEERING,VPI Project,ISSUES,FIELD236,COMREF,PSBU
PROJECT_PROPERTIES,WCRVS,ENGINEERING,VPI Project,ISSUES,FIELD1025,COMREF,PSBU
PROJECT_PROPERTIES,WCRVS,ENGINEERING,VPI Project,ISSUES,FIELD1070,COMREF,PSBU
PROJECT_PROPERTIES,WCRVS,ENGINEERING,VPI Project,issues,field1112,COMREF,PSBU
PROJECT_PROPERTIES,WCRVS,ENGINEERING,VPI Project,ISSUES,FIELD1275,COMREF,PSBU
PROJECT_PROPERTIES,WCRVS,ENGINEERING,VPI Project,ISSUES2,FIELD1494,COMREF,PSBU
PROJECT_PROPERTIES,WCRVS,ENGINEERING,VPI Project,ISSUES2,FIELD2311,COMREF,PSBU
PROJECT_PROPERTIES,WCRVS,ENGINEERING,VPI Project,TEXT2,value,COMREF,PSBU
PROJECT_PROPERTIES,WCRVS,ENGINEERING,VPI Project,ISSUES,FIELD82,COMREF,PSBU
PROJECT_PROPERTIES,WCRVS,ENGINEERING,VPI Project,PICKS ,NAME,COMREF,PSBU
PROJECT_PROPERTIES,WCRVS,ENGINEERING,VPI Project,ISSUES,FIELD1067,COMREF,PSBU
PROJECT_PROPERTIES,WCRVS,ENGINEERING,VPI Project,Issues,"projectID, id",COMREF,PSBU
PROJECT_PROPERTIES,WCRVS,ENGINEERING,VPI Project,ISSUES,FIELD1075,COMREF,PSBU
PROJECT_PROPERTIES,WCRVS,ENGINEERING,VPI Project,ISSUES,FIELD1549,COMREF,PSBU
PROJECT_PROPERTIES,WCRVS,ENGINEERING,VPI Project,ISSUES,FIELD1585,COMREF,PSBU
PROJECT_PROPERTIES,WCRVS,ENGINEERING,VPI Project,ISSUES,FIELD1074,COMREF,PSBU
PROJECT_PROPERTIES,WCRVS,ENGINEERING,VPI Project,Issues,id,COMREF,PSBU
PROJECT_PROPERTIES,WCRVS,ENGINEERING,VPI Project,issues,field92,COMREF,PSBU
PROJECT_PROPERTIES,WCRVS,ENGINEERING,VPI Project,ISSUES,FIELD98,COMREF,PSBU
PROJECT_PROPERTIES,WCRVS,ENGINEERING,VPI Project,ISSUES,FIELD131,COMREF,PSBU
PROJECT_PROPERTIES,WCRVS,ENGINEERING,VPI Project,ISSUES,FIELD132,COMREF,PSBU
PROJECT_PROPERTIES,WCRVS,ENGINEERING,VPI Project,ISSUES,FIELD137,COMREF,PSBU
PROJECT_PROPERTIES,WCRVS,ENGINEERING,VPI Project,ISSUES,FIELD162,COMREF,PSBU
PROJECT_PROPERTIES,WCRVS,ENGINEERING,VPI Project,ISSUES,FIELD176,COMREF,PSBU
PROJECT_PROPERTIES,WCRVS,ENGINEERING,VPI Project,ISSUES,FIELD203,COMREF,PSBU
PROJECT_PROPERTIES,WCRVS,ENGINEERING,VPI Project,ISSUES,FIELD233,COMREF,PSBU
PROJECT_PROPERTIES,WCRVS,ENGINEERING,VPI Project,ISSUES,FIELD1077,COMREF,PSBU
PROJECT_PROPERTIES,WCRVS,ENGINEERING,VPI Project,ISSUES2,FIELD1488,COMREF,PSBU
PROJECT_PROPERTIES,WCRVS,ENGINEERING,VPI Project,ISSUES,FIELD1551,COMREF,PSBU
PROJECT_PROPERTIES,WCRVS,ENGINEERING,VPI Project,"issues2,picks",field2452,COMREF,PSBU
PROJECT_PROPERTIES,WCRVS,ENGINEERING,VPI Project,ISSUES,FIELD1710,COMREF,PSBU
PROJECT_PROPERTIES,WCRVS,ENGINEERING,VPI Project,Issues,Id,COMREF,PSBU
PROJECT_PROPERTIES,WCRVS,ENGINEERING,VPI Project,ISSUES,FIELD84,COMREF,PSBU
PROJECT_PROPERTIES,WCRVS,ENGINEERING,VPI Project,ISSUES,FIELD86,COMREF,PSBU
PROJECT_PROPERTIES,WCRVS,ENGINEERING,VPI Project,ISSUES,FIELD164,COMREF,PSBU
PROJECT_PROPERTIES,WCRVS,ENGINEERING,VPI Project,ISSUES,FIELD1068,COMREF,PSBU
PROJECT_PROPERTIES,WCRVS,ENGINEERING,VPI Project,ISSUES,FIELD1069,COMREF,PSBU
PROJECT_PROPERTIES,WCRVS,ENGINEERING,VPI Project,ISSUES2,FIELD2411,COMREF,PSBU
PROJECT_PROPERTIES,WCRVS,ENGINEERING,VPI Project,ISSUES,FIELD134,COMREF,PSBU
PROJECT_PROPERTIES,WCRVS,ENGINEERING,VPI Project,ISSUES,createddate,COMREF,PSBU
PROJECT_PROPERTIES,WCRVS,ENGINEERING,VPI Project,ISSUES,FIELD1073,COMREF,PSBU
PROJECT_PROPERTIES,WCRVS,ENGINEERING,VPI Project,ISSUES,FIELD1406,COMREF,PSBU
PROJECT_PROPERTIES,WCRVS,ENGINEERING,VPI Project,ISSUES,field1343,COMREF,PSBU
PROJECT_PROPERTIES,WCRVS,ENGINEERING,VPI Project,ISSUES,field640,COMREF,PSBU
PROJECT_PROPERTIES,WCRVS,ENGINEERING,VPI Project,TEXT2,VALUE,COMREF,PSBU
PROJECT_PROPERTIES,WCRVS,ENGINEERING,VPI Project,ISSUES,FIELD1708,COMREF,PSBU
PROJECT_PROPERTIES,WCRVS,ENGINEERING,VPI Project,ISSUES,FIELD1405,COMREF,PSBU
PROJECT_PROPERTIES,WCRVS,ENGINEERING,VPI Project,ISSUES,FIELD83,COMREF,PSBU
PROJECT_PROPERTIES,WCRVS,ENGINEERING,VPI Project,ISSUES,FIELD81,COMREF,PSBU
PROJECT_PROPERTIES,WCRVS,ENGINEERING,VPI Project,ISSUES,FIELD1071,COMREF,PSBU
PROJECT_PROPERTIES,WCRVS,ENGINEERING,VPI Project,PICKS,NAME,COMREF,PSBU
PROJECT_PROPERTIES,WCRVS,ENGINEERING,VPI Project,ISSUES,FIELD235,COMREF,PSBU
PROJECT_PROPERTIES,WCRVS,ENGINEERING,VPI Project,issues,field163,COMREF,PSBU
PROJECT_PROPERTIES,WCRVS,ENGINEERING,VPI Project,USERS,NAME,COMREF,PSBU
PROJECT_PROPERTIES,WCRVS,ENGINEERING,VPI Project,ISSUES,FIELD133,COMREF,PSBU
PROJECT_PROPERTIES,WCRVS,ENGINEERING,VPI Project,ISSUES2,FIELD1490,COMREF,PSBU
PROJECT_PROPERTIES,WCRVS,ENGINEERING,VPI Project,ISSUES,FIELD1519,COMREF,PSBU
PROJECT_PROPERTIES,WCRVS,ENGINEERING,VPI Project,ISSUES2,FIELD1493,COMREF,PSBU
PROJECT_PROPERTIES,WCRVS,ENGINEERING,VPI Project,ISSUES,FIELD1711,COMREF,PSBU
PROJECT_PROPERTIES,WCRVS,ENGINEERING,VPI Project,ISSUES,FIELD1658,COMREF,PSBU
PROJECT_PROPERTIES,WCRVS,ENGINEERING,VPI Project,,DSN,COMREF,PSBU
PROJECT_PROPERTIES,WCRVS,ENGINEERING,VPI Project,ISSUES,PROJECTID,COMREF,PSBU
PROJECT_PROPERTIES,WCRVS,ENGINEERING,VPI Project,ISSUE,field1382,COMREF,PSBU
PRODUCT_FOOTPRINT_DETAIL,WMS,"PRODUCT, LOGISTICS",Product,PRTFTP_DTL,RCV_FLG,COMREF,SCBI
PRODUCT_FOOTPRINT_DETAIL,WMS,"PRODUCT, LOGISTICS",Product,PRTFTP_DTL,INS_DT,COMREF,SCBI
PRODUCT_FOOTPRINT_DETAIL,WMS,"PRODUCT, LOGISTICS",Product,PRTFTP_DTL,NETWGT,COMREF,SCBI
PRODUCT_FOOTPRINT_DETAIL,WMS,"PRODUCT, LOGISTICS",Product,PRTFTP_DTL,INS_USER_ID,COMREF,SCBI
PRODUCT_FOOTPRINT_DETAIL,WMS,"PRODUCT, LOGISTICS",Product,PRTFTP_DTL,UNTQTY,COMREF,SCBI
PRODUCT_FOOTPRINT_DETAIL,WMS,"PRODUCT, LOGISTICS",Product,PRTFTP_DTL,PAL_FLG,COMREF,SCBI
PRODUCT_FOOTPRINT_DETAIL,WMS,"PRODUCT, LOGISTICS",Product,PRTFTP_DTL,"DSN,PRTNUM,PRT_CLIENT_ID,WH_ID,FTP_COD",COMREF,SCBI
PRODUCT_FOOTPRINT_DETAIL,WMS,"PRODUCT, LOGISTICS",Product,PRTFTP_DTL,CTN_FLG,COMREF,SCBI
PRODUCT_FOOTPRINT_DETAIL,WMS,"PRODUCT, LOGISTICS",Product,PRTFTP_DTL,FTPCOD,COMREF,SCBI
PRODUCT_FOOTPRINT_DETAIL,WMS,"PRODUCT, LOGISTICS",Product,PRTFTP_DTL,CAS_FLG,COMREF,SCBI
PRODUCT_FOOTPRINT_DETAIL,WMS,"PRODUCT, LOGISTICS",Product,PRTFTP_DTL,DSN,COMREF,SCBI
PRODUCT_FOOTPRINT_DETAIL,WMS,"PRODUCT, LOGISTICS",Product,PRTFTP_DTL,LAST_UPD_DT,COMREF,SCBI
PRODUCT_FOOTPRINT_DETAIL,WMS,"PRODUCT, LOGISTICS",Product,PRTFTP_DTL,"DSN,PRTNUM,PRT_CLIENT_ID,WH_ID,FTP_COD,UOMCOD",COMREF,SCBI
PRODUCT_FOOTPRINT_DETAIL,WMS,"PRODUCT, LOGISTICS",Product,PRTFTP_DTL,WH_ID,COMREF,SCBI
PRODUCT_FOOTPRINT_DETAIL,WMS,"PRODUCT, LOGISTICS",Product,PRTFTP_DTL,UOMLVL,COMREF,SCBI
PRODUCT_FOOTPRINT_DETAIL,WMS,"PRODUCT, LOGISTICS",Product,PRTFTP_DTL,LEN,COMREF,SCBI
PRODUCT_FOOTPRINT_DETAIL,WMS,"PRODUCT, LOGISTICS",Product,PRTFTP_DTL,HGT,COMREF,SCBI
PRODUCT_FOOTPRINT_DETAIL,WMS,"PRODUCT, LOGISTICS",Product,PRTFTP_DTL,PAK_FLG,COMREF,SCBI
PRODUCT_FOOTPRINT_DETAIL,WMS,"PRODUCT, LOGISTICS",Product,PRTFTP_DTL,HDISDELETEDRECORD,COMREF,SCBI
PRODUCT_FOOTPRINT_DETAIL,WMS,"PRODUCT, LOGISTICS",Product,PRTFTP_DTL,UOMCOD,COMREF,SCBI
PRODUCT_FOOTPRINT_DETAIL,WMS,"PRODUCT, LOGISTICS",Product,PRTFTP_DTL,PRT_CLIENT_ID,COMREF,SCBI
PRODUCT_FOOTPRINT_DETAIL,WMS,"PRODUCT, LOGISTICS",Product,PRTFTP_DTL,THRESH_PCT,COMREF,SCBI
PRODUCT_FOOTPRINT_DETAIL,WMS,"PRODUCT, LOGISTICS",Product,PRTFTP_DTL,LAST_UPD_USER_ID,COMREF,SCBI
PRODUCT_FOOTPRINT_DETAIL,WMS,"PRODUCT, LOGISTICS",Product,PRTFTP_DTL,GRSWGT,COMREF,SCBI
PRODUCT_FOOTPRINT_DETAIL,WMS,"PRODUCT, LOGISTICS",Product,PRTFTP_DTL,STK_FLG,COMREF,SCBI
PRODUCT_FOOTPRINT_DETAIL,WMS,"PRODUCT, LOGISTICS",Product,PRTFTP_DTL,PRTNUM,COMREF,SCBI
PRODUCT_FOOTPRINT_DETAIL,WMS,"PRODUCT, LOGISTICS",Product,PRTFTP_DTL,,COMREF,SCBI
PRODUCT_FOOTPRINT_DETAIL,WMS,"PRODUCT, LOGISTICS",Product,PRTFTP_DTL,WID,COMREF,SCBI
PRODUCT_WAREHOUSE_CONFIGURATION,WMS,"PRODUCT, LOGISTICS",Product,PRTMST,IGNORE_CON_FLG,COMREF,SCBI
PRODUCT_WAREHOUSE_CONFIGURATION,WMS,"PRODUCT, LOGISTICS",Product,PRTMST,INS_USER_ID,COMREF,SCBI
PRODUCT_WAREHOUSE_CONFIGURATION,WMS,"PRODUCT, LOGISTICS",Product,PRTMST,FIFWIN,COMREF,SCBI
PRODUCT_WAREHOUSE_CONFIGURATION,WMS,"PRODUCT, LOGISTICS",Product,PRTMST,TIMCOD,COMREF,SCBI
PRODUCT_WAREHOUSE_CONFIGURATION,WMS,"PRODUCT, LOGISTICS",Product,PRTMST,RSVUOM,COMREF,SCBI
PRODUCT_WAREHOUSE_CONFIGURATION,WMS,"PRODUCT, LOGISTICS",Product,PRTMST,PRDFLG,COMREF,SCBI
PRODUCT_WAREHOUSE_CONFIGURATION,WMS,"PRODUCT, LOGISTICS",Product,PRTMST,DTCFLG,COMREF,SCBI
PRODUCT_WAREHOUSE_CONFIGURATION,WMS,"PRODUCT, LOGISTICS",Product,PRTMST,CATCH_UNTWGT,COMREF,SCBI
PRODUCT_WAREHOUSE_CONFIGURATION,WMS,"PRODUCT, LOGISTICS",Product,PRTMST,DCFPOS,COMREF,SCBI
PRODUCT_WAREHOUSE_CONFIGURATION,WMS,"PRODUCT, LOGISTICS",Product,PRTMST,REVFLG,COMREF,SCBI
PRODUCT_WAREHOUSE_CONFIGURATION,WMS,"PRODUCT, LOGISTICS",Product,PRTMST,SER_LVL,COMREF,SCBI
PRODUCT_WAREHOUSE_CONFIGURATION,WMS,"PRODUCT, LOGISTICS",Product,PRTMST,PRT_CLIENT_ID,COMREF,SCBI
PRODUCT_WAREHOUSE_CONFIGURATION,WMS,"PRODUCT, LOGISTICS",Product,PRTMST,LOTFLG,COMREF,SCBI
PRODUCT_WAREHOUSE_CONFIGURATION,WMS,"PRODUCT, LOGISTICS",Product,PRTMST,LTLCLS,COMREF,SCBI
PRODUCT_WAREHOUSE_CONFIGURATION,WMS,"PRODUCT, LOGISTICS",Product,PRTMST,SER_TYP,COMREF,SCBI
PRODUCT_WAREHOUSE_CONFIGURATION,WMS,"PRODUCT, LOGISTICS",Product,PRTMST,BTO_OBSO_FLG,COMREF,SCBI
PRODUCT_WAREHOUSE_CONFIGURATION,WMS,"PRODUCT, LOGISTICS",Product,PRTMST,CNZFLG,COMREF,SCBI
PRODUCT_WAREHOUSE_CONFIGURATION,WMS,"PRODUCT, LOGISTICS",Product,PRTMST,WIP_PRTFLG,COMREF,SCBI
PRODUCT_WAREHOUSE_CONFIGURATION,WMS,"PRODUCT, LOGISTICS",Product,PRTMST_WH,LSTRCV,COMREF,SCBI
PRODUCT_WAREHOUSE_CONFIGURATION,WMS,"PRODUCT, LOGISTICS",Product,PRTMST,AVG_CATCH,COMREF,SCBI
PRODUCT_WAREHOUSE_CONFIGURATION,WMS,"PRODUCT, LOGISTICS",Product,PRTMST,MAX_CATCH_QTY,COMREF,SCBI
PRODUCT_WAREHOUSE_CONFIGURATION,WMS,"PRODUCT, LOGISTICS",Product,PRTMST,PARCEL_FLG,COMREF,SCBI
PRODUCT_WAREHOUSE_CONFIGURATION,WMS,"PRODUCT, LOGISTICS",Product,PRTMST,INSFLG,COMREF,SCBI
PRODUCT_WAREHOUSE_CONFIGURATION,WMS,"PRODUCT, LOGISTICS",Product,PRTMST,UC_RESTRICT_AIR_FLAG,COMREF,SCBI
PRODUCT_WAREHOUSE_CONFIGURATION,WMS,"PRODUCT, LOGISTICS",Product,PRTMST_WH,NUMCNT,COMREF,SCBI
PRODUCT_WAREHOUSE_CONFIGURATION,WMS,"PRODUCT, LOGISTICS",Product,PRTMST,"DSN,PRTNUM,PRT_CLIENT_ID,WH_ID_TMPL",COMREF,SCBI
PRODUCT_WAREHOUSE_CONFIGURATION,WMS,"PRODUCT, LOGISTICS",Product,PRTMST,VELZON,COMREF,SCBI
PRODUCT_WAREHOUSE_CONFIGURATION,WMS,"PRODUCT, LOGISTICS",Product,PRTMST,RCVSTS,COMREF,SCBI
PRODUCT_WAREHOUSE_CONFIGURATION,WMS,"PRODUCT, LOGISTICS",Product,PRTMST,MIN_CATCH_QTY,COMREF,SCBI
PRODUCT_WAREHOUSE_CONFIGURATION,WMS,"PRODUCT, LOGISTICS",Product,PRTMST,DSPUOM,COMREF,SCBI
PRODUCT_WAREHOUSE_CONFIGURATION,WMS,"PRODUCT, LOGISTICS",Product,PRTMST,UC_MST_DC,COMREF,SCBI
PRODUCT_WAREHOUSE_CONFIGURATION,WMS,"PRODUCT, LOGISTICS",Product,PRTMST,UC_PRM_DC,COMREF,SCBI
PRODUCT_WAREHOUSE_CONFIGURATION,WMS,"PRODUCT, LOGISTICS",Product,PRTMST,UC_EAC_CODE,COMREF,SCBI
PRODUCT_WAREHOUSE_CONFIGURATION,WMS,"PRODUCT, LOGISTICS",Product,PRTMST,CNTBCK_ENA_FLG,COMREF,SCBI
PRODUCT_WAREHOUSE_CONFIGURATION,WMS,"PRODUCT, LOGISTICS",Product,PRTMST,THRESH_PCK_VAR,COMREF,SCBI
PRODUCT_WAREHOUSE_CONFIGURATION,WMS,"PRODUCT, LOGISTICS",Product,PRTMST_WH,CNTDTE,COMREF,SCBI
PRODUCT_WAREHOUSE_CONFIGURATION,WMS,"PRODUCT, LOGISTICS",Product,PRTMST,LAST_UPD_USER_ID,COMREF,SCBI
PRODUCT_WAREHOUSE_CONFIGURATION,WMS,"PRODUCT, LOGISTICS",Product,PRTMST,WH_ID_TMPL,COMREF,SCBI
PRODUCT_WAREHOUSE_CONFIGURATION,WMS,"PRODUCT, LOGISTICS",Product,PRTMST,DSN,COMREF,SCBI
PRODUCT_WAREHOUSE_CONFIGURATION,WMS,"PRODUCT, LOGISTICS",Product,PRTMST,LAST_UPD_DT,COMREF,SCBI
PRODUCT_WAREHOUSE_CONFIGURATION,WMS,"PRODUCT, LOGISTICS",Product,PRTMST,INS_DT,COMREF,SCBI
PRODUCT_WAREHOUSE_CONFIGURATION,WMS,"PRODUCT, LOGISTICS",Product,PRTMST,CRNCY_CODE,COMREF,SCBI
PRODUCT_WAREHOUSE_CONFIGURATION,WMS,"PRODUCT, LOGISTICS",Product,PRTMST,HDISDELETEDRECORD,COMREF,SCBI
PRODUCT_WAREHOUSE_CONFIGURATION,WMS,"PRODUCT, LOGISTICS",Product,PRTMST,PRTMST,COMREF,SCBI
PRODUCT_WAREHOUSE_CONFIGURATION,WMS,"PRODUCT, LOGISTICS",Product,PRTMST,SCFPOS,COMREF,SCBI
PRODUCT_WAREHOUSE_CONFIGURATION,WMS,"PRODUCT, LOGISTICS",Product,PRTMST,REOQTY,COMREF,SCBI
PRODUCT_WAREHOUSE_CONFIGURATION,WMS,"PRODUCT, LOGISTICS",Product,PRTMST,REOPNT,COMREF,SCBI
PRODUCT_WAREHOUSE_CONFIGURATION,WMS,"PRODUCT, LOGISTICS",Product,PRTMST,HAZMAT_FLG,COMREF,SCBI
PRODUCT_WAREHOUSE_CONFIGURATION,WMS,"PRODUCT, LOGISTICS",Product,PRTMST,BOX_PCK_FLG,COMREF,SCBI
PRODUCT_WAREHOUSE_CONFIGURATION,WMS,"PRODUCT, LOGISTICS",Product,PRTMST,PCK_STEAL_FLG,COMREF,SCBI
PRODUCT_WAREHOUSE_CONFIGURATION,WMS,"PRODUCT, LOGISTICS",Product,PRTMST,RCVFLG,COMREF,SCBI
PRODUCT_WAREHOUSE_CONFIGURATION,WMS,"PRODUCT, LOGISTICS",Product,PRTMST,STKUOM,COMREF,SCBI
PRODUCT_WAREHOUSE_CONFIGURATION,WMS,"PRODUCT, LOGISTICS",Product,PRTMST,PRTNUM,COMREF,SCBI
PRODUCT_WAREHOUSE_CONFIGURATION,WMS,"PRODUCT, LOGISTICS",Product,PRTMST,UC_BOLUOM,COMREF,SCBI
PRODUCT_WAREHOUSE_CONFIGURATION,WMS,"PRODUCT, LOGISTICS",Product,PRTMST,ORGFLG,COMREF,SCBI
PRODUCT_WAREHOUSE_CONFIGURATION,WMS,"PRODUCT, LOGISTICS",Product,,,COMREF,SCBI
PRODUCT_WAREHOUSE_CONFIGURATION,WMS,"PRODUCT, LOGISTICS",Product,PRTMST,PRC_FOR_RPS_FLG,COMREF,SCBI
PRODUCT_WAREHOUSE_CONFIGURATION,WMS,"PRODUCT, LOGISTICS",Product,PRTMST,WGTCOD,COMREF,SCBI
PRODUCT_WAREHOUSE_CONFIGURATION,WMS,"PRODUCT, LOGISTICS",Product,PRTMST,UC_PICK_SHIP_HOLD_FLAG,COMREF,SCBI
PRODUCT_WAREHOUSE_CONFIGURATION,WMS,"PRODUCT, LOGISTICS",Product,PRTMST,PRTADJFLG,COMREF,SCBI
PRODUCT_WAREHOUSE_CONFIGURATION,WMS,"PRODUCT, LOGISTICS",Product,PRTMST,CATCH_UNTCST,COMREF,SCBI
PRODUCT_WAREHOUSE_CONFIGURATION,WMS,"PRODUCT, LOGISTICS",Product,PRTMST,CNZAMT,COMREF,SCBI
PRODUCT_WAREHOUSE_CONFIGURATION,WMS,"PRODUCT, LOGISTICS",Product,PRTMST,LODLVL,COMREF,SCBI
WAREHOUSE_AREA,WMS,LOGISTICS,Location,AREMST,ADJFLG,COMREF,SCBI
WAREHOUSE_AREA,WMS,LOGISTICS,Location,AREMST,YRDFLG,COMREF,SCBI
WAREHOUSE_AREA,WMS,LOGISTICS,Location,AREMST,SUBFLG,COMREF,SCBI
WAREHOUSE_AREA,WMS,LOGISTICS,Location,AREMST,LBL_ON_SPLIT,COMREF,SCBI
WAREHOUSE_AREA,WMS,LOGISTICS,Location,AREMST,INS_DT,COMREF,SCBI
WAREHOUSE_AREA,WMS,LOGISTICS,Location,AREMST,PCKCOD,COMREF,SCBI
WAREHOUSE_AREA,WMS,LOGISTICS,Location,AREMST,"DSN,WH_ID",COMREF,SCBI
WAREHOUSE_AREA,WMS,LOGISTICS,Location,AREMST,FWIFLG,COMREF,SCBI
WAREHOUSE_AREA,WMS,LOGISTICS,Location,AREMST,WIP_EXPFLG,COMREF,SCBI
WAREHOUSE_AREA,WMS,LOGISTICS,Location,AREMST,PUT_TO_STO_FLG,COMREF,SCBI
WAREHOUSE_AREA,WMS,LOGISTICS,Location,AREMST,PROX_PUT_COD,COMREF,SCBI
WAREHOUSE_AREA,WMS,LOGISTICS,Location,AREMST,HDISDELETEDRECORD,COMREF,SCBI
WAREHOUSE_AREA,WMS,LOGISTICS,Location,AREMST,ARECOD,COMREF,SCBI
WAREHOUSE_AREA,WMS,LOGISTICS,Location,AREMST,PRD_STGFLG,COMREF,SCBI
WAREHOUSE_AREA,WMS,LOGISTICS,Location,AREMST,SHP_DCK_FLG,COMREF,SCBI
WAREHOUSE_AREA,WMS,LOGISTICS,Location,AREMST,DEF_RPLCFG_INVSTS,COMREF,SCBI
WAREHOUSE_AREA,WMS,LOGISTICS,Location,AREMST,PROD_FLG,COMREF,SCBI
WAREHOUSE_AREA,WMS,LOGISTICS,Location,AREMST,RDTFLG,COMREF,SCBI
WAREHOUSE_AREA,WMS,LOGISTICS,Location,AREMST,SHP_STG_OVRD_FLG,COMREF,SCBI
WAREHOUSE_AREA,WMS,LOGISTICS,Location,AREMST,STO_TRLR_FLG,COMREF,SCBI
WAREHOUSE_AREA,WMS,LOGISTICS,Location,AREMST,START_PAL_FLG,COMREF,SCBI
WAREHOUSE_AREA,WMS,LOGISTICS,Location,AREMST,LAST_UPD_USER_ID,COMREF,SCBI
WAREHOUSE_AREA,WMS,LOGISTICS,Location,AREMST,PCK_STEAL_FLG,COMREF,SCBI
WAREHOUSE_AREA,WMS,LOGISTICS,Location,AREMST,LOST_LOC,COMREF,SCBI
WAREHOUSE_AREA,WMS,LOGISTICS,Location,AREMST,PDFLG,COMREF,SCBI
WAREHOUSE_AREA,WMS,LOGISTICS,Location,AREMST,RCV_DCK_FLG,COMREF,SCBI
WAREHOUSE_AREA,WMS,LOGISTICS,Location,AREMST,WH_ID,COMREF,SCBI
WAREHOUSE_AREA,WMS,LOGISTICS,Location,AREMST,SIGFLG,COMREF,SCBI
WAREHOUSE_AREA,WMS,LOGISTICS,Location,AREMST,LODFLG,COMREF,SCBI
WAREHOUSE_AREA,WMS,LOGISTICS,Location,AREMST,PRAFLG,COMREF,SCBI
WAREHOUSE_AREA,WMS,LOGISTICS,Location,AREMST,EXPFLG,COMREF,SCBI
WAREHOUSE_AREA,WMS,LOGISTICS,Location,AREMST,FTL_FLG,COMREF,SCBI
WAREHOUSE_AREA,WMS,LOGISTICS,Location,AREMST,CNZCOD,COMREF,SCBI
WAREHOUSE_AREA,WMS,LOGISTICS,Location,AREMST,DEF_RPLCFG_PCTFLG,COMREF,SCBI
WAREHOUSE_AREA,WMS,LOGISTICS,Location,AREMST,DEF_RPLCFG_MAXUNT,COMREF,SCBI
WAREHOUSE_AREA,WMS,LOGISTICS,Location,AREMST,RECALC_PUTAWAY,COMREF,SCBI
WAREHOUSE_AREA,WMS,LOGISTICS,Location,AREMST,SHPFLG,COMREF,SCBI
WAREHOUSE_AREA,WMS,LOGISTICS,Location,AREMST,DYN_SLOT_FLG,COMREF,SCBI
WAREHOUSE_AREA,WMS,LOGISTICS,Location,AREMST,SPLIT_TRN,COMREF,SCBI
WAREHOUSE_AREA,WMS,LOGISTICS,Location,AREMST,RCV_STGFLG,COMREF,SCBI
WAREHOUSE_AREA,WMS,LOGISTICS,Location,AREMST,AUTCLR_PRCARE,COMREF,SCBI
WAREHOUSE_AREA,WMS,LOGISTICS,Location,AREMST,CTNGRP,COMREF,SCBI
WAREHOUSE_AREA,WMS,LOGISTICS,Location,AREMST,BTO_KIT_DEP_FLG,COMREF,SCBI
WAREHOUSE_AREA,WMS,LOGISTICS,Location,AREMST,STOARE_FLG,COMREF,SCBI
WAREHOUSE_AREA,WMS,LOGISTICS,Location,AREMST,DEF_RPLCFG_MINUNT,COMREF,SCBI
WAREHOUSE_AREA,WMS,LOGISTICS,Location,AREMST,RNWL_STO_FLG,COMREF,SCBI
WAREHOUSE_AREA,WMS,LOGISTICS,Location,AREMST,WIP_SUPFLG,COMREF,SCBI
WAREHOUSE_AREA,WMS,LOGISTICS,Location,AREMST,DTLFLG,COMREF,SCBI
WAREHOUSE_AREA,WMS,LOGISTICS,Location,AREMST,CONFLG,COMREF,SCBI
WAREHOUSE_AREA,WMS,LOGISTICS,Location,AREMST,FIFFLG,COMREF,SCBI
WAREHOUSE_AREA,WMS,LOGISTICS,Location,AREMST,PCK_EXP_ARE,COMREF,SCBI
WAREHOUSE_AREA,WMS,LOGISTICS,Location,AREMST,"DSN,WH_ID,ARECOD",COMREF,SCBI
WAREHOUSE_AREA,WMS,LOGISTICS,Location,AREMST,LOCCOD,COMREF,SCBI
WAREHOUSE_AREA,WMS,LOGISTICS,Location,AREMST,STGFLG,COMREF,SCBI
WAREHOUSE_AREA,WMS,LOGISTICS,Location,AREMST,CNTFLG,COMREF,SCBI
WAREHOUSE_AREA,WMS,LOGISTICS,Location,AREMST,ICNFLG,COMREF,SCBI
WAREHOUSE_AREA,WMS,LOGISTICS,Location,AREMST,CON_PAL_FLG,COMREF,SCBI
WAREHOUSE_AREA,WMS,LOGISTICS,Location,AREMST,SHARE_LOC_FLG,COMREF,SCBI
WAREHOUSE_AREA,WMS,LOGISTICS,Location,AREMST,VC_CTNGRP_WO,COMREF,SCBI
WAREHOUSE_AREA,WMS,LOGISTICS,Location,AREMST,INS_USER_ID,COMREF,SCBI
WAREHOUSE_AREA,WMS,LOGISTICS,Location,AREMST,LAST_UPD_DT,COMREF,SCBI
WAREHOUSE_AREA,WMS,LOGISTICS,Location,AREMST,WIPFLG,COMREF,SCBI
WAREHOUSE_AREA,WMS,LOGISTICS,Location,AREMST,BLDG_ID,COMREF,SCBI
WAREHOUSE_AREA,WMS,LOGISTICS,Location,AREMST,,COMREF,SCBI
WAREHOUSE_AREA,WMS,LOGISTICS,Location,AREMST,CMB_LIST_FLG,COMREF,SCBI
WAREHOUSE_AREA,WMS,LOGISTICS,Location,AREMST,XDAFLG,COMREF,SCBI
WAREHOUSE_AREA,WMS,LOGISTICS,Location,AREMST,DSN,COMREF,SCBI
WAREHOUSE_AREA,WMS,LOGISTICS,Location,AREMST,CNZAMT,COMREF,SCBI
WAREHOUSE_STORAGE_LOCATION,WMS,LOGISTICS,Location,LOCMST,TOP_RIGHT_Y,COMREF,SCBI
WAREHOUSE_STORAGE_LOCATION,WMS,LOGISTICS,Location,LOCMST,LOCACC,COMREF,SCBI
WAREHOUSE_STORAGE_LOCATION,WMS,LOGISTICS,Location,LOCMST,LOCHGT,COMREF,SCBI
WAREHOUSE_STORAGE_LOCATION,WMS,LOGISTICS,Location,LOCMST,HDISDELETEDRECORD,COMREF,SCBI
WAREHOUSE_STORAGE_LOCATION,WMS,LOGISTICS,Location,LOCMST,CIPFLG,COMREF,SCBI
WAREHOUSE_STORAGE_LOCATION,WMS,LOGISTICS,Location,LOCMST,DEF_MAXQVL,COMREF,SCBI
WAREHOUSE_STORAGE_LOCATION,WMS,LOGISTICS,Location,LOCMST,INS_DT,COMREF,SCBI
WAREHOUSE_STORAGE_LOCATION,WMS,LOGISTICS,Location,LOCMST,LAST_UPD_DT,COMREF,SCBI
WAREHOUSE_STORAGE_LOCATION,WMS,LOGISTICS,Location,LOCMST,INS_USER_ID,COMREF,SCBI
WAREHOUSE_STORAGE_LOCATION,WMS,LOGISTICS,Location,LOCMST,LSTDTE,COMREF,SCBI
WAREHOUSE_STORAGE_LOCATION,WMS,LOGISTICS,Location,LOCMST,BOTTOM_RIGHT_X,COMREF,SCBI
WAREHOUSE_STORAGE_LOCATION,WMS,LOGISTICS,Location,LOCMST,BORDER_PAD,COMREF,SCBI
WAREHOUSE_STORAGE_LOCATION,WMS,LOGISTICS,Location,LOCMST,BOTTOM_RIGHT_Y,COMREF,SCBI
WAREHOUSE_STORAGE_LOCATION,WMS,LOGISTICS,Location,LOCMST,CNTZON_ID,COMREF,SCBI
WAREHOUSE_STORAGE_LOCATION,WMS,LOGISTICS,Location,LOCMST,Z,COMREF,SCBI
WAREHOUSE_STORAGE_LOCATION,WMS,LOGISTICS,Location,LOCMST,USEFLG,COMREF,SCBI
WAREHOUSE_STORAGE_LOCATION,WMS,LOGISTICS,Location,LOCMST,,COMREF,SCBI
WAREHOUSE_STORAGE_LOCATION,WMS,LOGISTICS,Location,LOCMST,"DSN,WH_ID",COMREF,SCBI
WAREHOUSE_STORAGE_LOCATION,WMS,LOGISTICS,Location,LOCMST,VELZON,COMREF,SCBI
WAREHOUSE_STORAGE_LOCATION,WMS,LOGISTICS,Location,LOCMST,CURQVL,COMREF,SCBI
WAREHOUSE_STORAGE_LOCATION,WMS,LOGISTICS,Location,LOCMST,TOP_LEFT_X,COMREF,SCBI
WAREHOUSE_STORAGE_LOCATION,WMS,LOGISTICS,Location,LOCMST,WH_ID,COMREF,SCBI
WAREHOUSE_STORAGE_LOCATION,WMS,LOGISTICS,Location,LOCMST,LOCSTS,COMREF,SCBI
WAREHOUSE_STORAGE_LOCATION,WMS,LOGISTICS,Location,LOCMST,"DSN,WH_ID,ARECOD",COMREF,SCBI
WAREHOUSE_STORAGE_LOCATION,WMS,LOGISTICS,Location,LOCMST,"DSN,WH_ID,STOLOC",COMREF,SCBI
WAREHOUSE_STORAGE_LOCATION,WMS,LOGISTICS,Location,LOCMST,PERM_ASGFLG,COMREF,SCBI
WAREHOUSE_STORAGE_LOCATION,WMS,LOGISTICS,Location,LOCMST,DSN,COMREF,SCBI
WAREHOUSE_STORAGE_LOCATION,WMS,LOGISTICS,Location,LOCMST,ABCCOD,COMREF,SCBI
WAREHOUSE_STORAGE_LOCATION,WMS,LOGISTICS,Location,LOCMST,STOFLG,COMREF,SCBI
WAREHOUSE_STORAGE_LOCATION,WMS,LOGISTICS,Location,LOCMST,AUTO_MOV_FLG,COMREF,SCBI
WAREHOUSE_STORAGE_LOCATION,WMS,LOGISTICS,Location,LOCMST,"DSN, CNTZON_ID",COMREF,SCBI
WAREHOUSE_STORAGE_LOCATION,WMS,LOGISTICS,Location,LOCMST,BOTTOM_LEFT_X,COMREF,SCBI
WAREHOUSE_STORAGE_LOCATION,WMS,LOGISTICS,Location,LOCMST,TOP_RIGHT_X,COMREF,SCBI
WAREHOUSE_STORAGE_LOCATION,WMS,LOGISTICS,Location,LOCMST,TOP_LEFT_Y,COMREF,SCBI
WAREHOUSE_STORAGE_LOCATION,WMS,LOGISTICS,Location,LOCMST,STOLOC,COMREF,SCBI
WAREHOUSE_STORAGE_LOCATION,WMS,LOGISTICS,Location,LOCMST,LOCLEN,COMREF,SCBI
WAREHOUSE_STORAGE_LOCATION,WMS,LOGISTICS,Location,LOCMST,MAXQVL,COMREF,SCBI
WAREHOUSE_STORAGE_LOCATION,WMS,LOGISTICS,Location,LOCMST,PCKFLG,COMREF,SCBI
WAREHOUSE_STORAGE_LOCATION,WMS,LOGISTICS,Location,LOCMST,CNTDTE,COMREF,SCBI
WAREHOUSE_STORAGE_LOCATION,WMS,LOGISTICS,Location,LOCMST,DEVCOD,COMREF,SCBI
WAREHOUSE_STORAGE_LOCATION,WMS,LOGISTICS,Location,LOCMST,SECTION,COMREF,SCBI
WAREHOUSE_STORAGE_LOCATION,WMS,LOGISTICS,Location,LOCMST,BOTTOM_LEFT_Y,COMREF,SCBI
WAREHOUSE_STORAGE_LOCATION,WMS,LOGISTICS,Location,LOCMST,PRDLIN,COMREF,SCBI
WAREHOUSE_STORAGE_LOCATION,WMS,LOGISTICS,Location,LOCMST,LAST_UPD_USER_ID,COMREF,SCBI
WAREHOUSE_STORAGE_LOCATION,WMS,LOGISTICS,Location,LOCMST,Y,COMREF,SCBI
WAREHOUSE_STORAGE_LOCATION,WMS,LOGISTICS,Location,LOCMST,ASGFLG,COMREF,SCBI
WAREHOUSE_STORAGE_LOCATION,WMS,LOGISTICS,Location,LOCMST,REPFLG,COMREF,SCBI
WAREHOUSE_STORAGE_LOCATION,WMS,LOGISTICS,Location,LOCMST,NUMCNT,COMREF,SCBI
WAREHOUSE_STORAGE_LOCATION,WMS,LOGISTICS,Location,LOCMST,PNDQVL,COMREF,SCBI
WAREHOUSE_STORAGE_LOCATION,WMS,LOGISTICS,Location,LOCMST,CNTSEQ,COMREF,SCBI
WAREHOUSE_STORAGE_LOCATION,WMS,LOGISTICS,Location,LOCMST,ARECOD,COMREF,SCBI
WAREHOUSE_STORAGE_LOCATION,WMS,LOGISTICS,Location,LOCMST,LSTCOD,COMREF,SCBI
WAREHOUSE_STORAGE_LOCATION,WMS,LOGISTICS,Location,LOCMST,X,COMREF,SCBI
WAREHOUSE_STORAGE_LOCATION,WMS,LOGISTICS,Location,LOCMST,LOCWID,COMREF,SCBI
WAREHOUSE_STORAGE_LOCATION,WMS,LOGISTICS,Location,LOCMST,LOKCOD,COMREF,SCBI
WAREHOUSE_STORAGE_LOCATION,WMS,LOGISTICS,Location,LOCMST,AISLE_ID,COMREF,SCBI
PRODUCT_FOOTPRINT_DETAIL,WMSBY,"PRODUCT, LOGISTICS",Product,ITEMFOOTPRINTDETAILS,UNITOFMEASURE,COMREF,SCBI
PRODUCT_FOOTPRINT_DETAIL,WMSBY,"PRODUCT, LOGISTICS",Product,ITEMFOOTPRINTDETAILS,UNITUOMFLAG,COMREF,SCBI
PRODUCT_FOOTPRINT_DETAIL,WMSBY,"PRODUCT, LOGISTICS",Product,ITEMFOOTPRINTDETAILS,NETWEIGHT,COMREF,SCBI
PRODUCT_FOOTPRINT_DETAIL,WMSBY,"PRODUCT, LOGISTICS",Product,ITEMFOOTPRINTDETAILS,PALLETFLAG,COMREF,SCBI
PRODUCT_FOOTPRINT_DETAIL,WMSBY,"PRODUCT, LOGISTICS",Product,ITEMFOOTPRINTDETAILS,THRESHOLDPERCENTAGE,COMREF,SCBI
PRODUCT_FOOTPRINT_DETAIL,WMSBY,"PRODUCT, LOGISTICS",Product,ITEMFOOTPRINTDETAILS,"DELETED,ARCHIVED",COMREF,SCBI
PRODUCT_FOOTPRINT_DETAIL,WMSBY,"PRODUCT, LOGISTICS",Product,ITEMFOOTPRINTDETAILS,HEIGHT,COMREF,SCBI
PRODUCT_FOOTPRINT_DETAIL,WMSBY,"PRODUCT, LOGISTICS",Product,ITEMFOOTPRINTDETAILS,TRANSACTIONALITEMWEIGHT,COMREF,SCBI
PRODUCT_FOOTPRINT_DETAIL,WMSBY,"PRODUCT, LOGISTICS",Product,ITEMFOOTPRINTDETAILS,ITEMID,COMREF,SCBI
PRODUCT_FOOTPRINT_DETAIL,WMSBY,"PRODUCT, LOGISTICS",Product,ITEMFOOTPRINTDETAILS,DSN,COMREF,SCBI
PRODUCT_FOOTPRINT_DETAIL,WMSBY,"PRODUCT, LOGISTICS",Product,ITEMFOOTPRINTDETAILS,CARTONIZATIONFLAG,COMREF,SCBI
PRODUCT_FOOTPRINT_DETAIL,WMSBY,"PRODUCT, LOGISTICS",Product,ITEMFOOTPRINTDETAILS,INSERTEDUSER,COMREF,SCBI
PRODUCT_FOOTPRINT_DETAIL,WMSBY,"PRODUCT, LOGISTICS",Product,ITEMFOOTPRINTDETAILS,INSERTEDDATE,COMREF,SCBI
PRODUCT_FOOTPRINT_DETAIL,WMSBY,"PRODUCT, LOGISTICS",Product,ITEMFOOTPRINTDETAILS,SITEID,COMREF,SCBI
PRODUCT_FOOTPRINT_DETAIL,WMSBY,"PRODUCT, LOGISTICS",Product,ITEMFOOTPRINTDETAILS,RECEIVEFLAG,COMREF,SCBI
PRODUCT_FOOTPRINT_DETAIL,WMSBY,"PRODUCT, LOGISTICS",Product,ITEMFOOTPRINTDETAILS,UNITQUANTITY,COMREF,SCBI
PRODUCT_FOOTPRINT_DETAIL,WMSBY,"PRODUCT, LOGISTICS",Product,ITEMFOOTPRINTDETAILS,,COMREF,SCBI
PRODUCT_FOOTPRINT_DETAIL,WMSBY,"PRODUCT, LOGISTICS",Product,ITEMFOOTPRINTDETAILS,"DSN,ITEMID,ITEMCLIENTID,SITEID,FOOTPRINTCODE,UNITOFMEASURE,DAASTRANSACTIONSEQUENCE",COMREF,SCBI
PRODUCT_FOOTPRINT_DETAIL,WMSBY,"PRODUCT, LOGISTICS",Product,ITEMFOOTPRINTDETAILS,"DSN,ITEMID,ITEMCLIENTID,SITEID,FOOTPRINTCODE,DAASTRANSACTIONSEQUENCE",COMREF,SCBI
PRODUCT_FOOTPRINT_DETAIL,WMSBY,"PRODUCT, LOGISTICS",Product,ITEMFOOTPRINTDETAILS,ITEMCLIENTID,COMREF,SCBI
PRODUCT_FOOTPRINT_DETAIL,WMSBY,"PRODUCT, LOGISTICS",Product,ITEMFOOTPRINTDETAILS,UOMLEVEL,COMREF,SCBI
PRODUCT_FOOTPRINT_DETAIL,WMSBY,"PRODUCT, LOGISTICS",Product,ITEMFOOTPRINTDETAILS,LASTUPDATEDDATE,COMREF,SCBI
PRODUCT_FOOTPRINT_DETAIL,WMSBY,"PRODUCT, LOGISTICS",Product,ITEMFOOTPRINTDETAILS,HDISDELETEDRECORD,COMREF,SCBI
PRODUCT_FOOTPRINT_DETAIL,WMSBY,"PRODUCT, LOGISTICS",Product,ITEMFOOTPRINTDETAILS,LENGTH,COMREF,SCBI
PRODUCT_FOOTPRINT_DETAIL,WMSBY,"PRODUCT, LOGISTICS",Product,ITEMFOOTPRINTDETAILS,CASEFLAG,COMREF,SCBI
PRODUCT_FOOTPRINT_DETAIL,WMSBY,"PRODUCT, LOGISTICS",Product,ITEMFOOTPRINTDETAILS,PACKFLAG,COMREF,SCBI
PRODUCT_FOOTPRINT_DETAIL,WMSBY,"PRODUCT, LOGISTICS",Product,ITEMFOOTPRINTDETAILS,FOOTPRINTCODE,COMREF,SCBI
PRODUCT_FOOTPRINT_DETAIL,WMSBY,"PRODUCT, LOGISTICS",Product,ITEMFOOTPRINTDETAILS,WIDTH,COMREF,SCBI
PRODUCT_FOOTPRINT_DETAIL,WMSBY,"PRODUCT, LOGISTICS",Product,ITEMFOOTPRINTDETAILS,LASTUPDATEDUSER,COMREF,SCBI
PRODUCT_WAREHOUSE_CONFIGURATION,WMSBY,"PRODUCT, LOGISTICS",Product,ITEMS,SUPPORTSCOUNTBACK,COMREF,SCBI
PRODUCT_WAREHOUSE_CONFIGURATION,WMSBY,"PRODUCT, LOGISTICS",Product,ITEMS,HDISDELETEDRECORD,COMREF,SCBI
PRODUCT_WAREHOUSE_CONFIGURATION,WMSBY,"PRODUCT, LOGISTICS",Product,ITEMS,SITEIDTEMPLATE,COMREF,SCBI
PRODUCT_WAREHOUSE_CONFIGURATION,WMSBY,"PRODUCT, LOGISTICS",Product,ITEMS,FIRSTINFIRSTOUTWINDOWDURATION,COMREF,SCBI
PRODUCT_WAREHOUSE_CONFIGURATION,WMSBY,"PRODUCT, LOGISTICS",Product,ITEMS,VELOCITYCLASSIFICATION,COMREF,SCBI
PRODUCT_WAREHOUSE_CONFIGURATION,WMSBY,"PRODUCT, LOGISTICS",Product,ITEMWAREHOUSES,LASTDATEOFPARTRECEIVED,COMREF,SCBI
PRODUCT_WAREHOUSE_CONFIGURATION,WMSBY,"PRODUCT, LOGISTICS",Product,ITEMS,MINIMUMCATCHQUANTITY,COMREF,SCBI
PRODUCT_WAREHOUSE_CONFIGURATION,WMSBY,"PRODUCT, LOGISTICS",Product,ITEMS,WEIGHTCODE,COMREF,SCBI
PRODUCT_WAREHOUSE_CONFIGURATION,WMSBY,"PRODUCT, LOGISTICS",Product,ITEMS,"DELETED,ARCHIVED",COMREF,SCBI
PRODUCT_WAREHOUSE_CONFIGURATION,WMSBY,"PRODUCT, LOGISTICS",Product,ITEMS,CATCHUNITCOST,COMREF,SCBI
PRODUCT_WAREHOUSE_CONFIGURATION,WMSBY,"PRODUCT, LOGISTICS",Product,ITEMS,SUPPORTSCROSSDOCK,COMREF,SCBI
PRODUCT_WAREHOUSE_CONFIGURATION,WMSBY,"PRODUCT, LOGISTICS",Product,,,COMREF,SCBI
PRODUCT_WAREHOUSE_CONFIGURATION,WMSBY,"PRODUCT, LOGISTICS",Product,ITEMS,LPNLEVEL,COMREF,SCBI
PRODUCT_WAREHOUSE_CONFIGURATION,WMSBY,"PRODUCT, LOGISTICS",Product,ITEMS,TRACKORIGINCODE,COMREF,SCBI
PRODUCT_WAREHOUSE_CONFIGURATION,WMSBY,"PRODUCT, LOGISTICS",Product,ITEMS,ISWORKINPROCESSITEM,COMREF,SCBI
PRODUCT_WAREHOUSE_CONFIGURATION,WMSBY,"PRODUCT, LOGISTICS",Product,ITEMS,DATECONTROLLED,COMREF,SCBI
PRODUCT_WAREHOUSE_CONFIGURATION,WMSBY,"PRODUCT, LOGISTICS",Product,ITEMS,CURRENCYCODE,COMREF,SCBI
PRODUCT_WAREHOUSE_CONFIGURATION,WMSBY,"PRODUCT, LOGISTICS",Product,ITEMS,ITEMID,COMREF,SCBI
PRODUCT_WAREHOUSE_CONFIGURATION,WMSBY,"PRODUCT, LOGISTICS",Product,ITEMS,TRACKREVISIONLEVEL,COMREF,SCBI
PRODUCT_WAREHOUSE_CONFIGURATION,WMSBY,"PRODUCT, LOGISTICS",Product,ITEMS,REORDERQUANTITY,COMREF,SCBI
PRODUCT_WAREHOUSE_CONFIGURATION,WMSBY,"PRODUCT, LOGISTICS",Product,ITEMS,RESERVATIONUNITOFMEASURE,COMREF,SCBI
PRODUCT_WAREHOUSE_CONFIGURATION,WMSBY,"PRODUCT, LOGISTICS",Product,ITEMS,FREIGHTCLASS,COMREF,SCBI
PRODUCT_WAREHOUSE_CONFIGURATION,WMSBY,"PRODUCT, LOGISTICS",Product,ITEMS,COUNTNEARZERO,COMREF,SCBI
PRODUCT_WAREHOUSE_CONFIGURATION,WMSBY,"PRODUCT, LOGISTICS",Product,ITEMS,TRADEITEMBASEUNITOFMEASURE,COMREF,SCBI
PRODUCT_WAREHOUSE_CONFIGURATION,WMSBY,"PRODUCT, LOGISTICS",Product,ITEMS,DISPLAYLOGISTICUNITNAME,COMREF,SCBI
PRODUCT_WAREHOUSE_CONFIGURATION,WMSBY,"PRODUCT, LOGISTICS",Product,ITEMS,TRACKLOTNUMBERS,COMREF,SCBI
PRODUCT_WAREHOUSE_CONFIGURATION,WMSBY,"PRODUCT, LOGISTICS",Product,ITEMS,ISPICKEDTOBOX,COMREF,SCBI
PRODUCT_WAREHOUSE_CONFIGURATION,WMSBY,"PRODUCT, LOGISTICS",Product,ITEMS,"DSN,ITEMID,ITEMCLIENTID,SITEIDTEMPLATE,DAASTRANSACTIONSEQUENCE",COMREF,SCBI
PRODUCT_WAREHOUSE_CONFIGURATION,WMSBY,"PRODUCT, LOGISTICS",Product,ITEMS,COUNTNEARZEROQUANTITY,COMREF,SCBI
PRODUCT_WAREHOUSE_CONFIGURATION,WMSBY,"PRODUCT, LOGISTICS",Product,ITEMS,CATCHUNITWEIGHT,COMREF,SCBI
PRODUCT_WAREHOUSE_CONFIGURATION,WMSBY,"PRODUCT, LOGISTICS",Product,ITEMS,PARCELFLAG,COMREF,SCBI
PRODUCT_WAREHOUSE_CONFIGURATION,WMSBY,"PRODUCT, LOGISTICS",Product,ITEMS,ISINSURANCEREQUIRED,COMREF,SCBI
PRODUCT_WAREHOUSE_CONFIGURATION,WMSBY,"PRODUCT, LOGISTICS",Product,ITEMS,SERIALIZATIONCODE,COMREF,SCBI
PRODUCT_WAREHOUSE_CONFIGURATION,WMSBY,"PRODUCT, LOGISTICS",Product,ITEMS,ISINVENTORYADJUSTMENTALLOWED,COMREF,SCBI
PRODUCT_WAREHOUSE_CONFIGURATION,WMSBY,"PRODUCT, LOGISTICS",Product,ITEMS,TIMEMEASUREMENTUNITCODE,COMREF,SCBI
PRODUCT_WAREHOUSE_CONFIGURATION,WMSBY,"PRODUCT, LOGISTICS",Product,ITEMS,HAZARDOUSMATERIAL,COMREF,SCBI
PRODUCT_WAREHOUSE_CONFIGURATION,WMSBY,"PRODUCT, LOGISTICS",Product,ITEMS,SERIALIZATIONTYPE,COMREF,SCBI
PRODUCT_WAREHOUSE_CONFIGURATION,WMSBY,"PRODUCT, LOGISTICS",Product,ITEMS,CATCHCAPTUREEVENT,COMREF,SCBI
PRODUCT_WAREHOUSE_CONFIGURATION,WMSBY,"PRODUCT, LOGISTICS",Product,ITEMWAREHOUSES,NUMBEROFCOUNTS,COMREF,SCBI
PRODUCT_WAREHOUSE_CONFIGURATION,WMSBY,"PRODUCT, LOGISTICS",Product,ITEMWAREHOUSES,COUNTDATE,COMREF,SCBI
PRODUCT_WAREHOUSE_CONFIGURATION,WMSBY,"PRODUCT, LOGISTICS",Product,ITEMS,,COMREF,SCBI
PRODUCT_WAREHOUSE_CONFIGURATION,WMSBY,"PRODUCT, LOGISTICS",Product,ITEMS,DETAILCONFIGURATIONPOSITION,COMREF,SCBI
PRODUCT_WAREHOUSE_CONFIGURATION,WMSBY,"PRODUCT, LOGISTICS",Product,ITEMS,RECEIVESTATUS,COMREF,SCBI
PRODUCT_WAREHOUSE_CONFIGURATION,WMSBY,"PRODUCT, LOGISTICS",Product,ITEMS,ITEMCLIENTID,COMREF,SCBI
PRODUCT_WAREHOUSE_CONFIGURATION,WMSBY,"PRODUCT, LOGISTICS",Product,ITEMS,REORDERPOINT,COMREF,SCBI
PRODUCT_WAREHOUSE_CONFIGURATION,WMSBY,"PRODUCT, LOGISTICS",Product,ITEMS,ISRECEIVABLE,COMREF,SCBI
PRODUCT_WAREHOUSE_CONFIGURATION,WMSBY,"PRODUCT, LOGISTICS",Product,ITEMS,ISPRODUCTIONINVENTORY,COMREF,SCBI
PRODUCT_WAREHOUSE_CONFIGURATION,WMSBY,"PRODUCT, LOGISTICS",Product,ITEMS,THRESHOLDPICKVARIANCEPERCENTAGE,COMREF,SCBI
PRODUCT_WAREHOUSE_CONFIGURATION,WMSBY,"PRODUCT, LOGISTICS",Product,ITEMS,BTOOBSOLETEFLAG,COMREF,SCBI
PRODUCT_WAREHOUSE_CONFIGURATION,WMSBY,"PRODUCT, LOGISTICS",Product,ITEMS,INSERTEDDATE,COMREF,SCBI
PRODUCT_WAREHOUSE_CONFIGURATION,WMSBY,"PRODUCT, LOGISTICS",Product,ITEMS,INSERTEDUSER,COMREF,SCBI
PRODUCT_WAREHOUSE_CONFIGURATION,WMSBY,"PRODUCT, LOGISTICS",Product,ITEMS,MAXIMUMCATCHQUANTITY,COMREF,SCBI
PRODUCT_WAREHOUSE_CONFIGURATION,WMSBY,"PRODUCT, LOGISTICS",Product,ITEMS,DONOTCOMBINEPICKS,COMREF,SCBI
PRODUCT_WAREHOUSE_CONFIGURATION,WMSBY,"PRODUCT, LOGISTICS",Product,ITEMS,LASTUPDATEDUSER,COMREF,SCBI
PRODUCT_WAREHOUSE_CONFIGURATION,WMSBY,"PRODUCT, LOGISTICS",Product,ITEMS,LASTUPDATEDDATE,COMREF,SCBI
PRODUCT_WAREHOUSE_CONFIGURATION,WMSBY,"PRODUCT, LOGISTICS",Product,ITEMS,SUBLPNCONFIGURATIONCODE,COMREF,SCBI
PRODUCT_WAREHOUSE_CONFIGURATION,WMSBY,"PRODUCT, LOGISTICS",Product,ITEMS,PROCESSFORRPS,COMREF,SCBI
PRODUCT_WAREHOUSE_CONFIGURATION,WMSBY,"PRODUCT, LOGISTICS",Product,ITEMS,DSN,COMREF,SCBI
WAREHOUSE_AREA,WMSBY,LOGISTICS,Location,AREAS,INSERTEDDATE,COMREF,SCBI
WAREHOUSE_AREA,WMSBY,LOGISTICS,Location,LOCATIONTYPES,SUGGESTCARTON,COMREF,SCBI
WAREHOUSE_AREA,WMSBY,LOGISTICS,Location,LOCATIONTYPES,LPNMIXFLG,COMREF,SCBI
WAREHOUSE_AREA,WMSBY,LOGISTICS,Location,LOCATIONTYPES,ALLOWMIXING OF SHIP RECEIPT INVENTORY INSTAGING LOCATION,COMREF,SCBI
WAREHOUSE_AREA,WMSBY,LOGISTICS,Location,AREAS,HDISDELETEDRECORD,COMREF,SCBI
WAREHOUSE_AREA,WMSBY,LOGISTICS,Location,LOCATIONTYPES,YARD,COMREF,SCBI
WAREHOUSE_AREA,WMSBY,LOGISTICS,Location,LOCATIONTYPES,RDTFLAG,COMREF,SCBI
WAREHOUSE_AREA,WMSBY,LOGISTICS,Location,AREAS,LOSTLOCATION,COMREF,SCBI
WAREHOUSE_AREA,WMSBY,LOGISTICS,Location,LOCATIONTYPES,PICKUPANDDEPOSITAREA,COMREF,SCBI
WAREHOUSE_AREA,WMSBY,LOGISTICS,Location,AREAS,AREA,COMREF,SCBI
WAREHOUSE_AREA,WMSBY,LOGISTICS,Location,LOCATIONTYPES,SUGGESTLOAD,COMREF,SCBI
WAREHOUSE_AREA,WMSBY,LOGISTICS,Location,AREAS,LASTUPDATEDUSER,COMREF,SCBI
WAREHOUSE_AREA,WMSBY,LOGISTICS,Location,LOCATIONTYPES,LOCATIONTYPE,COMREF,SCBI
WAREHOUSE_AREA,WMSBY,LOGISTICS,Location,LOCATIONTYPES,STORAGEAREAFLAG,COMREF,SCBI
WAREHOUSE_AREA,WMSBY,LOGISTICS,Location,LOCATIONTYPES,WORKINPROCESSAREA,COMREF,SCBI
WAREHOUSE_AREA,WMSBY,LOGISTICS,Location,LOCATIONTYPES,STORAGETRANSPORTEQUIPMENTAREA,COMREF,SCBI
WAREHOUSE_AREA,WMSBY,LOGISTICS,Location,LOCATIONTYPES,WIPSUPPLYAREA,COMREF,SCBI
WAREHOUSE_AREA,WMSBY,LOGISTICS,Location,LOCATIONTYPES,WIPEXPECTEDRECEIPTSAREA,COMREF,SCBI
WAREHOUSE_AREA,WMSBY,LOGISTICS,Location,LOCATIONTYPES,SHIPSTAGINGAREA,COMREF,SCBI
WAREHOUSE_AREA,WMSBY,LOGISTICS,Location,AREAS,"DELETED,ARCHIVED",COMREF,SCBI
WAREHOUSE_AREA,WMSBY,LOGISTICS,Location,LOCATIONTYPES,DISPATCHAREA,COMREF,SCBI
WAREHOUSE_AREA,WMSBY,LOGISTICS,Location,LOCATIONTYPES,CAPTURECATCHWEIGHTONDEPOSITFLAG,COMREF,SCBI
WAREHOUSE_AREA,WMSBY,LOGISTICS,Location,LOCATIONTYPES,CROSSDOCKAREA,COMREF,SCBI
WAREHOUSE_AREA,WMSBY,LOGISTICS,Location,AREAS,LOGICALAREA,COMREF,SCBI
WAREHOUSE_AREA,WMSBY,LOGISTICS,Location,LOCATIONTYPES,FOURWALLINVENTORY,COMREF,SCBI
WAREHOUSE_AREA,WMSBY,LOGISTICS,Location,LOCATIONTYPES,AUTOMATICALLYCLEARPROCESSINGAREA,COMREF,SCBI
WAREHOUSE_AREA,WMSBY,LOGISTICS,Location,LOCATIONTYPES,SHIPMENTAREA,COMREF,SCBI
WAREHOUSE_AREA,WMSBY,LOGISTICS,Location,LOCATIONTYPES,ALLOWFOLLOWTHELEADER,COMREF,SCBI
WAREHOUSE_AREA,WMSBY,LOGISTICS,Location,AREAS,LASTUPDATEDDATE,COMREF,SCBI
WAREHOUSE_AREA,WMSBY,LOGISTICS,Location,AREAS,"DSN,SITEID,AREA,DAASTRANSACTIONSEQUENCE",COMREF,SCBI
WAREHOUSE_AREA,WMSBY,LOGISTICS,Location,LOCATIONS,LOCATION,COMREF,SCBI
WAREHOUSE_AREA,WMSBY,LOGISTICS,Location,LOCATIONS,"DSN,LOCATION,DAASTRANSACTIONSEQUENCE",COMREF,SCBI
WAREHOUSE_AREA,WMSBY,LOGISTICS,Location,LOCATIONTYPES,RECEIVINGDOCK,COMREF,SCBI
WAREHOUSE_AREA,WMSBY,LOGISTICS,Location,LOCATIONTYPES,RECEIVINGSTAGINGAREA,COMREF,SCBI
WAREHOUSE_AREA,WMSBY,LOGISTICS,Location,LOCATIONTYPES,DISTRIBUTIONPROCESSING,COMREF,SCBI
WAREHOUSE_AREA,WMSBY,LOGISTICS,Location,AREAS,DSN,COMREF,SCBI
WAREHOUSE_AREA,WMSBY,LOGISTICS,Location,LOCATIONTYPES,SHIPPINGDOCK,COMREF,SCBI
WAREHOUSE_AREA,WMSBY,LOGISTICS,Location,LOCATIONTYPES,ADJUSTMENTSAREA,COMREF,SCBI
WAREHOUSE_AREA,WMSBY,LOGISTICS,Location,LOCATIONTYPES,PUTTOSTORE,COMREF,SCBI
WAREHOUSE_AREA,WMSBY,LOGISTICS,Location,LOCATIONTYPES,PROCESSINGAREA,COMREF,SCBI
WAREHOUSE_AREA,WMSBY,LOGISTICS,Location,AREAS,INSERTEDUSER,COMREF,SCBI
WAREHOUSE_AREA,WMSBY,LOGISTICS,Location,LOCATIONTYPES,ALLOWLOCATIONOVERRIDE,COMREF,SCBI
WAREHOUSE_AREA,WMSBY,LOGISTICS,Location,LOCATIONTYPES,LOCATIONTYPECATEGORY,COMREF,SCBI
WAREHOUSE_AREA,WMSBY,LOGISTICS,Location,AREAS,BUILDINGID,COMREF,SCBI
WAREHOUSE_AREA,WMSBY,LOGISTICS,Location,AREAS,"DSN,BUILDINGID, DAASTRANSACTIONSEQUENCE",COMREF,SCBI
WAREHOUSE_AREA,WMSBY,LOGISTICS,Location,LOCATIONTYPES,SIGNIFICANT,COMREF,SCBI
WAREHOUSE_AREA,WMSBY,LOGISTICS,Location,LOCATIONTYPES,EXPECTEDRECEIPTSAREA,COMREF,SCBI
WAREHOUSE_AREA,WMSBY,LOGISTICS,Location,LOCATIONTYPES,AUTOLOADPICKUPONCLOSE,COMREF,SCBI
WAREHOUSE_AREA,WMSBY,LOGISTICS,Location,LOCATIONTYPES,PRODUCTIONLINESTAGINGAREA,COMREF,SCBI
WAREHOUSE_AREA,WMSBY,LOGISTICS,Location,LOCATIONTYPES,RECEIVEWITHOUTORDERNONFOURWALLAREA,COMREF,SCBI
WAREHOUSE_AREA,WMSBY,LOGISTICS,Location,AREAS,"DSN,SITEID,DAASTRANSACTIONSEQUENCE",COMREF,SCBI
WAREHOUSE_AREA,WMSBY,LOGISTICS,Location,LOCATIONTYPES,SHAREPUTTOSTORELOCATIONS,COMREF,SCBI
WAREHOUSE_AREA,WMSBY,LOGISTICS,Location,LOCATIONTYPES,AUTOCARTONPICKUPONCLOSE,COMREF,SCBI
WAREHOUSE_AREA,WMSBY,LOGISTICS,Location,AREAS,SITEID,COMREF,SCBI
WAREHOUSE_AREA,WMSBY,LOGISTICS,Location,LOCATIONTYPES,DISTRIBUTION,COMREF,SCBI
WAREHOUSE_AREA,WMSBY,LOGISTICS,Location,LOCATIONTYPES,DEFAULTRECEIVINGINVENTORYSTATUS,COMREF,SCBI
WAREHOUSE_AREA,WMSBY,LOGISTICS,Location,LOCATIONTYPES,PURGEINVENTORYIMMEDIATEFLAG,COMREF,SCBI
WAREHOUSE_AREA,WMSBY,LOGISTICS,Location,LOCATIONTYPES,BACKFILLLOCATIONFLAG,COMREF,SCBI
WAREHOUSE_AREA,WMSBY,LOGISTICS,Location,LOCATIONTYPES,PRODUCTIONLINE,COMREF,SCBI
WAREHOUSE_AREA,WMSBY,LOGISTICS,Location,AREAS,,COMREF,SCBI
WAREHOUSE_STORAGE_LOCATION,WMSBY,LOGISTICS,Location,LOCATIONS,LOCATIONLOCKCODE,COMREF,SCBI
WAREHOUSE_STORAGE_LOCATION,WMSBY,LOGISTICS,Location,LOCATIONS,DOCKACCESSCODE,COMREF,SCBI
WAREHOUSE_STORAGE_LOCATION,WMSBY,LOGISTICS,Location,LOCATIONS,STAGINGLOCATION,COMREF,SCBI
WAREHOUSE_STORAGE_LOCATION,WMSBY,LOGISTICS,Location,LOCATIONS,,COMREF,SCBI
WAREHOUSE_STORAGE_LOCATION,WMSBY,LOGISTICS,Location,LOCATIONS,LOCATIONTYPEID,COMREF,SCBI
WAREHOUSE_STORAGE_LOCATION,WMSBY,LOGISTICS,Location,LOCATIONS,LOCATION,COMREF,SCBI
WAREHOUSE_STORAGE_LOCATION,WMSBY,LOGISTICS,Location,LOCATIONS,LOCATIONHEIGHT,COMREF,SCBI
WAREHOUSE_STORAGE_LOCATION,WMSBY,LOGISTICS,Location,LOCATIONS,MAXIMUMCAPACITY,COMREF,SCBI
WAREHOUSE_STORAGE_LOCATION,WMSBY,LOGISTICS,Location,LOCATIONS,CYCLECOUNTCLASSIFICATION,COMREF,SCBI
WAREHOUSE_STORAGE_LOCATION,WMSBY,LOGISTICS,Location,LOCATIONS,"DSN,WORKZONEID,DAASTRANSACTIONSEQUENCE",COMREF,SCBI
WAREHOUSE_STORAGE_LOCATION,WMSBY,LOGISTICS,Location,LOCATIONS,DEFAULTMAXIMUMCAPACITY,COMREF,SCBI
WAREHOUSE_STORAGE_LOCATION,WMSBY,LOGISTICS,Location,LOCATIONS,NUMBEROFCOUNTS,COMREF,SCBI
WAREHOUSE_STORAGE_LOCATION,WMSBY,LOGISTICS,Location,LOCATIONS,"DSN,SITEID,DAASTRANSACTIONSEQUENCE",COMREF,SCBI
WAREHOUSE_STORAGE_LOCATION,WMSBY,LOGISTICS,Location,LOCATIONS,SITEID,COMREF,SCBI
WAREHOUSE_STORAGE_LOCATION,WMSBY,LOGISTICS,Location,LOCATIONS,COUNTSEQUENCE,COMREF,SCBI
WAREHOUSE_STORAGE_LOCATION,WMSBY,LOGISTICS,Location,LOCATIONS,LOCATIONWIDTH,COMREF,SCBI
WAREHOUSE_STORAGE_LOCATION,WMSBY,LOGISTICS,Location,LOCATIONS,"DSN,PICKINGZONEID,DAASTRANSACTIONSEQUENCE",COMREF,SCBI
WAREHOUSE_STORAGE_LOCATION,WMSBY,LOGISTICS,Location,LOCATIONS,MOVEMENTZONEID,COMREF,SCBI
WAREHOUSE_STORAGE_LOCATION,WMSBY,LOGISTICS,Location,LOCATIONS,SECTION,COMREF,SCBI
WAREHOUSE_STORAGE_LOCATION,WMSBY,LOGISTICS,Location,LOCATIONS,Z,COMREF,SCBI
WAREHOUSE_STORAGE_LOCATION,WMSBY,LOGISTICS,Location,LOCATIONS,AISLE,COMREF,SCBI
WAREHOUSE_STORAGE_LOCATION,WMSBY,LOGISTICS,Location,LOCATIONS,DSN,COMREF,SCBI
WAREHOUSE_STORAGE_LOCATION,WMSBY,LOGISTICS,Location,LOCATIONS,"DSN,MOVEMENTZONEID,DAASTRANSACTIONSEQUENCE",COMREF,SCBI
WAREHOUSE_STORAGE_LOCATION,WMSBY,LOGISTICS,Location,LOCATIONS,BILLINGFLAG,COMREF,SCBI
WAREHOUSE_STORAGE_LOCATION,WMSBY,LOGISTICS,Location,LOCATIONS,"DSN,COUNTZONEID,DAASTRANSACTIONSEQUENCE",COMREF,SCBI
WAREHOUSE_STORAGE_LOCATION,WMSBY,LOGISTICS,Location,LOCATIONS,INSERTEDUSER,COMREF,SCBI
WAREHOUSE_STORAGE_LOCATION,WMSBY,LOGISTICS,Location,LOCATIONS,LOCATIONCAPACITYCODE,COMREF,SCBI
WAREHOUSE_STORAGE_LOCATION,WMSBY,LOGISTICS,Location,LOCATIONS,X,COMREF,SCBI
WAREHOUSE_STORAGE_LOCATION,WMSBY,LOGISTICS,Location,LOCATIONS,LOCATIONACCESS,COMREF,SCBI
WAREHOUSE_STORAGE_LOCATION,WMSBY,LOGISTICS,Location,LOCATIONS,LOCATIONSTATUS,COMREF,SCBI
WAREHOUSE_STORAGE_LOCATION,WMSBY,LOGISTICS,Location,LOCATIONS,BAY,COMREF,SCBI
WAREHOUSE_STORAGE_LOCATION,WMSBY,LOGISTICS,Location,LOCATIONS,LASTUPDATEDDATE,COMREF,SCBI
WAREHOUSE_STORAGE_LOCATION,WMSBY,LOGISTICS,Location,LOCATIONS,USEDCAPACITY,COMREF,SCBI
WAREHOUSE_STORAGE_LOCATION,WMSBY,LOGISTICS,Location,LOCATIONS,PENDINGCAPACITY,COMREF,SCBI
WAREHOUSE_STORAGE_LOCATION,WMSBY,LOGISTICS,Location,LOCATIONS,LOCATIONUSABLE,COMREF,SCBI
WAREHOUSE_STORAGE_LOCATION,WMSBY,LOGISTICS,Location,LOCATIONS,AUTOMOVE,COMREF,SCBI
WAREHOUSE_STORAGE_LOCATION,WMSBY,LOGISTICS,Location,LOCATIONS,ASSIGNMENT,COMREF,SCBI
WAREHOUSE_STORAGE_LOCATION,WMSBY,LOGISTICS,Location,LOCATIONS,BOTTOMRIGHTY,COMREF,SCBI
WAREHOUSE_STORAGE_LOCATION,WMSBY,LOGISTICS,Location,LOCATIONS,TOPLEFTX,COMREF,SCBI
WAREHOUSE_STORAGE_LOCATION,WMSBY,LOGISTICS,Location,LOCATIONS,Y,COMREF,SCBI
WAREHOUSE_STORAGE_LOCATION,WMSBY,LOGISTICS,Location,LOCATIONS,BOTTOMLEFTX,COMREF,SCBI
WAREHOUSE_STORAGE_LOCATION,WMSBY,LOGISTICS,Location,LOCATIONS,BOTTOMLEFTY,COMREF,SCBI
WAREHOUSE_STORAGE_LOCATION,WMSBY,LOGISTICS,Location,LOCATIONS,TOPRIGHTX,COMREF,SCBI
WAREHOUSE_STORAGE_LOCATION,WMSBY,LOGISTICS,Location,LOCATIONS,PERMANENTLYASSIGNED,COMREF,SCBI
WAREHOUSE_STORAGE_LOCATION,WMSBY,LOGISTICS,Location,LOCATIONS,LASTACTIVITYCODE,COMREF,SCBI
WAREHOUSE_STORAGE_LOCATION,WMSBY,LOGISTICS,Location,LOCATIONS,COUNTDATE,COMREF,SCBI
WAREHOUSE_STORAGE_LOCATION,WMSBY,LOGISTICS,Location,LOCATIONS,LEVEL,COMREF,SCBI
WAREHOUSE_STORAGE_LOCATION,WMSBY,LOGISTICS,Location,LOCATIONS,REPLENISHMENT,COMREF,SCBI
WAREHOUSE_STORAGE_LOCATION,WMSBY,LOGISTICS,Location,LOCATIONS,TOPLEFTY,COMREF,SCBI
WAREHOUSE_STORAGE_LOCATION,WMSBY,LOGISTICS,Location,LOCATIONS,"DELETED,ARCHIVED",COMREF,SCBI
WAREHOUSE_STORAGE_LOCATION,WMSBY,LOGISTICS,Location,LOCATIONS,"DSN,STORAGEZONEID,DAASTRANSACTIONSEQUENCE",COMREF,SCBI
WAREHOUSE_STORAGE_LOCATION,WMSBY,LOGISTICS,Location,LOCATIONS,VELOCITYCLASSIFICATION,COMREF,SCBI
WAREHOUSE_STORAGE_LOCATION,WMSBY,LOGISTICS,Location,LOCATIONS,"DSN,LOCATIONTYPEID,DAASTRANSACTIONSEQUENCE",COMREF,SCBI
WAREHOUSE_STORAGE_LOCATION,WMSBY,LOGISTICS,Location,LOCATIONS,BACKFILLLOCATION,COMREF,SCBI
WAREHOUSE_STORAGE_LOCATION,WMSBY,LOGISTICS,Location,LOCATIONS,AREA,COMREF,SCBI
WAREHOUSE_STORAGE_LOCATION,WMSBY,LOGISTICS,Location,LOCATIONS,"DSN,SITEID,LOCATION,DAASTRANSACTIONSEQUENCE",COMREF,SCBI
WAREHOUSE_STORAGE_LOCATION,WMSBY,LOGISTICS,Location,LOCATIONS,MAXWEIGHT,COMREF,SCBI
WAREHOUSE_STORAGE_LOCATION,WMSBY,LOGISTICS,Location,LOCATIONS,DEVICECODE,COMREF,SCBI
WAREHOUSE_STORAGE_LOCATION,WMSBY,LOGISTICS,Location,LOCATIONS,STORABLE,COMREF,SCBI
WAREHOUSE_STORAGE_LOCATION,WMSBY,LOGISTICS,Location,LOCATIONS,STORAGESEQUENCE,COMREF,SCBI
WAREHOUSE_STORAGE_LOCATION,WMSBY,LOGISTICS,Location,LOCATIONS,LOCATIONLENGTH,COMREF,SCBI
WAREHOUSE_STORAGE_LOCATION,WMSBY,LOGISTICS,Location,LOCATIONS,HDISDELETEDRECORD,COMREF,SCBI
WAREHOUSE_STORAGE_LOCATION,WMSBY,LOGISTICS,Location,LOCATIONS,INSERTEDDATE,COMREF,SCBI
WAREHOUSE_STORAGE_LOCATION,WMSBY,LOGISTICS,Location,LOCATIONS,"DSN,SITEID,AREA,DAASTRANSACTIONSEQUENCE",COMREF,SCBI
WAREHOUSE_STORAGE_LOCATION,WMSBY,LOGISTICS,Location,LOCATIONS,STORAGEZONEID,COMREF,SCBI
WAREHOUSE_STORAGE_LOCATION,WMSBY,LOGISTICS,Location,LOCATIONS,COUNTINPROGRESS,COMREF,SCBI
WAREHOUSE_STORAGE_LOCATION,WMSBY,LOGISTICS,Location,LOCATIONS,BOTTOMRIGHTX,COMREF,SCBI
WAREHOUSE_STORAGE_LOCATION,WMSBY,LOGISTICS,Location,LOCATIONS,BORDERPADDING,COMREF,SCBI
WAREHOUSE_STORAGE_LOCATION,WMSBY,LOGISTICS,Location,LOCATIONS,COUNTZONEID,COMREF,SCBI
WAREHOUSE_STORAGE_LOCATION,WMSBY,LOGISTICS,Location,LOCATIONS,LOCATIONPOSITION,COMREF,SCBI
WAREHOUSE_STORAGE_LOCATION,WMSBY,LOGISTICS,Location,LOCATIONS,RECEIVINGRESOURCECODE,COMREF,SCBI
WAREHOUSE_STORAGE_LOCATION,WMSBY,LOGISTICS,Location,LOCATIONS,PRODUCTIONLINE,COMREF,SCBI
WAREHOUSE_STORAGE_LOCATION,WMSBY,LOGISTICS,Location,LOCATIONS,BACKFILLAISLE,COMREF,SCBI
WAREHOUSE_STORAGE_LOCATION,WMSBY,LOGISTICS,Location,LOCATIONS,PICKINGZONEID,COMREF,SCBI
WAREHOUSE_STORAGE_LOCATION,WMSBY,LOGISTICS,Location,LOCATIONS,PICKABLE,COMREF,SCBI
WAREHOUSE_STORAGE_LOCATION,WMSBY,LOGISTICS,Location,LOCATIONS,WORKZONEID,COMREF,SCBI
WAREHOUSE_STORAGE_LOCATION,WMSBY,LOGISTICS,Location,LOCATIONS,LASTACTIVITYDATETIME,COMREF,SCBI
WAREHOUSE_STORAGE_LOCATION,WMSBY,LOGISTICS,Location,LOCATIONS,LASTUPDATEDUSER,COMREF,SCBI
WAREHOUSE_STORAGE_LOCATION,WMSBY,LOGISTICS,Location,LOCATIONS,TOPRIGHTY,COMREF,SCBI
LOOKUP_VALUES,XELUS,ALL,XELUS_LOCATION_TO_SOURCE_MAPPING,IF_XELUS_TO_SOURCE_MAP,,COMREF,AAI
LOOKUP_VALUES,XELUS,ALL,XELUS_LOCATION_TO_SOURCE_MAPPING,,,COMREF,AAI
LOOKUP_VALUES,XELUS,ALL,XELUS_LOCATION_TO_SOURCE_MAPPING,IF_XELUS_TO_SOURCE_MAP,SOURCE_SYSTEM,COMREF,AAI
LOOKUP_VALUES,XELUS,ALL,XELUS_LOCATION_TO_SOURCE_MAPPING,IF_XELUS_TO_SOURCE_MAP,LOCATION,COMREF,AAI
LOOKUP_VALUES,XELUS,ALL,XELUS_LOCATION_TO_SOURCE_MAPPING,IF_XELUS_TO_SOURCE_MAP,HDISDELETEDRECORD,COMREF,AAI
LOOKUP_VALUES,XELUS,ALL,XELUS_LOCATION_TO_SOURCE_MAPPING,IF_XELUS_TO_SOURCE_MAP,DSN,COMREF,AAI
LOOKUP_VALUES,XELUS,ALL,XELUS_LOCATION_TO_SOURCE_MAPPING,IF_XELUS_TO_SOURCE_MAP,MSBI_SOURCE,COMREF,AAI
LOOKUP_VALUES,XELUS,ALL,XELUS_LOCATION_TO_SOURCE_MAPPING,IF_XELUS_TO_SOURCE_MAP,WAREHOUSE,COMREF,AAI
PLANNER,XELUS,,,IF_PART,DL_HDP_MODIFIEDDTM,COMREF,AAI
PLANNER,XELUS,,,IF_PART_XELUS,PLNR_BUYR_NAME,COMREF,AAI
PLANNER,XELUS,,,,,COMREF,AAI
PLANNER,XELUS,,,IF_PART,DL_HDP_CREATEDDTM,COMREF,AAI
PLANNER,XELUS,,,IF_PART,PLANNER_CODE,COMREF,AAI
PLANNER,XELUS,,,IF_PART,HDISDELETEDRECORD,COMREF,AAI
PRODUCT,XELUS,PRODUCT,Product,IF_PART_XELUS,CURR_SALES_STAT_CODE,COMREF,AAI
PRODUCT,XELUS,PRODUCT,Product,IF_PART_XELUS,DEF_MSC_CODE,COMREF,AAI
PRODUCT,XELUS,PRODUCT,Product,IF_PART_XELUS,DISP_CODE ,COMREF,AAI
PRODUCT,XELUS,PRODUCT,Product,IF_PART_XELUS,FUTR_EFF_CODE ,COMREF,AAI
PRODUCT,XELUS,PRODUCT,Product,IF_PART_XELUS,PART_DESC,COMREF,AAI
PRODUCT,XELUS,PRODUCT,Product,IF_PART_XELUS,FUTR_SALES_STAT_CODE,COMREF,AAI
PRODUCT,XELUS,PRODUCT,Product,IF_PART_XELUS,C_D_RX ,COMREF,AAI
PRODUCT,XELUS,PRODUCT,Product,IF_PART_XELUS,BROKERED_PART_FLAG,COMREF,AAI
PRODUCT,XELUS,PRODUCT,Product,IF_PART,ABC_CODE ,COMREF,AAI
PRODUCT,XELUS,PRODUCT,Product,IF_PART_XELUS,FUTR_SALES_STAT_CODE_EFF_DT,COMREF,AAI
PRODUCT,XELUS,PRODUCT,Product,IF_PART_XELUS,create_dt,COMREF,AAI
PRODUCT,XELUS,PRODUCT,Product,IF_PART_XELUS,update_dt,COMREF,AAI
PRODUCT,XELUS,PRODUCT,Product,,SOURCE_SYSTEM,COMREF,AAI
PRODUCT,XELUS,PRODUCT,Product,IF_PART_XELUS,FIN_SUB_BUS_CODE,COMREF,AAI
PRODUCT,XELUS,PRODUCT,Product,IF_PART_XELUS,QTY_IN_CARTON,COMREF,AAI
PRODUCT,XELUS,PRODUCT,Product,IF_PART_XELUS,CURR_EFFECT_CODE,COMREF,AAI
PRODUCT,XELUS,PRODUCT,Product,IF_PART_XELUS,FIN_RESP_CODE,COMREF,AAI
PRODUCT,XELUS,PRODUCT,Product,IF_PART_XELUS,DSN,COMREF,AAI
PRODUCT,XELUS,PRODUCT,Product,IF_PART_XELUS,PART_NO,COMREF,AAI
PRODUCT,XELUS,PRODUCT,Product,IF_PART_XELUS,CURRENT_SALES_STAT_CODE_EFF_DT,COMREF,AAI
PRODUCT,XELUS,PRODUCT,Product,IF_PART_XELUS,MAKE_TO_ORDER ,COMREF,AAI
PRODUCT,XELUS,PRODUCT,Product,IF_PART_XELUS,create_by,COMREF,AAI
PRODUCT,XELUS,PRODUCT,Product,IF_PART_XELUS,HDISDELETEDRECORD ,COMREF,AAI
PRODUCT,XELUS,PRODUCT,Product,,,COMREF,AAI
PRODUCT,XELUS,PRODUCT,Product,IF_PART_XELUS,update_by,COMREF,AAI
PRODUCT,XELUS,PRODUCT,Product,IF_PART_XELUS,FIN_BUS_CODE,COMREF,AAI
PRODUCT,XELUS,PRODUCT,Product,IF_PART_XELUS,FUTR_EFF_CODE_EFF_DT,COMREF,AAI
PRODUCT,XELUS,PRODUCT,Product,IF_PART,PLANNER_CODE,COMREF,AAI
PRODUCT,XELUS,PRODUCT,Product,IF_PART_XELUS,,COMREF,AAI
PRODUCT,XELUS,PRODUCT,Product,IF_PART_XELUS,CURRENT_EFFECT_CODE_EFF_DT,COMREF,AAI
PRODUCT,XELUS,PRODUCT,Product,IF_PART,STD_COST,COMREF,AAI
PRODUCT,XELUS,PRODUCT,Product,IF_PART,MAIN_LOCATION,COMREF,AAI
PRODUCT,XELUS,PRODUCT,Product,IF_PART_XELUS,FLOW_THRU_FLAG,COMREF,AAI
PRODUCT_LOCATION,XELUS,"LOCATION, PRODUCT",,IF_PART_ATTRIBUTE,CREATE_DT,COMREF,SCBI
PRODUCT_LOCATION,XELUS,"LOCATION, PRODUCT",,IF_PART_ATTRIBUTE,PART_NO,COMREF,SCBI
PRODUCT_LOCATION,XELUS,"LOCATION, PRODUCT",,IF_PART_ATTRIBUTE,CREATE_BY,COMREF,SCBI
PRODUCT_LOCATION,XELUS,"LOCATION, PRODUCT",,IF_PART_ATTRIBUTE,DEF_MSC_CODE,COMREF,SCBI
PRODUCT_LOCATION,XELUS,"LOCATION, PRODUCT",,IF_PART_ATTRIBUTE,DSN,COMREF,SCBI
PRODUCT_LOCATION,XELUS,"LOCATION, PRODUCT",,IF_PART_ATTRIBUTE,HDISDELETEDRECORD ,COMREF,SCBI
PRODUCT_LOCATION,XELUS,"LOCATION, PRODUCT",,,,COMREF,SCBI
PRODUCT_LOCATION,XELUS,"LOCATION, PRODUCT",,IF_PART_ATTRIBUTE,TYPE_CODE,COMREF,SCBI
PRODUCT_LOCATION,XELUS,"LOCATION, PRODUCT",,IF_PART_ATTRIBUTE,SOURCE_SYSTEM,COMREF,SCBI
PRODUCT_LOCATION,XELUS,"LOCATION, PRODUCT",,IF_PART_ATTRIBUTE,"DSN,SOURCE_SYSTEM,PART_NO",COMREF,SCBI
PRODUCT_LOCATION,XELUS,"LOCATION, PRODUCT",,IF_PART_ATTRIBUTE,UPDATE_BY,COMREF,SCBI
PRODUCT_LOCATION,XELUS,"LOCATION, PRODUCT",,IF_PART_ATTRIBUTE,WAREHOUSE,COMREF,SCBI
PRODUCT_LOCATION,XELUS,"LOCATION, PRODUCT",,IF_PART_ATTRIBUTE,"DSN,SOURCE_SYSTEM,WAREHOUSE,PART_NO",COMREF,SCBI
PRODUCT_LOCATION,XELUS,"LOCATION, PRODUCT",,IF_PART_ATTRIBUTE,UPDATE_DT,COMREF,SCBI
PRODUCT_PLANNING,XELUS,PRODUCT,,IF_PART_XELUS,PART_NO,COMREF,AAI
PRODUCT_PLANNING,XELUS,PRODUCT,,IF_PART_XELUS,PLNR_BUYR,COMREF,AAI
PRODUCT_PLANNING,XELUS,PRODUCT,,IF_PART_XELUS,INACTV_OBS_FLAG,COMREF,AAI
PRODUCT_PLANNING,XELUS,PRODUCT,,IF_PART_XELUS,TYPE_CODE,COMREF,AAI
PRODUCT_PLANNING,XELUS,PRODUCT,,IF_PART_XELUS,DSN,COMREF,AAI
PRODUCT_PLANNING,XELUS,PRODUCT,,IF_PART_XELUS,PART_DESC,COMREF,AAI
PRODUCT_PLANNING,XELUS,PRODUCT,,IF_PART_XELUS,MAKE_TO_ORDER,COMREF,AAI
PRODUCT_PLANNING,XELUS,PRODUCT,,IF_PART_XELUS,SOURCE_SYSTEM,COMREF,AAI
PRODUCT_PLANNING,XELUS,PRODUCT,,,,COMREF,AAI
PRODUCT_PLANNING,XELUS,PRODUCT,,IF_PART_XELUS,,COMREF,AAI
PRODUCT_PLANNING,XELUS,PRODUCT,,IF_PART_XELUS,PLNR_BUYR_NAME,COMREF,AAI
PRODUCT_PLANNING,XELUS,PRODUCT,,IF_PART_XELUS,UPDATE_BY,COMREF,AAI
PRODUCT_PLANNING,XELUS,PRODUCT,,IF_PART_XELUS,CREATE_BY,COMREF,AAI
PRODUCT_SUPERSESSION,XELUS,PRODUCT,Product,IF_PART_XELUS,CREATE_BY,COMREF,AAI
PRODUCT_SUPERSESSION,XELUS,PRODUCT,Product,IF_PART_XELUS,DSN,COMREF,AAI
PRODUCT_SUPERSESSION,XELUS,PRODUCT,Product,IF_PART_XELUS,UPDATE_DT,COMREF,AAI
PRODUCT_SUPERSESSION,XELUS,PRODUCT,Product,IF_PART_XELUS,CREATE_DT,COMREF,AAI
PRODUCT_SUPERSESSION,XELUS,PRODUCT,Product,IF_PART_XELUS,PHASE_OUT_DATE,COMREF,AAI
PRODUCT_SUPERSESSION,XELUS,PRODUCT,Product,IF_PART_XELUS,UPDATE_BY,COMREF,AAI
PRODUCT_SUPERSESSION,XELUS,PRODUCT,Product,IF_PART_XELUS,PART_NO,COMREF,AAI
PRODUCT_SUPERSESSION,XELUS,PRODUCT,Product,,,COMREF,AAI
PRODUCT_SUPERSESSION,XELUS,PRODUCT,Product,IF_PART_XELUS,HDISDELETEDRECORD,COMREF,AAI
PRODUCT_SUPERSESSION,XELUS,PRODUCT,Product,IF_PART_XELUS,,COMREF,AAI
PRODUCT_SUPERSESSION,XELUS,PRODUCT,Product,IF_PART_XELUS,SUPERSESSION_TYPE_FLAG,COMREF,AAI
PRODUCT_SUPERSESSION,XELUS,PRODUCT,Product,IF_PART_XELUS,SUPERSEDING_PART_NO,COMREF,AAI
PRODUCT_SUPPLIER,XELUS,"PRODUCT, SUPPLIER",PRODUCT,IF_SUPPLIER_PARTS,MSC_CODE,COMREF,AAI
PRODUCT_SUPPLIER,XELUS,"PRODUCT, SUPPLIER",PRODUCT,IF_SUPPLIER_PARTS,MIN_ORDER_QUANTITY,COMREF,AAI
PRODUCT_SUPPLIER,XELUS,"PRODUCT, SUPPLIER",PRODUCT,IF_SUPPLIER_PARTS,PART_NO,COMREF,AAI
PRODUCT_SUPPLIER,XELUS,"PRODUCT, SUPPLIER",PRODUCT,IF_SUPPLIER_PARTS,SOURCE_SYSTEM,COMREF,AAI
PRODUCT_SUPPLIER,XELUS,"PRODUCT, SUPPLIER",PRODUCT,IF_SUPPLIER_PARTS,PREFERRED_FLAG,COMREF,AAI
PRODUCT_SUPPLIER,XELUS,"PRODUCT, SUPPLIER",PRODUCT,IF_SUPPLIER_PARTS,WAREHOUSE,COMREF,AAI
PRODUCT_SUPPLIER,XELUS,"PRODUCT, SUPPLIER",PRODUCT,IF_SUPPLIER_PARTS,PURCHASE_LEADTIME,COMREF,AAI
PRODUCT_SUPPLIER,XELUS,"PRODUCT, SUPPLIER",PRODUCT,,,COMREF,AAI
PRODUCT_SUPPLIER,XELUS,"PRODUCT, SUPPLIER",PRODUCT,IF_SUPPLIER_PARTS,COMPANY_CODE,COMREF,AAI
PRODUCT_SUPPLIER,XELUS,"PRODUCT, SUPPLIER",PRODUCT,IF_SUPPLIER_PARTS,,COMREF,AAI
PRODUCT_SUPPLIER,XELUS,"PRODUCT, SUPPLIER",PRODUCT,IF_SUPPLIER_PARTS,ORDER_MULTIPLE,COMREF,AAI
SUPPLIER_SITE,XELUS,SUPPLIER,SUPPLIER_SITE,IF_SUPPLIER,STATE_CODE,COMREF,AAI
SUPPLIER_SITE,XELUS,SUPPLIER,SUPPLIER_SITE,IF_SUPPLIER,ADDRESS_LINE_ONE,COMREF,AAI
SUPPLIER_SITE,XELUS,SUPPLIER,SUPPLIER_SITE,,,COMREF,AAI
SUPPLIER_SITE,XELUS,SUPPLIER,SUPPLIER_SITE,IF_SUPPLIER,COUNTRY_CODE,COMREF,AAI
SUPPLIER_SITE,XELUS,SUPPLIER,SUPPLIER_SITE,IF_SUPPLIER,COMPANY_NAME,COMREF,AAI
SUPPLIER_SITE,XELUS,SUPPLIER,SUPPLIER_SITE,IF_SUPPLIER,COMPANY_CODE,COMREF,AAI
SUPPLIER_SITE,XELUS,SUPPLIER,SUPPLIER_SITE,IF_SUPPLIER,CREATE_BY,COMREF,AAI
SUPPLIER_SITE,XELUS,SUPPLIER,SUPPLIER_SITE,IF_SUPPLIER,ADDRESS_LINE_THREE,COMREF,AAI
SUPPLIER_SITE,XELUS,SUPPLIER,SUPPLIER_SITE,IF_SUPPLIER,UPDATE_DT,COMREF,AAI
SUPPLIER_SITE,XELUS,SUPPLIER,SUPPLIER_SITE,IF_SUPPLIER,UPDATE_BY,COMREF,AAI
SUPPLIER_SITE,XELUS,SUPPLIER,SUPPLIER_SITE,IF_SUPPLIER,COMPANY_PHONE,COMREF,AAI
SUPPLIER_SITE,XELUS,SUPPLIER,SUPPLIER_SITE,IF_SUPPLIER,POSTAL_CODE,COMREF,AAI
SUPPLIER_SITE,XELUS,SUPPLIER,SUPPLIER_SITE,IF_SUPPLIER,CITY_NAME,COMREF,AAI
SUPPLIER_SITE,XELUS,SUPPLIER,SUPPLIER_SITE,IF_SUPPLIER,CREATE_DT,COMREF,AAI
SUPPLIER_SITE,XELUS,SUPPLIER,SUPPLIER_SITE,IF_SUPPLIER,SITE_NO,COMREF,AAI
SUPPLIER_SITE,XELUS,SUPPLIER,SUPPLIER_SITE,IF_SUPPLIER,ADDRESS_LINE_TWO,COMREF,AAI
SUPPLIER_SITE,XELUS,SUPPLIER,SUPPLIER_SITE,IF_SUPPLIER,SOURCE_SYSTEM,COMREF,AAI
